2026-04-10 12:09:19,721 [evotrade.main] INFO: EvoTrade AI FastAPI started ✅
2026-04-10 12:14:55,948 [evotrade.main] INFO: EvoTrade AI FastAPI started ✅
2026-04-10 12:15:37,957 [apscheduler.scheduler] INFO: Adding job tentatively -- it will be properly scheduled when the scheduler starts
2026-04-10 12:15:37,958 [apscheduler.scheduler] INFO: Adding job tentatively -- it will be properly scheduled when the scheduler starts
2026-04-10 12:15:37,958 [apscheduler.scheduler] INFO: Added job "TradingEngine._trading_cycle" to job store "default"
2026-04-10 12:15:37,959 [apscheduler.scheduler] INFO: Added job "TradingEngine._evolution_cycle" to job store "default"
2026-04-10 12:15:37,959 [apscheduler.scheduler] INFO: Scheduler started
2026-04-10 12:16:07,962 [apscheduler.executors.default] INFO: Running job "TradingEngine._trading_cycle (trigger: interval[0:00:30], next run at: 2026-04-10 12:16:37 PKT)" (scheduled at 2026-04-10 12:16:07.956898+05:00)
2026-04-10 12:16:08,609 [apscheduler.executors.default] INFO: Job "TradingEngine._trading_cycle (trigger: interval[0:00:30], next run at: 2026-04-10 12:16:37 PKT)" executed successfully
2026-04-10 12:16:37,963 [apscheduler.executors.default] INFO: Running job "TradingEngine._trading_cycle (trigger: interval[0:00:30], next run at: 2026-04-10 12:17:07 PKT)" (scheduled at 2026-04-10 12:16:37.956898+05:00)
2026-04-10 12:16:38,679 [apscheduler.executors.default] INFO: Job "TradingEngine._trading_cycle (trigger: interval[0:00:30], next run at: 2026-04-10 12:17:07 PKT)" executed successfully
2026-04-10 12:18:16,665 [evotrade.main] INFO: EvoTrade AI FastAPI started ✅
2026-04-10 12:18:41,247 [apscheduler.scheduler] INFO: Adding job tentatively -- it will be properly scheduled when the scheduler starts
2026-04-10 12:18:41,248 [apscheduler.scheduler] INFO: Adding job tentatively -- it will be properly scheduled when the scheduler starts
2026-04-10 12:18:41,248 [apscheduler.scheduler] INFO: Added job "TradingEngine._trading_cycle" to job store "default"
2026-04-10 12:18:41,248 [apscheduler.scheduler] INFO: Added job "TradingEngine._evolution_cycle" to job store "default"
2026-04-10 12:18:41,248 [apscheduler.scheduler] INFO: Scheduler started
2026-04-10 12:19:11,254 [apscheduler.executors.default] INFO: Running job "TradingEngine._trading_cycle (trigger: interval[0:00:30], next run at: 2026-04-10 12:19:41 PKT)" (scheduled at 2026-04-10 12:19:11.247207+05:00)
2026-04-10 12:19:14,316 [apscheduler.executors.default] INFO: Job "TradingEngine._trading_cycle (trigger: interval[0:00:30], next run at: 2026-04-10 12:19:41 PKT)" executed successfully
2026-04-10 12:19:41,259 [apscheduler.executors.default] INFO: Running job "TradingEngine._trading_cycle (trigger: interval[0:00:30], next run at: 2026-04-10 12:20:11 PKT)" (scheduled at 2026-04-10 12:19:41.247207+05:00)
2026-04-10 12:19:44,555 [apscheduler.executors.default] INFO: Job "TradingEngine._trading_cycle (trigger: interval[0:00:30], next run at: 2026-04-10 12:20:11 PKT)" executed successfully
2026-04-10 12:20:11,253 [apscheduler.executors.default] INFO: Running job "TradingEngine._trading_cycle (trigger: interval[0:00:30], next run at: 2026-04-10 12:20:41 PKT)" (scheduled at 2026-04-10 12:20:11.247207+05:00)
2026-04-10 12:20:14,917 [apscheduler.executors.default] INFO: Job "TradingEngine._trading_cycle (trigger: interval[0:00:30], next run at: 2026-04-10 12:20:41 PKT)" executed successfully
2026-04-10 12:20:41,260 [apscheduler.executors.default] INFO: Running job "TradingEngine._trading_cycle (trigger: interval[0:00:30], next run at: 2026-04-10 12:21:11 PKT)" (scheduled at 2026-04-10 12:20:41.247207+05:00)
2026-04-10 12:20:57,183 [apscheduler.executors.default] INFO: Job "TradingEngine._trading_cycle (trigger: interval[0:00:30], next run at: 2026-04-10 12:21:11 PKT)" executed successfully
2026-04-10 12:21:11,256 [apscheduler.executors.default] INFO: Running job "TradingEngine._trading_cycle (trigger: interval[0:00:30], next run at: 2026-04-10 12:21:41 PKT)" (scheduled at 2026-04-10 12:21:11.247207+05:00)
2026-04-10 12:21:22,824 [apscheduler.executors.default] INFO: Job "TradingEngine._trading_cycle (trigger: interval[0:00:30], next run at: 2026-04-10 12:21:41 PKT)" executed successfully
2026-04-10 12:21:41,255 [apscheduler.executors.default] INFO: Running job "TradingEngine._trading_cycle (trigger: interval[0:00:30], next run at: 2026-04-10 12:22:11 PKT)" (scheduled at 2026-04-10 12:21:41.247207+05:00)
2026-04-10 12:21:46,298 [apscheduler.executors.default] INFO: Job "TradingEngine._trading_cycle (trigger: interval[0:00:30], next run at: 2026-04-10 12:22:11 PKT)" executed successfully
2026-04-10 12:22:11,252 [apscheduler.executors.default] INFO: Running job "TradingEngine._trading_cycle (trigger: interval[0:00:30], next run at: 2026-04-10 12:22:41 PKT)" (scheduled at 2026-04-10 12:22:11.247207+05:00)
2026-04-10 12:22:15,125 [apscheduler.executors.default] INFO: Job "TradingEngine._trading_cycle (trigger: interval[0:00:30], next run at: 2026-04-10 12:22:41 PKT)" executed successfully
2026-04-10 12:22:41,256 [apscheduler.executors.default] INFO: Running job "TradingEngine._trading_cycle (trigger: interval[0:00:30], next run at: 2026-04-10 12:23:11 PKT)" (scheduled at 2026-04-10 12:22:41.247207+05:00)
2026-04-10 12:22:45,374 [apscheduler.executors.default] INFO: Job "TradingEngine._trading_cycle (trigger: interval[0:00:30], next run at: 2026-04-10 12:23:11 PKT)" executed successfully
2026-04-10 12:23:11,252 [apscheduler.executors.default] INFO: Running job "TradingEngine._trading_cycle (trigger: interval[0:00:30], next run at: 2026-04-10 12:23:41 PKT)" (scheduled at 2026-04-10 12:23:11.247207+05:00)
2026-04-10 12:23:16,510 [apscheduler.executors.default] INFO: Job "TradingEngine._trading_cycle (trigger: interval[0:00:30], next run at: 2026-04-10 12:23:41 PKT)" executed successfully
2026-04-10 12:23:41,251 [apscheduler.executors.default] INFO: Running job "TradingEngine._trading_cycle (trigger: interval[0:00:30], next run at: 2026-04-10 12:24:11 PKT)" (scheduled at 2026-04-10 12:23:41.247207+05:00)
2026-04-10 12:23:45,196 [apscheduler.executors.default] INFO: Job "TradingEngine._trading_cycle (trigger: interval[0:00:30], next run at: 2026-04-10 12:24:11 PKT)" executed successfully
2026-04-10 12:24:11,252 [apscheduler.executors.default] INFO: Running job "TradingEngine._trading_cycle (trigger: interval[0:00:30], next run at: 2026-04-10 12:24:41 PKT)" (scheduled at 2026-04-10 12:24:11.247207+05:00)
2026-04-10 12:24:15,970 [apscheduler.executors.default] INFO: Job "TradingEngine._trading_cycle (trigger: interval[0:00:30], next run at: 2026-04-10 12:24:41 PKT)" executed successfully
2026-04-10 12:24:41,252 [apscheduler.executors.default] INFO: Running job "TradingEngine._trading_cycle (trigger: interval[0:00:30], next run at: 2026-04-10 12:25:11 PKT)" (scheduled at 2026-04-10 12:24:41.247207+05:00)
2026-04-10 12:24:45,854 [apscheduler.executors.default] INFO: Job "TradingEngine._trading_cycle (trigger: interval[0:00:30], next run at: 2026-04-10 12:25:11 PKT)" executed successfully
2026-04-10 12:25:11,254 [apscheduler.executors.default] INFO: Running job "TradingEngine._trading_cycle (trigger: interval[0:00:30], next run at: 2026-04-10 12:25:41 PKT)" (scheduled at 2026-04-10 12:25:11.247207+05:00)
2026-04-10 12:25:15,884 [apscheduler.executors.default] INFO: Job "TradingEngine._trading_cycle (trigger: interval[0:00:30], next run at: 2026-04-10 12:25:41 PKT)" executed successfully
2026-04-10 12:25:33,105 [evotrade.main] INFO: EvoTrade AI FastAPI started ✅
2026-04-10 12:26:07,809 [apscheduler.scheduler] INFO: Adding job tentatively -- it will be properly scheduled when the scheduler starts
2026-04-10 12:26:07,810 [apscheduler.scheduler] INFO: Adding job tentatively -- it will be properly scheduled when the scheduler starts
2026-04-10 12:26:07,811 [apscheduler.scheduler] INFO: Added job "TradingEngine._trading_cycle" to job store "default"
2026-04-10 12:26:07,811 [apscheduler.scheduler] INFO: Added job "TradingEngine._evolution_cycle" to job store "default"
2026-04-10 12:26:07,811 [apscheduler.scheduler] INFO: Scheduler started
2026-04-10 12:26:37,814 [apscheduler.executors.default] INFO: Running job "TradingEngine._trading_cycle (trigger: interval[0:00:30], next run at: 2026-04-10 12:26:37 PKT)" (scheduled at 2026-04-10 12:26:37.809338+05:00)
2026-04-10 12:26:41,955 [apscheduler.executors.default] INFO: Job "TradingEngine._trading_cycle (trigger: interval[0:00:30], next run at: 2026-04-10 12:27:07 PKT)" executed successfully
2026-04-10 12:27:07,816 [apscheduler.executors.default] INFO: Running job "TradingEngine._trading_cycle (trigger: interval[0:00:30], next run at: 2026-04-10 12:27:37 PKT)" (scheduled at 2026-04-10 12:27:07.809338+05:00)
2026-04-10 12:27:11,551 [apscheduler.executors.default] INFO: Job "TradingEngine._trading_cycle (trigger: interval[0:00:30], next run at: 2026-04-10 12:27:37 PKT)" executed successfully
2026-04-10 12:27:37,814 [apscheduler.executors.default] INFO: Running job "TradingEngine._trading_cycle (trigger: interval[0:00:30], next run at: 2026-04-10 12:28:07 PKT)" (scheduled at 2026-04-10 12:27:37.809338+05:00)
2026-04-10 12:27:42,119 [apscheduler.executors.default] INFO: Job "TradingEngine._trading_cycle (trigger: interval[0:00:30], next run at: 2026-04-10 12:28:07 PKT)" executed successfully
2026-04-10 12:28:07,819 [apscheduler.executors.default] INFO: Running job "TradingEngine._trading_cycle (trigger: interval[0:00:30], next run at: 2026-04-10 12:28:37 PKT)" (scheduled at 2026-04-10 12:28:07.809338+05:00)
2026-04-10 12:28:12,114 [apscheduler.executors.default] INFO: Job "TradingEngine._trading_cycle (trigger: interval[0:00:30], next run at: 2026-04-10 12:28:37 PKT)" executed successfully
2026-04-10 12:28:37,815 [apscheduler.executors.default] INFO: Running job "TradingEngine._trading_cycle (trigger: interval[0:00:30], next run at: 2026-04-10 12:29:07 PKT)" (scheduled at 2026-04-10 12:28:37.809338+05:00)
2026-04-10 12:28:41,929 [apscheduler.executors.default] INFO: Job "TradingEngine._trading_cycle (trigger: interval[0:00:30], next run at: 2026-04-10 12:29:07 PKT)" executed successfully
2026-04-10 12:29:07,810 [apscheduler.executors.default] INFO: Running job "TradingEngine._trading_cycle (trigger: interval[0:00:30], next run at: 2026-04-10 12:29:37 PKT)" (scheduled at 2026-04-10 12:29:07.809338+05:00)
2026-04-10 12:29:11,736 [apscheduler.executors.default] INFO: Job "TradingEngine._trading_cycle (trigger: interval[0:00:30], next run at: 2026-04-10 12:29:37 PKT)" executed successfully
2026-04-10 12:29:37,816 [apscheduler.executors.default] INFO: Running job "TradingEngine._trading_cycle (trigger: interval[0:00:30], next run at: 2026-04-10 12:30:07 PKT)" (scheduled at 2026-04-10 12:29:37.809338+05:00)
2026-04-10 12:29:42,375 [apscheduler.executors.default] INFO: Job "TradingEngine._trading_cycle (trigger: interval[0:00:30], next run at: 2026-04-10 12:30:07 PKT)" executed successfully
2026-04-10 12:30:07,816 [apscheduler.executors.default] INFO: Running job "TradingEngine._trading_cycle (trigger: interval[0:00:30], next run at: 2026-04-10 12:30:37 PKT)" (scheduled at 2026-04-10 12:30:07.809338+05:00)
2026-04-10 12:30:12,538 [apscheduler.executors.default] INFO: Job "TradingEngine._trading_cycle (trigger: interval[0:00:30], next run at: 2026-04-10 12:30:37 PKT)" executed successfully
2026-04-10 12:30:38,855 [evotrade.main] INFO: EvoTrade AI FastAPI started ✅
2026-04-10 12:30:55,172 [apscheduler.scheduler] INFO: Adding job tentatively -- it will be properly scheduled when the scheduler starts
2026-04-10 12:30:55,173 [apscheduler.scheduler] INFO: Adding job tentatively -- it will be properly scheduled when the scheduler starts
2026-04-10 12:30:55,174 [apscheduler.scheduler] INFO: Added job "TradingEngine._trading_cycle" to job store "default"
2026-04-10 12:30:55,174 [apscheduler.scheduler] INFO: Added job "TradingEngine._evolution_cycle" to job store "default"
2026-04-10 12:30:55,174 [apscheduler.scheduler] INFO: Scheduler started
2026-04-10 12:31:25,178 [apscheduler.executors.default] INFO: Running job "TradingEngine._trading_cycle (trigger: interval[0:00:30], next run at: 2026-04-10 12:31:55 PKT)" (scheduled at 2026-04-10 12:31:25.171928+05:00)
2026-04-10 12:31:31,421 [apscheduler.executors.default] INFO: Job "TradingEngine._trading_cycle (trigger: interval[0:00:30], next run at: 2026-04-10 12:31:55 PKT)" executed successfully
2026-04-10 12:31:55,176 [apscheduler.executors.default] INFO: Running job "TradingEngine._trading_cycle (trigger: interval[0:00:30], next run at: 2026-04-10 12:32:25 PKT)" (scheduled at 2026-04-10 12:31:55.171928+05:00)
2026-04-10 12:31:58,565 [apscheduler.executors.default] INFO: Job "TradingEngine._trading_cycle (trigger: interval[0:00:30], next run at: 2026-04-10 12:32:25 PKT)" executed successfully
2026-04-10 12:32:25,177 [apscheduler.executors.default] INFO: Running job "TradingEngine._trading_cycle (trigger: interval[0:00:30], next run at: 2026-04-10 12:32:55 PKT)" (scheduled at 2026-04-10 12:32:25.171928+05:00)
2026-04-10 12:32:29,380 [apscheduler.executors.default] INFO: Job "TradingEngine._trading_cycle (trigger: interval[0:00:30], next run at: 2026-04-10 12:32:55 PKT)" executed successfully
2026-04-10 12:32:40,919 [apscheduler.scheduler] INFO: Scheduler has been shut down
2026-04-10 12:32:47,099 [apscheduler.scheduler] INFO: Adding job tentatively -- it will be properly scheduled when the scheduler starts
2026-04-10 12:32:47,100 [apscheduler.scheduler] INFO: Adding job tentatively -- it will be properly scheduled when the scheduler starts
2026-04-10 12:32:47,101 [apscheduler.scheduler] INFO: Added job "TradingEngine._trading_cycle" to job store "default"
2026-04-10 12:32:47,101 [apscheduler.scheduler] INFO: Added job "TradingEngine._evolution_cycle" to job store "default"
2026-04-10 12:32:47,101 [apscheduler.scheduler] INFO: Scheduler started
2026-04-10 12:33:17,101 [apscheduler.scheduler] ERROR: Error submitting job "TradingEngine._trading_cycle (trigger: interval[0:00:30], next run at: 2026-04-10 12:33:17 PKT)" to executor "default"
Traceback (most recent call last):
  File "/Users/ahmed/Downloads/evotrade_final/venv/lib/python3.11/site-packages/apscheduler/schedulers/base.py", line 1195, in _process_jobs
    executor.submit_job(job, run_times)
  File "/Users/ahmed/Downloads/evotrade_final/venv/lib/python3.11/site-packages/apscheduler/executors/base.py", line 74, in submit_job
    self._do_submit_job(job, run_times)
  File "/Users/ahmed/Downloads/evotrade_final/venv/lib/python3.11/site-packages/apscheduler/executors/pool.py", line 27, in _do_submit_job
    f = self._pool.submit(
        ^^^^^^^^^^^^^^^^^^
  File "/opt/homebrew/Cellar/python@3.11/3.11.13/Frameworks/Python.framework/Versions/3.11/lib/python3.11/concurrent/futures/thread.py", line 167, in submit
    raise RuntimeError('cannot schedule new futures after shutdown')
RuntimeError: cannot schedule new futures after shutdown
2026-04-10 12:33:47,104 [apscheduler.scheduler] ERROR: Error submitting job "TradingEngine._trading_cycle (trigger: interval[0:00:30], next run at: 2026-04-10 12:33:47 PKT)" to executor "default"
Traceback (most recent call last):
  File "/Users/ahmed/Downloads/evotrade_final/venv/lib/python3.11/site-packages/apscheduler/schedulers/base.py", line 1195, in _process_jobs
    executor.submit_job(job, run_times)
  File "/Users/ahmed/Downloads/evotrade_final/venv/lib/python3.11/site-packages/apscheduler/executors/base.py", line 74, in submit_job
    self._do_submit_job(job, run_times)
  File "/Users/ahmed/Downloads/evotrade_final/venv/lib/python3.11/site-packages/apscheduler/executors/pool.py", line 27, in _do_submit_job
    f = self._pool.submit(
        ^^^^^^^^^^^^^^^^^^
  File "/opt/homebrew/Cellar/python@3.11/3.11.13/Frameworks/Python.framework/Versions/3.11/lib/python3.11/concurrent/futures/thread.py", line 167, in submit
    raise RuntimeError('cannot schedule new futures after shutdown')
RuntimeError: cannot schedule new futures after shutdown
2026-04-10 12:34:17,106 [apscheduler.scheduler] ERROR: Error submitting job "TradingEngine._trading_cycle (trigger: interval[0:00:30], next run at: 2026-04-10 12:34:17 PKT)" to executor "default"
Traceback (most recent call last):
  File "/Users/ahmed/Downloads/evotrade_final/venv/lib/python3.11/site-packages/apscheduler/schedulers/base.py", line 1195, in _process_jobs
    executor.submit_job(job, run_times)
  File "/Users/ahmed/Downloads/evotrade_final/venv/lib/python3.11/site-packages/apscheduler/executors/base.py", line 74, in submit_job
    self._do_submit_job(job, run_times)
  File "/Users/ahmed/Downloads/evotrade_final/venv/lib/python3.11/site-packages/apscheduler/executors/pool.py", line 27, in _do_submit_job
    f = self._pool.submit(
        ^^^^^^^^^^^^^^^^^^
  File "/opt/homebrew/Cellar/python@3.11/3.11.13/Frameworks/Python.framework/Versions/3.11/lib/python3.11/concurrent/futures/thread.py", line 167, in submit
    raise RuntimeError('cannot schedule new futures after shutdown')
RuntimeError: cannot schedule new futures after shutdown
2026-04-10 12:34:47,113 [apscheduler.scheduler] ERROR: Error submitting job "TradingEngine._trading_cycle (trigger: interval[0:00:30], next run at: 2026-04-10 12:34:47 PKT)" to executor "default"
Traceback (most recent call last):
  File "/Users/ahmed/Downloads/evotrade_final/venv/lib/python3.11/site-packages/apscheduler/schedulers/base.py", line 1195, in _process_jobs
    executor.submit_job(job, run_times)
  File "/Users/ahmed/Downloads/evotrade_final/venv/lib/python3.11/site-packages/apscheduler/executors/base.py", line 74, in submit_job
    self._do_submit_job(job, run_times)
  File "/Users/ahmed/Downloads/evotrade_final/venv/lib/python3.11/site-packages/apscheduler/executors/pool.py", line 27, in _do_submit_job
    f = self._pool.submit(
        ^^^^^^^^^^^^^^^^^^
  File "/opt/homebrew/Cellar/python@3.11/3.11.13/Frameworks/Python.framework/Versions/3.11/lib/python3.11/concurrent/futures/thread.py", line 167, in submit
    raise RuntimeError('cannot schedule new futures after shutdown')
RuntimeError: cannot schedule new futures after shutdown
2026-04-10 12:35:17,103 [apscheduler.scheduler] ERROR: Error submitting job "TradingEngine._trading_cycle (trigger: interval[0:00:30], next run at: 2026-04-10 12:35:17 PKT)" to executor "default"
Traceback (most recent call last):
  File "/Users/ahmed/Downloads/evotrade_final/venv/lib/python3.11/site-packages/apscheduler/schedulers/base.py", line 1195, in _process_jobs
    executor.submit_job(job, run_times)
  File "/Users/ahmed/Downloads/evotrade_final/venv/lib/python3.11/site-packages/apscheduler/executors/base.py", line 74, in submit_job
    self._do_submit_job(job, run_times)
  File "/Users/ahmed/Downloads/evotrade_final/venv/lib/python3.11/site-packages/apscheduler/executors/pool.py", line 27, in _do_submit_job
    f = self._pool.submit(
        ^^^^^^^^^^^^^^^^^^
  File "/opt/homebrew/Cellar/python@3.11/3.11.13/Frameworks/Python.framework/Versions/3.11/lib/python3.11/concurrent/futures/thread.py", line 167, in submit
    raise RuntimeError('cannot schedule new futures after shutdown')
RuntimeError: cannot schedule new futures after shutdown
2026-04-10 12:35:47,100 [apscheduler.scheduler] ERROR: Error submitting job "TradingEngine._trading_cycle (trigger: interval[0:00:30], next run at: 2026-04-10 12:35:47 PKT)" to executor "default"
Traceback (most recent call last):
  File "/Users/ahmed/Downloads/evotrade_final/venv/lib/python3.11/site-packages/apscheduler/schedulers/base.py", line 1195, in _process_jobs
    executor.submit_job(job, run_times)
  File "/Users/ahmed/Downloads/evotrade_final/venv/lib/python3.11/site-packages/apscheduler/executors/base.py", line 74, in submit_job
    self._do_submit_job(job, run_times)
  File "/Users/ahmed/Downloads/evotrade_final/venv/lib/python3.11/site-packages/apscheduler/executors/pool.py", line 27, in _do_submit_job
    f = self._pool.submit(
        ^^^^^^^^^^^^^^^^^^
  File "/opt/homebrew/Cellar/python@3.11/3.11.13/Frameworks/Python.framework/Versions/3.11/lib/python3.11/concurrent/futures/thread.py", line 167, in submit
    raise RuntimeError('cannot schedule new futures after shutdown')
RuntimeError: cannot schedule new futures after shutdown
2026-04-10 12:36:17,103 [apscheduler.scheduler] ERROR: Error submitting job "TradingEngine._trading_cycle (trigger: interval[0:00:30], next run at: 2026-04-10 12:36:17 PKT)" to executor "default"
Traceback (most recent call last):
  File "/Users/ahmed/Downloads/evotrade_final/venv/lib/python3.11/site-packages/apscheduler/schedulers/base.py", line 1195, in _process_jobs
    executor.submit_job(job, run_times)
  File "/Users/ahmed/Downloads/evotrade_final/venv/lib/python3.11/site-packages/apscheduler/executors/base.py", line 74, in submit_job
    self._do_submit_job(job, run_times)
  File "/Users/ahmed/Downloads/evotrade_final/venv/lib/python3.11/site-packages/apscheduler/executors/pool.py", line 27, in _do_submit_job
    f = self._pool.submit(
        ^^^^^^^^^^^^^^^^^^
  File "/opt/homebrew/Cellar/python@3.11/3.11.13/Frameworks/Python.framework/Versions/3.11/lib/python3.11/concurrent/futures/thread.py", line 167, in submit
    raise RuntimeError('cannot schedule new futures after shutdown')
RuntimeError: cannot schedule new futures after shutdown
2026-04-10 12:36:24,700 [apscheduler.scheduler] INFO: Scheduler has been shut down
2026-04-10 12:36:27,883 [apscheduler.scheduler] INFO: Adding job tentatively -- it will be properly scheduled when the scheduler starts
2026-04-10 12:36:27,883 [apscheduler.scheduler] INFO: Adding job tentatively -- it will be properly scheduled when the scheduler starts
2026-04-10 12:36:27,884 [apscheduler.scheduler] INFO: Added job "TradingEngine._trading_cycle" to job store "default"
2026-04-10 12:36:27,884 [apscheduler.scheduler] INFO: Added job "TradingEngine._evolution_cycle" to job store "default"
2026-04-10 12:36:27,884 [apscheduler.scheduler] INFO: Scheduler started
2026-04-10 12:36:57,917 [apscheduler.scheduler] ERROR: Error submitting job "TradingEngine._trading_cycle (trigger: interval[0:00:30], next run at: 2026-04-10 12:36:57 PKT)" to executor "default"
Traceback (most recent call last):
  File "/Users/ahmed/Downloads/evotrade_final/venv/lib/python3.11/site-packages/apscheduler/schedulers/base.py", line 1195, in _process_jobs
    executor.submit_job(job, run_times)
  File "/Users/ahmed/Downloads/evotrade_final/venv/lib/python3.11/site-packages/apscheduler/executors/base.py", line 74, in submit_job
    self._do_submit_job(job, run_times)
  File "/Users/ahmed/Downloads/evotrade_final/venv/lib/python3.11/site-packages/apscheduler/executors/pool.py", line 27, in _do_submit_job
    f = self._pool.submit(
        ^^^^^^^^^^^^^^^^^^
  File "/opt/homebrew/Cellar/python@3.11/3.11.13/Frameworks/Python.framework/Versions/3.11/lib/python3.11/concurrent/futures/thread.py", line 167, in submit
    raise RuntimeError('cannot schedule new futures after shutdown')
RuntimeError: cannot schedule new futures after shutdown
2026-04-10 12:37:27,887 [apscheduler.scheduler] ERROR: Error submitting job "TradingEngine._trading_cycle (trigger: interval[0:00:30], next run at: 2026-04-10 12:37:27 PKT)" to executor "default"
Traceback (most recent call last):
  File "/Users/ahmed/Downloads/evotrade_final/venv/lib/python3.11/site-packages/apscheduler/schedulers/base.py", line 1195, in _process_jobs
    executor.submit_job(job, run_times)
  File "/Users/ahmed/Downloads/evotrade_final/venv/lib/python3.11/site-packages/apscheduler/executors/base.py", line 74, in submit_job
    self._do_submit_job(job, run_times)
  File "/Users/ahmed/Downloads/evotrade_final/venv/lib/python3.11/site-packages/apscheduler/executors/pool.py", line 27, in _do_submit_job
    f = self._pool.submit(
        ^^^^^^^^^^^^^^^^^^
  File "/opt/homebrew/Cellar/python@3.11/3.11.13/Frameworks/Python.framework/Versions/3.11/lib/python3.11/concurrent/futures/thread.py", line 167, in submit
    raise RuntimeError('cannot schedule new futures after shutdown')
RuntimeError: cannot schedule new futures after shutdown
2026-04-10 12:37:57,901 [apscheduler.scheduler] ERROR: Error submitting job "TradingEngine._trading_cycle (trigger: interval[0:00:30], next run at: 2026-04-10 12:37:57 PKT)" to executor "default"
Traceback (most recent call last):
  File "/Users/ahmed/Downloads/evotrade_final/venv/lib/python3.11/site-packages/apscheduler/schedulers/base.py", line 1195, in _process_jobs
    executor.submit_job(job, run_times)
  File "/Users/ahmed/Downloads/evotrade_final/venv/lib/python3.11/site-packages/apscheduler/executors/base.py", line 74, in submit_job
    self._do_submit_job(job, run_times)
  File "/Users/ahmed/Downloads/evotrade_final/venv/lib/python3.11/site-packages/apscheduler/executors/pool.py", line 27, in _do_submit_job
    f = self._pool.submit(
        ^^^^^^^^^^^^^^^^^^
  File "/opt/homebrew/Cellar/python@3.11/3.11.13/Frameworks/Python.framework/Versions/3.11/lib/python3.11/concurrent/futures/thread.py", line 167, in submit
    raise RuntimeError('cannot schedule new futures after shutdown')
RuntimeError: cannot schedule new futures after shutdown
2026-04-10 12:38:27,888 [apscheduler.scheduler] ERROR: Error submitting job "TradingEngine._trading_cycle (trigger: interval[0:00:30], next run at: 2026-04-10 12:38:27 PKT)" to executor "default"
Traceback (most recent call last):
  File "/Users/ahmed/Downloads/evotrade_final/venv/lib/python3.11/site-packages/apscheduler/schedulers/base.py", line 1195, in _process_jobs
    executor.submit_job(job, run_times)
  File "/Users/ahmed/Downloads/evotrade_final/venv/lib/python3.11/site-packages/apscheduler/executors/base.py", line 74, in submit_job
    self._do_submit_job(job, run_times)
  File "/Users/ahmed/Downloads/evotrade_final/venv/lib/python3.11/site-packages/apscheduler/executors/pool.py", line 27, in _do_submit_job
    f = self._pool.submit(
        ^^^^^^^^^^^^^^^^^^
  File "/opt/homebrew/Cellar/python@3.11/3.11.13/Frameworks/Python.framework/Versions/3.11/lib/python3.11/concurrent/futures/thread.py", line 167, in submit
    raise RuntimeError('cannot schedule new futures after shutdown')
RuntimeError: cannot schedule new futures after shutdown
2026-04-10 12:38:57,884 [apscheduler.scheduler] ERROR: Error submitting job "TradingEngine._trading_cycle (trigger: interval[0:00:30], next run at: 2026-04-10 12:38:57 PKT)" to executor "default"
Traceback (most recent call last):
  File "/Users/ahmed/Downloads/evotrade_final/venv/lib/python3.11/site-packages/apscheduler/schedulers/base.py", line 1195, in _process_jobs
    executor.submit_job(job, run_times)
  File "/Users/ahmed/Downloads/evotrade_final/venv/lib/python3.11/site-packages/apscheduler/executors/base.py", line 74, in submit_job
    self._do_submit_job(job, run_times)
  File "/Users/ahmed/Downloads/evotrade_final/venv/lib/python3.11/site-packages/apscheduler/executors/pool.py", line 27, in _do_submit_job
    f = self._pool.submit(
        ^^^^^^^^^^^^^^^^^^
  File "/opt/homebrew/Cellar/python@3.11/3.11.13/Frameworks/Python.framework/Versions/3.11/lib/python3.11/concurrent/futures/thread.py", line 167, in submit
    raise RuntimeError('cannot schedule new futures after shutdown')
RuntimeError: cannot schedule new futures after shutdown
2026-04-10 12:39:27,883 [apscheduler.scheduler] ERROR: Error submitting job "TradingEngine._trading_cycle (trigger: interval[0:00:30], next run at: 2026-04-10 12:39:27 PKT)" to executor "default"
Traceback (most recent call last):
  File "/Users/ahmed/Downloads/evotrade_final/venv/lib/python3.11/site-packages/apscheduler/schedulers/base.py", line 1195, in _process_jobs
    executor.submit_job(job, run_times)
  File "/Users/ahmed/Downloads/evotrade_final/venv/lib/python3.11/site-packages/apscheduler/executors/base.py", line 74, in submit_job
    self._do_submit_job(job, run_times)
  File "/Users/ahmed/Downloads/evotrade_final/venv/lib/python3.11/site-packages/apscheduler/executors/pool.py", line 27, in _do_submit_job
    f = self._pool.submit(
        ^^^^^^^^^^^^^^^^^^
  File "/opt/homebrew/Cellar/python@3.11/3.11.13/Frameworks/Python.framework/Versions/3.11/lib/python3.11/concurrent/futures/thread.py", line 167, in submit
    raise RuntimeError('cannot schedule new futures after shutdown')
RuntimeError: cannot schedule new futures after shutdown
2026-04-10 12:39:57,884 [apscheduler.scheduler] ERROR: Error submitting job "TradingEngine._trading_cycle (trigger: interval[0:00:30], next run at: 2026-04-10 12:39:57 PKT)" to executor "default"
Traceback (most recent call last):
  File "/Users/ahmed/Downloads/evotrade_final/venv/lib/python3.11/site-packages/apscheduler/schedulers/base.py", line 1195, in _process_jobs
    executor.submit_job(job, run_times)
  File "/Users/ahmed/Downloads/evotrade_final/venv/lib/python3.11/site-packages/apscheduler/executors/base.py", line 74, in submit_job
    self._do_submit_job(job, run_times)
  File "/Users/ahmed/Downloads/evotrade_final/venv/lib/python3.11/site-packages/apscheduler/executors/pool.py", line 27, in _do_submit_job
    f = self._pool.submit(
        ^^^^^^^^^^^^^^^^^^
  File "/opt/homebrew/Cellar/python@3.11/3.11.13/Frameworks/Python.framework/Versions/3.11/lib/python3.11/concurrent/futures/thread.py", line 167, in submit
    raise RuntimeError('cannot schedule new futures after shutdown')
RuntimeError: cannot schedule new futures after shutdown
2026-04-10 12:40:27,886 [apscheduler.scheduler] ERROR: Error submitting job "TradingEngine._trading_cycle (trigger: interval[0:00:30], next run at: 2026-04-10 12:40:27 PKT)" to executor "default"
Traceback (most recent call last):
  File "/Users/ahmed/Downloads/evotrade_final/venv/lib/python3.11/site-packages/apscheduler/schedulers/base.py", line 1195, in _process_jobs
    executor.submit_job(job, run_times)
  File "/Users/ahmed/Downloads/evotrade_final/venv/lib/python3.11/site-packages/apscheduler/executors/base.py", line 74, in submit_job
    self._do_submit_job(job, run_times)
  File "/Users/ahmed/Downloads/evotrade_final/venv/lib/python3.11/site-packages/apscheduler/executors/pool.py", line 27, in _do_submit_job
    f = self._pool.submit(
        ^^^^^^^^^^^^^^^^^^
  File "/opt/homebrew/Cellar/python@3.11/3.11.13/Frameworks/Python.framework/Versions/3.11/lib/python3.11/concurrent/futures/thread.py", line 167, in submit
    raise RuntimeError('cannot schedule new futures after shutdown')
RuntimeError: cannot schedule new futures after shutdown
2026-04-10 12:40:57,888 [apscheduler.scheduler] ERROR: Error submitting job "TradingEngine._trading_cycle (trigger: interval[0:00:30], next run at: 2026-04-10 12:40:57 PKT)" to executor "default"
Traceback (most recent call last):
  File "/Users/ahmed/Downloads/evotrade_final/venv/lib/python3.11/site-packages/apscheduler/schedulers/base.py", line 1195, in _process_jobs
    executor.submit_job(job, run_times)
  File "/Users/ahmed/Downloads/evotrade_final/venv/lib/python3.11/site-packages/apscheduler/executors/base.py", line 74, in submit_job
    self._do_submit_job(job, run_times)
  File "/Users/ahmed/Downloads/evotrade_final/venv/lib/python3.11/site-packages/apscheduler/executors/pool.py", line 27, in _do_submit_job
    f = self._pool.submit(
        ^^^^^^^^^^^^^^^^^^
  File "/opt/homebrew/Cellar/python@3.11/3.11.13/Frameworks/Python.framework/Versions/3.11/lib/python3.11/concurrent/futures/thread.py", line 167, in submit
    raise RuntimeError('cannot schedule new futures after shutdown')
RuntimeError: cannot schedule new futures after shutdown
2026-04-10 12:41:27,886 [apscheduler.scheduler] ERROR: Error submitting job "TradingEngine._trading_cycle (trigger: interval[0:00:30], next run at: 2026-04-10 12:41:27 PKT)" to executor "default"
Traceback (most recent call last):
  File "/Users/ahmed/Downloads/evotrade_final/venv/lib/python3.11/site-packages/apscheduler/schedulers/base.py", line 1195, in _process_jobs
    executor.submit_job(job, run_times)
  File "/Users/ahmed/Downloads/evotrade_final/venv/lib/python3.11/site-packages/apscheduler/executors/base.py", line 74, in submit_job
    self._do_submit_job(job, run_times)
  File "/Users/ahmed/Downloads/evotrade_final/venv/lib/python3.11/site-packages/apscheduler/executors/pool.py", line 27, in _do_submit_job
    f = self._pool.submit(
        ^^^^^^^^^^^^^^^^^^
  File "/opt/homebrew/Cellar/python@3.11/3.11.13/Frameworks/Python.framework/Versions/3.11/lib/python3.11/concurrent/futures/thread.py", line 167, in submit
    raise RuntimeError('cannot schedule new futures after shutdown')
RuntimeError: cannot schedule new futures after shutdown
2026-04-10 12:41:57,887 [apscheduler.scheduler] ERROR: Error submitting job "TradingEngine._trading_cycle (trigger: interval[0:00:30], next run at: 2026-04-10 12:41:57 PKT)" to executor "default"
Traceback (most recent call last):
  File "/Users/ahmed/Downloads/evotrade_final/venv/lib/python3.11/site-packages/apscheduler/schedulers/base.py", line 1195, in _process_jobs
    executor.submit_job(job, run_times)
  File "/Users/ahmed/Downloads/evotrade_final/venv/lib/python3.11/site-packages/apscheduler/executors/base.py", line 74, in submit_job
    self._do_submit_job(job, run_times)
  File "/Users/ahmed/Downloads/evotrade_final/venv/lib/python3.11/site-packages/apscheduler/executors/pool.py", line 27, in _do_submit_job
    f = self._pool.submit(
        ^^^^^^^^^^^^^^^^^^
  File "/opt/homebrew/Cellar/python@3.11/3.11.13/Frameworks/Python.framework/Versions/3.11/lib/python3.11/concurrent/futures/thread.py", line 167, in submit
    raise RuntimeError('cannot schedule new futures after shutdown')
RuntimeError: cannot schedule new futures after shutdown
2026-04-10 12:42:27,887 [apscheduler.scheduler] ERROR: Error submitting job "TradingEngine._trading_cycle (trigger: interval[0:00:30], next run at: 2026-04-10 12:42:27 PKT)" to executor "default"
Traceback (most recent call last):
  File "/Users/ahmed/Downloads/evotrade_final/venv/lib/python3.11/site-packages/apscheduler/schedulers/base.py", line 1195, in _process_jobs
    executor.submit_job(job, run_times)
  File "/Users/ahmed/Downloads/evotrade_final/venv/lib/python3.11/site-packages/apscheduler/executors/base.py", line 74, in submit_job
    self._do_submit_job(job, run_times)
  File "/Users/ahmed/Downloads/evotrade_final/venv/lib/python3.11/site-packages/apscheduler/executors/pool.py", line 27, in _do_submit_job
    f = self._pool.submit(
        ^^^^^^^^^^^^^^^^^^
  File "/opt/homebrew/Cellar/python@3.11/3.11.13/Frameworks/Python.framework/Versions/3.11/lib/python3.11/concurrent/futures/thread.py", line 167, in submit
    raise RuntimeError('cannot schedule new futures after shutdown')
RuntimeError: cannot schedule new futures after shutdown
2026-04-10 12:42:57,887 [apscheduler.scheduler] ERROR: Error submitting job "TradingEngine._trading_cycle (trigger: interval[0:00:30], next run at: 2026-04-10 12:42:57 PKT)" to executor "default"
Traceback (most recent call last):
  File "/Users/ahmed/Downloads/evotrade_final/venv/lib/python3.11/site-packages/apscheduler/schedulers/base.py", line 1195, in _process_jobs
    executor.submit_job(job, run_times)
  File "/Users/ahmed/Downloads/evotrade_final/venv/lib/python3.11/site-packages/apscheduler/executors/base.py", line 74, in submit_job
    self._do_submit_job(job, run_times)
  File "/Users/ahmed/Downloads/evotrade_final/venv/lib/python3.11/site-packages/apscheduler/executors/pool.py", line 27, in _do_submit_job
    f = self._pool.submit(
        ^^^^^^^^^^^^^^^^^^
  File "/opt/homebrew/Cellar/python@3.11/3.11.13/Frameworks/Python.framework/Versions/3.11/lib/python3.11/concurrent/futures/thread.py", line 167, in submit
    raise RuntimeError('cannot schedule new futures after shutdown')
RuntimeError: cannot schedule new futures after shutdown
2026-04-10 12:43:27,884 [apscheduler.scheduler] ERROR: Error submitting job "TradingEngine._trading_cycle (trigger: interval[0:00:30], next run at: 2026-04-10 12:43:27 PKT)" to executor "default"
Traceback (most recent call last):
  File "/Users/ahmed/Downloads/evotrade_final/venv/lib/python3.11/site-packages/apscheduler/schedulers/base.py", line 1195, in _process_jobs
    executor.submit_job(job, run_times)
  File "/Users/ahmed/Downloads/evotrade_final/venv/lib/python3.11/site-packages/apscheduler/executors/base.py", line 74, in submit_job
    self._do_submit_job(job, run_times)
  File "/Users/ahmed/Downloads/evotrade_final/venv/lib/python3.11/site-packages/apscheduler/executors/pool.py", line 27, in _do_submit_job
    f = self._pool.submit(
        ^^^^^^^^^^^^^^^^^^
  File "/opt/homebrew/Cellar/python@3.11/3.11.13/Frameworks/Python.framework/Versions/3.11/lib/python3.11/concurrent/futures/thread.py", line 167, in submit
    raise RuntimeError('cannot schedule new futures after shutdown')
RuntimeError: cannot schedule new futures after shutdown
2026-04-10 12:43:57,882 [apscheduler.scheduler] ERROR: Error submitting job "TradingEngine._trading_cycle (trigger: interval[0:00:30], next run at: 2026-04-10 12:43:57 PKT)" to executor "default"
Traceback (most recent call last):
  File "/Users/ahmed/Downloads/evotrade_final/venv/lib/python3.11/site-packages/apscheduler/schedulers/base.py", line 1195, in _process_jobs
    executor.submit_job(job, run_times)
  File "/Users/ahmed/Downloads/evotrade_final/venv/lib/python3.11/site-packages/apscheduler/executors/base.py", line 74, in submit_job
    self._do_submit_job(job, run_times)
  File "/Users/ahmed/Downloads/evotrade_final/venv/lib/python3.11/site-packages/apscheduler/executors/pool.py", line 27, in _do_submit_job
    f = self._pool.submit(
        ^^^^^^^^^^^^^^^^^^
  File "/opt/homebrew/Cellar/python@3.11/3.11.13/Frameworks/Python.framework/Versions/3.11/lib/python3.11/concurrent/futures/thread.py", line 167, in submit
    raise RuntimeError('cannot schedule new futures after shutdown')
RuntimeError: cannot schedule new futures after shutdown
2026-04-10 12:44:27,887 [apscheduler.scheduler] ERROR: Error submitting job "TradingEngine._trading_cycle (trigger: interval[0:00:30], next run at: 2026-04-10 12:44:27 PKT)" to executor "default"
Traceback (most recent call last):
  File "/Users/ahmed/Downloads/evotrade_final/venv/lib/python3.11/site-packages/apscheduler/schedulers/base.py", line 1195, in _process_jobs
    executor.submit_job(job, run_times)
  File "/Users/ahmed/Downloads/evotrade_final/venv/lib/python3.11/site-packages/apscheduler/executors/base.py", line 74, in submit_job
    self._do_submit_job(job, run_times)
  File "/Users/ahmed/Downloads/evotrade_final/venv/lib/python3.11/site-packages/apscheduler/executors/pool.py", line 27, in _do_submit_job
    f = self._pool.submit(
        ^^^^^^^^^^^^^^^^^^
  File "/opt/homebrew/Cellar/python@3.11/3.11.13/Frameworks/Python.framework/Versions/3.11/lib/python3.11/concurrent/futures/thread.py", line 167, in submit
    raise RuntimeError('cannot schedule new futures after shutdown')
RuntimeError: cannot schedule new futures after shutdown
2026-04-10 12:44:57,886 [apscheduler.scheduler] ERROR: Error submitting job "TradingEngine._trading_cycle (trigger: interval[0:00:30], next run at: 2026-04-10 12:44:57 PKT)" to executor "default"
Traceback (most recent call last):
  File "/Users/ahmed/Downloads/evotrade_final/venv/lib/python3.11/site-packages/apscheduler/schedulers/base.py", line 1195, in _process_jobs
    executor.submit_job(job, run_times)
  File "/Users/ahmed/Downloads/evotrade_final/venv/lib/python3.11/site-packages/apscheduler/executors/base.py", line 74, in submit_job
    self._do_submit_job(job, run_times)
  File "/Users/ahmed/Downloads/evotrade_final/venv/lib/python3.11/site-packages/apscheduler/executors/pool.py", line 27, in _do_submit_job
    f = self._pool.submit(
        ^^^^^^^^^^^^^^^^^^
  File "/opt/homebrew/Cellar/python@3.11/3.11.13/Frameworks/Python.framework/Versions/3.11/lib/python3.11/concurrent/futures/thread.py", line 167, in submit
    raise RuntimeError('cannot schedule new futures after shutdown')
RuntimeError: cannot schedule new futures after shutdown
2026-04-10 12:45:27,887 [apscheduler.scheduler] ERROR: Error submitting job "TradingEngine._trading_cycle (trigger: interval[0:00:30], next run at: 2026-04-10 12:45:27 PKT)" to executor "default"
Traceback (most recent call last):
  File "/Users/ahmed/Downloads/evotrade_final/venv/lib/python3.11/site-packages/apscheduler/schedulers/base.py", line 1195, in _process_jobs
    executor.submit_job(job, run_times)
  File "/Users/ahmed/Downloads/evotrade_final/venv/lib/python3.11/site-packages/apscheduler/executors/base.py", line 74, in submit_job
    self._do_submit_job(job, run_times)
  File "/Users/ahmed/Downloads/evotrade_final/venv/lib/python3.11/site-packages/apscheduler/executors/pool.py", line 27, in _do_submit_job
    f = self._pool.submit(
        ^^^^^^^^^^^^^^^^^^
  File "/opt/homebrew/Cellar/python@3.11/3.11.13/Frameworks/Python.framework/Versions/3.11/lib/python3.11/concurrent/futures/thread.py", line 167, in submit
    raise RuntimeError('cannot schedule new futures after shutdown')
RuntimeError: cannot schedule new futures after shutdown
2026-04-10 12:45:57,886 [apscheduler.scheduler] ERROR: Error submitting job "TradingEngine._trading_cycle (trigger: interval[0:00:30], next run at: 2026-04-10 12:45:57 PKT)" to executor "default"
Traceback (most recent call last):
  File "/Users/ahmed/Downloads/evotrade_final/venv/lib/python3.11/site-packages/apscheduler/schedulers/base.py", line 1195, in _process_jobs
    executor.submit_job(job, run_times)
  File "/Users/ahmed/Downloads/evotrade_final/venv/lib/python3.11/site-packages/apscheduler/executors/base.py", line 74, in submit_job
    self._do_submit_job(job, run_times)
  File "/Users/ahmed/Downloads/evotrade_final/venv/lib/python3.11/site-packages/apscheduler/executors/pool.py", line 27, in _do_submit_job
    f = self._pool.submit(
        ^^^^^^^^^^^^^^^^^^
  File "/opt/homebrew/Cellar/python@3.11/3.11.13/Frameworks/Python.framework/Versions/3.11/lib/python3.11/concurrent/futures/thread.py", line 167, in submit
    raise RuntimeError('cannot schedule new futures after shutdown')
RuntimeError: cannot schedule new futures after shutdown
2026-04-10 12:46:27,887 [apscheduler.scheduler] ERROR: Error submitting job "TradingEngine._trading_cycle (trigger: interval[0:00:30], next run at: 2026-04-10 12:46:27 PKT)" to executor "default"
Traceback (most recent call last):
  File "/Users/ahmed/Downloads/evotrade_final/venv/lib/python3.11/site-packages/apscheduler/schedulers/base.py", line 1195, in _process_jobs
    executor.submit_job(job, run_times)
  File "/Users/ahmed/Downloads/evotrade_final/venv/lib/python3.11/site-packages/apscheduler/executors/base.py", line 74, in submit_job
    self._do_submit_job(job, run_times)
  File "/Users/ahmed/Downloads/evotrade_final/venv/lib/python3.11/site-packages/apscheduler/executors/pool.py", line 27, in _do_submit_job
    f = self._pool.submit(
        ^^^^^^^^^^^^^^^^^^
  File "/opt/homebrew/Cellar/python@3.11/3.11.13/Frameworks/Python.framework/Versions/3.11/lib/python3.11/concurrent/futures/thread.py", line 167, in submit
    raise RuntimeError('cannot schedule new futures after shutdown')
RuntimeError: cannot schedule new futures after shutdown
2026-04-10 12:46:57,885 [apscheduler.scheduler] ERROR: Error submitting job "TradingEngine._trading_cycle (trigger: interval[0:00:30], next run at: 2026-04-10 12:46:57 PKT)" to executor "default"
Traceback (most recent call last):
  File "/Users/ahmed/Downloads/evotrade_final/venv/lib/python3.11/site-packages/apscheduler/schedulers/base.py", line 1195, in _process_jobs
    executor.submit_job(job, run_times)
  File "/Users/ahmed/Downloads/evotrade_final/venv/lib/python3.11/site-packages/apscheduler/executors/base.py", line 74, in submit_job
    self._do_submit_job(job, run_times)
  File "/Users/ahmed/Downloads/evotrade_final/venv/lib/python3.11/site-packages/apscheduler/executors/pool.py", line 27, in _do_submit_job
    f = self._pool.submit(
        ^^^^^^^^^^^^^^^^^^
  File "/opt/homebrew/Cellar/python@3.11/3.11.13/Frameworks/Python.framework/Versions/3.11/lib/python3.11/concurrent/futures/thread.py", line 167, in submit
    raise RuntimeError('cannot schedule new futures after shutdown')
RuntimeError: cannot schedule new futures after shutdown
2026-04-10 12:47:27,887 [apscheduler.scheduler] ERROR: Error submitting job "TradingEngine._trading_cycle (trigger: interval[0:00:30], next run at: 2026-04-10 12:47:27 PKT)" to executor "default"
Traceback (most recent call last):
  File "/Users/ahmed/Downloads/evotrade_final/venv/lib/python3.11/site-packages/apscheduler/schedulers/base.py", line 1195, in _process_jobs
    executor.submit_job(job, run_times)
  File "/Users/ahmed/Downloads/evotrade_final/venv/lib/python3.11/site-packages/apscheduler/executors/base.py", line 74, in submit_job
    self._do_submit_job(job, run_times)
  File "/Users/ahmed/Downloads/evotrade_final/venv/lib/python3.11/site-packages/apscheduler/executors/pool.py", line 27, in _do_submit_job
    f = self._pool.submit(
        ^^^^^^^^^^^^^^^^^^
  File "/opt/homebrew/Cellar/python@3.11/3.11.13/Frameworks/Python.framework/Versions/3.11/lib/python3.11/concurrent/futures/thread.py", line 167, in submit
    raise RuntimeError('cannot schedule new futures after shutdown')
RuntimeError: cannot schedule new futures after shutdown
2026-04-10 12:47:57,890 [apscheduler.scheduler] ERROR: Error submitting job "TradingEngine._trading_cycle (trigger: interval[0:00:30], next run at: 2026-04-10 12:47:57 PKT)" to executor "default"
Traceback (most recent call last):
  File "/Users/ahmed/Downloads/evotrade_final/venv/lib/python3.11/site-packages/apscheduler/schedulers/base.py", line 1195, in _process_jobs
    executor.submit_job(job, run_times)
  File "/Users/ahmed/Downloads/evotrade_final/venv/lib/python3.11/site-packages/apscheduler/executors/base.py", line 74, in submit_job
    self._do_submit_job(job, run_times)
  File "/Users/ahmed/Downloads/evotrade_final/venv/lib/python3.11/site-packages/apscheduler/executors/pool.py", line 27, in _do_submit_job
    f = self._pool.submit(
        ^^^^^^^^^^^^^^^^^^
  File "/opt/homebrew/Cellar/python@3.11/3.11.13/Frameworks/Python.framework/Versions/3.11/lib/python3.11/concurrent/futures/thread.py", line 167, in submit
    raise RuntimeError('cannot schedule new futures after shutdown')
RuntimeError: cannot schedule new futures after shutdown
2026-04-10 12:48:27,888 [apscheduler.scheduler] ERROR: Error submitting job "TradingEngine._trading_cycle (trigger: interval[0:00:30], next run at: 2026-04-10 12:48:27 PKT)" to executor "default"
Traceback (most recent call last):
  File "/Users/ahmed/Downloads/evotrade_final/venv/lib/python3.11/site-packages/apscheduler/schedulers/base.py", line 1195, in _process_jobs
    executor.submit_job(job, run_times)
  File "/Users/ahmed/Downloads/evotrade_final/venv/lib/python3.11/site-packages/apscheduler/executors/base.py", line 74, in submit_job
    self._do_submit_job(job, run_times)
  File "/Users/ahmed/Downloads/evotrade_final/venv/lib/python3.11/site-packages/apscheduler/executors/pool.py", line 27, in _do_submit_job
    f = self._pool.submit(
        ^^^^^^^^^^^^^^^^^^
  File "/opt/homebrew/Cellar/python@3.11/3.11.13/Frameworks/Python.framework/Versions/3.11/lib/python3.11/concurrent/futures/thread.py", line 167, in submit
    raise RuntimeError('cannot schedule new futures after shutdown')
RuntimeError: cannot schedule new futures after shutdown
2026-04-10 12:48:57,885 [apscheduler.scheduler] ERROR: Error submitting job "TradingEngine._trading_cycle (trigger: interval[0:00:30], next run at: 2026-04-10 12:48:57 PKT)" to executor "default"
Traceback (most recent call last):
  File "/Users/ahmed/Downloads/evotrade_final/venv/lib/python3.11/site-packages/apscheduler/schedulers/base.py", line 1195, in _process_jobs
    executor.submit_job(job, run_times)
  File "/Users/ahmed/Downloads/evotrade_final/venv/lib/python3.11/site-packages/apscheduler/executors/base.py", line 74, in submit_job
    self._do_submit_job(job, run_times)
  File "/Users/ahmed/Downloads/evotrade_final/venv/lib/python3.11/site-packages/apscheduler/executors/pool.py", line 27, in _do_submit_job
    f = self._pool.submit(
        ^^^^^^^^^^^^^^^^^^
  File "/opt/homebrew/Cellar/python@3.11/3.11.13/Frameworks/Python.framework/Versions/3.11/lib/python3.11/concurrent/futures/thread.py", line 167, in submit
    raise RuntimeError('cannot schedule new futures after shutdown')
RuntimeError: cannot schedule new futures after shutdown
2026-04-10 12:49:27,889 [apscheduler.scheduler] ERROR: Error submitting job "TradingEngine._trading_cycle (trigger: interval[0:00:30], next run at: 2026-04-10 12:49:27 PKT)" to executor "default"
Traceback (most recent call last):
  File "/Users/ahmed/Downloads/evotrade_final/venv/lib/python3.11/site-packages/apscheduler/schedulers/base.py", line 1195, in _process_jobs
    executor.submit_job(job, run_times)
  File "/Users/ahmed/Downloads/evotrade_final/venv/lib/python3.11/site-packages/apscheduler/executors/base.py", line 74, in submit_job
    self._do_submit_job(job, run_times)
  File "/Users/ahmed/Downloads/evotrade_final/venv/lib/python3.11/site-packages/apscheduler/executors/pool.py", line 27, in _do_submit_job
    f = self._pool.submit(
        ^^^^^^^^^^^^^^^^^^
  File "/opt/homebrew/Cellar/python@3.11/3.11.13/Frameworks/Python.framework/Versions/3.11/lib/python3.11/concurrent/futures/thread.py", line 167, in submit
    raise RuntimeError('cannot schedule new futures after shutdown')
RuntimeError: cannot schedule new futures after shutdown
2026-04-10 12:49:57,887 [apscheduler.scheduler] ERROR: Error submitting job "TradingEngine._trading_cycle (trigger: interval[0:00:30], next run at: 2026-04-10 12:49:57 PKT)" to executor "default"
Traceback (most recent call last):
  File "/Users/ahmed/Downloads/evotrade_final/venv/lib/python3.11/site-packages/apscheduler/schedulers/base.py", line 1195, in _process_jobs
    executor.submit_job(job, run_times)
  File "/Users/ahmed/Downloads/evotrade_final/venv/lib/python3.11/site-packages/apscheduler/executors/base.py", line 74, in submit_job
    self._do_submit_job(job, run_times)
  File "/Users/ahmed/Downloads/evotrade_final/venv/lib/python3.11/site-packages/apscheduler/executors/pool.py", line 27, in _do_submit_job
    f = self._pool.submit(
        ^^^^^^^^^^^^^^^^^^
  File "/opt/homebrew/Cellar/python@3.11/3.11.13/Frameworks/Python.framework/Versions/3.11/lib/python3.11/concurrent/futures/thread.py", line 167, in submit
    raise RuntimeError('cannot schedule new futures after shutdown')
RuntimeError: cannot schedule new futures after shutdown
2026-04-10 12:50:27,883 [apscheduler.scheduler] ERROR: Error submitting job "TradingEngine._trading_cycle (trigger: interval[0:00:30], next run at: 2026-04-10 12:50:27 PKT)" to executor "default"
Traceback (most recent call last):
  File "/Users/ahmed/Downloads/evotrade_final/venv/lib/python3.11/site-packages/apscheduler/schedulers/base.py", line 1195, in _process_jobs
    executor.submit_job(job, run_times)
  File "/Users/ahmed/Downloads/evotrade_final/venv/lib/python3.11/site-packages/apscheduler/executors/base.py", line 74, in submit_job
    self._do_submit_job(job, run_times)
  File "/Users/ahmed/Downloads/evotrade_final/venv/lib/python3.11/site-packages/apscheduler/executors/pool.py", line 27, in _do_submit_job
    f = self._pool.submit(
        ^^^^^^^^^^^^^^^^^^
  File "/opt/homebrew/Cellar/python@3.11/3.11.13/Frameworks/Python.framework/Versions/3.11/lib/python3.11/concurrent/futures/thread.py", line 167, in submit
    raise RuntimeError('cannot schedule new futures after shutdown')
RuntimeError: cannot schedule new futures after shutdown
2026-04-10 12:50:57,901 [apscheduler.scheduler] ERROR: Error submitting job "TradingEngine._trading_cycle (trigger: interval[0:00:30], next run at: 2026-04-10 12:50:57 PKT)" to executor "default"
Traceback (most recent call last):
  File "/Users/ahmed/Downloads/evotrade_final/venv/lib/python3.11/site-packages/apscheduler/schedulers/base.py", line 1195, in _process_jobs
    executor.submit_job(job, run_times)
  File "/Users/ahmed/Downloads/evotrade_final/venv/lib/python3.11/site-packages/apscheduler/executors/base.py", line 74, in submit_job
    self._do_submit_job(job, run_times)
  File "/Users/ahmed/Downloads/evotrade_final/venv/lib/python3.11/site-packages/apscheduler/executors/pool.py", line 27, in _do_submit_job
    f = self._pool.submit(
        ^^^^^^^^^^^^^^^^^^
  File "/opt/homebrew/Cellar/python@3.11/3.11.13/Frameworks/Python.framework/Versions/3.11/lib/python3.11/concurrent/futures/thread.py", line 167, in submit
    raise RuntimeError('cannot schedule new futures after shutdown')
RuntimeError: cannot schedule new futures after shutdown
2026-04-10 13:40:33,879 [apscheduler.scheduler] ERROR: Error submitting job "TradingEngine._trading_cycle (trigger: interval[0:00:30], next run at: 2026-04-10 12:51:27 PKT)" to executor "default"
Traceback (most recent call last):
  File "/Users/ahmed/Downloads/evotrade_final/venv/lib/python3.11/site-packages/apscheduler/schedulers/base.py", line 1195, in _process_jobs
    executor.submit_job(job, run_times)
  File "/Users/ahmed/Downloads/evotrade_final/venv/lib/python3.11/site-packages/apscheduler/executors/base.py", line 74, in submit_job
    self._do_submit_job(job, run_times)
  File "/Users/ahmed/Downloads/evotrade_final/venv/lib/python3.11/site-packages/apscheduler/executors/pool.py", line 27, in _do_submit_job
    f = self._pool.submit(
        ^^^^^^^^^^^^^^^^^^
  File "/opt/homebrew/Cellar/python@3.11/3.11.13/Frameworks/Python.framework/Versions/3.11/lib/python3.11/concurrent/futures/thread.py", line 167, in submit
    raise RuntimeError('cannot schedule new futures after shutdown')
RuntimeError: cannot schedule new futures after shutdown
2026-04-10 14:30:16,851 [apscheduler.scheduler] ERROR: Error submitting job "TradingEngine._trading_cycle (trigger: interval[0:00:30], next run at: 2026-04-10 13:40:57 PKT)" to executor "default"
Traceback (most recent call last):
  File "/Users/ahmed/Downloads/evotrade_final/venv/lib/python3.11/site-packages/apscheduler/schedulers/base.py", line 1195, in _process_jobs
    executor.submit_job(job, run_times)
  File "/Users/ahmed/Downloads/evotrade_final/venv/lib/python3.11/site-packages/apscheduler/executors/base.py", line 74, in submit_job
    self._do_submit_job(job, run_times)
  File "/Users/ahmed/Downloads/evotrade_final/venv/lib/python3.11/site-packages/apscheduler/executors/pool.py", line 27, in _do_submit_job
    f = self._pool.submit(
        ^^^^^^^^^^^^^^^^^^
  File "/opt/homebrew/Cellar/python@3.11/3.11.13/Frameworks/Python.framework/Versions/3.11/lib/python3.11/concurrent/futures/thread.py", line 167, in submit
    raise RuntimeError('cannot schedule new futures after shutdown')
RuntimeError: cannot schedule new futures after shutdown
2026-04-10 14:30:28,079 [apscheduler.scheduler] ERROR: Error submitting job "TradingEngine._trading_cycle (trigger: interval[0:00:30], next run at: 2026-04-10 14:30:27 PKT)" to executor "default"
Traceback (most recent call last):
  File "/Users/ahmed/Downloads/evotrade_final/venv/lib/python3.11/site-packages/apscheduler/schedulers/base.py", line 1195, in _process_jobs
    executor.submit_job(job, run_times)
  File "/Users/ahmed/Downloads/evotrade_final/venv/lib/python3.11/site-packages/apscheduler/executors/base.py", line 74, in submit_job
    self._do_submit_job(job, run_times)
  File "/Users/ahmed/Downloads/evotrade_final/venv/lib/python3.11/site-packages/apscheduler/executors/pool.py", line 27, in _do_submit_job
    f = self._pool.submit(
        ^^^^^^^^^^^^^^^^^^
  File "/opt/homebrew/Cellar/python@3.11/3.11.13/Frameworks/Python.framework/Versions/3.11/lib/python3.11/concurrent/futures/thread.py", line 167, in submit
    raise RuntimeError('cannot schedule new futures after shutdown')
RuntimeError: cannot schedule new futures after shutdown
2026-04-10 14:30:58,107 [apscheduler.scheduler] ERROR: Error submitting job "TradingEngine._trading_cycle (trigger: interval[0:00:30], next run at: 2026-04-10 14:30:57 PKT)" to executor "default"
Traceback (most recent call last):
  File "/Users/ahmed/Downloads/evotrade_final/venv/lib/python3.11/site-packages/apscheduler/schedulers/base.py", line 1195, in _process_jobs
    executor.submit_job(job, run_times)
  File "/Users/ahmed/Downloads/evotrade_final/venv/lib/python3.11/site-packages/apscheduler/executors/base.py", line 74, in submit_job
    self._do_submit_job(job, run_times)
  File "/Users/ahmed/Downloads/evotrade_final/venv/lib/python3.11/site-packages/apscheduler/executors/pool.py", line 27, in _do_submit_job
    f = self._pool.submit(
        ^^^^^^^^^^^^^^^^^^
  File "/opt/homebrew/Cellar/python@3.11/3.11.13/Frameworks/Python.framework/Versions/3.11/lib/python3.11/concurrent/futures/thread.py", line 167, in submit
    raise RuntimeError('cannot schedule new futures after shutdown')
RuntimeError: cannot schedule new futures after shutdown
2026-04-10 14:31:27,902 [apscheduler.scheduler] ERROR: Error submitting job "TradingEngine._trading_cycle (trigger: interval[0:00:30], next run at: 2026-04-10 14:31:27 PKT)" to executor "default"
Traceback (most recent call last):
  File "/Users/ahmed/Downloads/evotrade_final/venv/lib/python3.11/site-packages/apscheduler/schedulers/base.py", line 1195, in _process_jobs
    executor.submit_job(job, run_times)
  File "/Users/ahmed/Downloads/evotrade_final/venv/lib/python3.11/site-packages/apscheduler/executors/base.py", line 74, in submit_job
    self._do_submit_job(job, run_times)
  File "/Users/ahmed/Downloads/evotrade_final/venv/lib/python3.11/site-packages/apscheduler/executors/pool.py", line 27, in _do_submit_job
    f = self._pool.submit(
        ^^^^^^^^^^^^^^^^^^
  File "/opt/homebrew/Cellar/python@3.11/3.11.13/Frameworks/Python.framework/Versions/3.11/lib/python3.11/concurrent/futures/thread.py", line 167, in submit
    raise RuntimeError('cannot schedule new futures after shutdown')
RuntimeError: cannot schedule new futures after shutdown
2026-04-10 14:31:57,892 [apscheduler.scheduler] ERROR: Error submitting job "TradingEngine._trading_cycle (trigger: interval[0:00:30], next run at: 2026-04-10 14:31:57 PKT)" to executor "default"
Traceback (most recent call last):
  File "/Users/ahmed/Downloads/evotrade_final/venv/lib/python3.11/site-packages/apscheduler/schedulers/base.py", line 1195, in _process_jobs
    executor.submit_job(job, run_times)
  File "/Users/ahmed/Downloads/evotrade_final/venv/lib/python3.11/site-packages/apscheduler/executors/base.py", line 74, in submit_job
    self._do_submit_job(job, run_times)
  File "/Users/ahmed/Downloads/evotrade_final/venv/lib/python3.11/site-packages/apscheduler/executors/pool.py", line 27, in _do_submit_job
    f = self._pool.submit(
        ^^^^^^^^^^^^^^^^^^
  File "/opt/homebrew/Cellar/python@3.11/3.11.13/Frameworks/Python.framework/Versions/3.11/lib/python3.11/concurrent/futures/thread.py", line 167, in submit
    raise RuntimeError('cannot schedule new futures after shutdown')
RuntimeError: cannot schedule new futures after shutdown
2026-04-10 14:32:27,887 [apscheduler.scheduler] ERROR: Error submitting job "TradingEngine._trading_cycle (trigger: interval[0:00:30], next run at: 2026-04-10 14:32:27 PKT)" to executor "default"
Traceback (most recent call last):
  File "/Users/ahmed/Downloads/evotrade_final/venv/lib/python3.11/site-packages/apscheduler/schedulers/base.py", line 1195, in _process_jobs
    executor.submit_job(job, run_times)
  File "/Users/ahmed/Downloads/evotrade_final/venv/lib/python3.11/site-packages/apscheduler/executors/base.py", line 74, in submit_job
    self._do_submit_job(job, run_times)
  File "/Users/ahmed/Downloads/evotrade_final/venv/lib/python3.11/site-packages/apscheduler/executors/pool.py", line 27, in _do_submit_job
    f = self._pool.submit(
        ^^^^^^^^^^^^^^^^^^
  File "/opt/homebrew/Cellar/python@3.11/3.11.13/Frameworks/Python.framework/Versions/3.11/lib/python3.11/concurrent/futures/thread.py", line 167, in submit
    raise RuntimeError('cannot schedule new futures after shutdown')
RuntimeError: cannot schedule new futures after shutdown
2026-04-10 14:32:57,887 [apscheduler.scheduler] ERROR: Error submitting job "TradingEngine._trading_cycle (trigger: interval[0:00:30], next run at: 2026-04-10 14:32:57 PKT)" to executor "default"
Traceback (most recent call last):
  File "/Users/ahmed/Downloads/evotrade_final/venv/lib/python3.11/site-packages/apscheduler/schedulers/base.py", line 1195, in _process_jobs
    executor.submit_job(job, run_times)
  File "/Users/ahmed/Downloads/evotrade_final/venv/lib/python3.11/site-packages/apscheduler/executors/base.py", line 74, in submit_job
    self._do_submit_job(job, run_times)
  File "/Users/ahmed/Downloads/evotrade_final/venv/lib/python3.11/site-packages/apscheduler/executors/pool.py", line 27, in _do_submit_job
    f = self._pool.submit(
        ^^^^^^^^^^^^^^^^^^
  File "/opt/homebrew/Cellar/python@3.11/3.11.13/Frameworks/Python.framework/Versions/3.11/lib/python3.11/concurrent/futures/thread.py", line 167, in submit
    raise RuntimeError('cannot schedule new futures after shutdown')
RuntimeError: cannot schedule new futures after shutdown
2026-04-10 14:33:27,887 [apscheduler.scheduler] ERROR: Error submitting job "TradingEngine._trading_cycle (trigger: interval[0:00:30], next run at: 2026-04-10 14:33:27 PKT)" to executor "default"
Traceback (most recent call last):
  File "/Users/ahmed/Downloads/evotrade_final/venv/lib/python3.11/site-packages/apscheduler/schedulers/base.py", line 1195, in _process_jobs
    executor.submit_job(job, run_times)
  File "/Users/ahmed/Downloads/evotrade_final/venv/lib/python3.11/site-packages/apscheduler/executors/base.py", line 74, in submit_job
    self._do_submit_job(job, run_times)
  File "/Users/ahmed/Downloads/evotrade_final/venv/lib/python3.11/site-packages/apscheduler/executors/pool.py", line 27, in _do_submit_job
    f = self._pool.submit(
        ^^^^^^^^^^^^^^^^^^
  File "/opt/homebrew/Cellar/python@3.11/3.11.13/Frameworks/Python.framework/Versions/3.11/lib/python3.11/concurrent/futures/thread.py", line 167, in submit
    raise RuntimeError('cannot schedule new futures after shutdown')
RuntimeError: cannot schedule new futures after shutdown
2026-04-10 14:33:57,883 [apscheduler.scheduler] ERROR: Error submitting job "TradingEngine._trading_cycle (trigger: interval[0:00:30], next run at: 2026-04-10 14:33:57 PKT)" to executor "default"
Traceback (most recent call last):
  File "/Users/ahmed/Downloads/evotrade_final/venv/lib/python3.11/site-packages/apscheduler/schedulers/base.py", line 1195, in _process_jobs
    executor.submit_job(job, run_times)
  File "/Users/ahmed/Downloads/evotrade_final/venv/lib/python3.11/site-packages/apscheduler/executors/base.py", line 74, in submit_job
    self._do_submit_job(job, run_times)
  File "/Users/ahmed/Downloads/evotrade_final/venv/lib/python3.11/site-packages/apscheduler/executors/pool.py", line 27, in _do_submit_job
    f = self._pool.submit(
        ^^^^^^^^^^^^^^^^^^
  File "/opt/homebrew/Cellar/python@3.11/3.11.13/Frameworks/Python.framework/Versions/3.11/lib/python3.11/concurrent/futures/thread.py", line 167, in submit
    raise RuntimeError('cannot schedule new futures after shutdown')
RuntimeError: cannot schedule new futures after shutdown
2026-04-10 14:34:27,883 [apscheduler.scheduler] ERROR: Error submitting job "TradingEngine._trading_cycle (trigger: interval[0:00:30], next run at: 2026-04-10 14:34:27 PKT)" to executor "default"
Traceback (most recent call last):
  File "/Users/ahmed/Downloads/evotrade_final/venv/lib/python3.11/site-packages/apscheduler/schedulers/base.py", line 1195, in _process_jobs
    executor.submit_job(job, run_times)
  File "/Users/ahmed/Downloads/evotrade_final/venv/lib/python3.11/site-packages/apscheduler/executors/base.py", line 74, in submit_job
    self._do_submit_job(job, run_times)
  File "/Users/ahmed/Downloads/evotrade_final/venv/lib/python3.11/site-packages/apscheduler/executors/pool.py", line 27, in _do_submit_job
    f = self._pool.submit(
        ^^^^^^^^^^^^^^^^^^
  File "/opt/homebrew/Cellar/python@3.11/3.11.13/Frameworks/Python.framework/Versions/3.11/lib/python3.11/concurrent/futures/thread.py", line 167, in submit
    raise RuntimeError('cannot schedule new futures after shutdown')
RuntimeError: cannot schedule new futures after shutdown
2026-04-10 14:34:57,883 [apscheduler.scheduler] ERROR: Error submitting job "TradingEngine._trading_cycle (trigger: interval[0:00:30], next run at: 2026-04-10 14:34:57 PKT)" to executor "default"
Traceback (most recent call last):
  File "/Users/ahmed/Downloads/evotrade_final/venv/lib/python3.11/site-packages/apscheduler/schedulers/base.py", line 1195, in _process_jobs
    executor.submit_job(job, run_times)
  File "/Users/ahmed/Downloads/evotrade_final/venv/lib/python3.11/site-packages/apscheduler/executors/base.py", line 74, in submit_job
    self._do_submit_job(job, run_times)
  File "/Users/ahmed/Downloads/evotrade_final/venv/lib/python3.11/site-packages/apscheduler/executors/pool.py", line 27, in _do_submit_job
    f = self._pool.submit(
        ^^^^^^^^^^^^^^^^^^
  File "/opt/homebrew/Cellar/python@3.11/3.11.13/Frameworks/Python.framework/Versions/3.11/lib/python3.11/concurrent/futures/thread.py", line 167, in submit
    raise RuntimeError('cannot schedule new futures after shutdown')
RuntimeError: cannot schedule new futures after shutdown
2026-04-10 14:35:27,887 [apscheduler.scheduler] ERROR: Error submitting job "TradingEngine._trading_cycle (trigger: interval[0:00:30], next run at: 2026-04-10 14:35:27 PKT)" to executor "default"
Traceback (most recent call last):
  File "/Users/ahmed/Downloads/evotrade_final/venv/lib/python3.11/site-packages/apscheduler/schedulers/base.py", line 1195, in _process_jobs
    executor.submit_job(job, run_times)
  File "/Users/ahmed/Downloads/evotrade_final/venv/lib/python3.11/site-packages/apscheduler/executors/base.py", line 74, in submit_job
    self._do_submit_job(job, run_times)
  File "/Users/ahmed/Downloads/evotrade_final/venv/lib/python3.11/site-packages/apscheduler/executors/pool.py", line 27, in _do_submit_job
    f = self._pool.submit(
        ^^^^^^^^^^^^^^^^^^
  File "/opt/homebrew/Cellar/python@3.11/3.11.13/Frameworks/Python.framework/Versions/3.11/lib/python3.11/concurrent/futures/thread.py", line 167, in submit
    raise RuntimeError('cannot schedule new futures after shutdown')
RuntimeError: cannot schedule new futures after shutdown
2026-04-10 14:35:57,887 [apscheduler.scheduler] ERROR: Error submitting job "TradingEngine._trading_cycle (trigger: interval[0:00:30], next run at: 2026-04-10 14:35:57 PKT)" to executor "default"
Traceback (most recent call last):
  File "/Users/ahmed/Downloads/evotrade_final/venv/lib/python3.11/site-packages/apscheduler/schedulers/base.py", line 1195, in _process_jobs
    executor.submit_job(job, run_times)
  File "/Users/ahmed/Downloads/evotrade_final/venv/lib/python3.11/site-packages/apscheduler/executors/base.py", line 74, in submit_job
    self._do_submit_job(job, run_times)
  File "/Users/ahmed/Downloads/evotrade_final/venv/lib/python3.11/site-packages/apscheduler/executors/pool.py", line 27, in _do_submit_job
    f = self._pool.submit(
        ^^^^^^^^^^^^^^^^^^
  File "/opt/homebrew/Cellar/python@3.11/3.11.13/Frameworks/Python.framework/Versions/3.11/lib/python3.11/concurrent/futures/thread.py", line 167, in submit
    raise RuntimeError('cannot schedule new futures after shutdown')
RuntimeError: cannot schedule new futures after shutdown
2026-04-10 14:36:27,883 [apscheduler.scheduler] ERROR: Error submitting job "TradingEngine._trading_cycle (trigger: interval[0:00:30], next run at: 2026-04-10 14:36:27 PKT)" to executor "default"
Traceback (most recent call last):
  File "/Users/ahmed/Downloads/evotrade_final/venv/lib/python3.11/site-packages/apscheduler/schedulers/base.py", line 1195, in _process_jobs
    executor.submit_job(job, run_times)
  File "/Users/ahmed/Downloads/evotrade_final/venv/lib/python3.11/site-packages/apscheduler/executors/base.py", line 74, in submit_job
    self._do_submit_job(job, run_times)
  File "/Users/ahmed/Downloads/evotrade_final/venv/lib/python3.11/site-packages/apscheduler/executors/pool.py", line 27, in _do_submit_job
    f = self._pool.submit(
        ^^^^^^^^^^^^^^^^^^
  File "/opt/homebrew/Cellar/python@3.11/3.11.13/Frameworks/Python.framework/Versions/3.11/lib/python3.11/concurrent/futures/thread.py", line 167, in submit
    raise RuntimeError('cannot schedule new futures after shutdown')
RuntimeError: cannot schedule new futures after shutdown
2026-04-10 14:36:57,887 [apscheduler.scheduler] ERROR: Error submitting job "TradingEngine._trading_cycle (trigger: interval[0:00:30], next run at: 2026-04-10 14:36:57 PKT)" to executor "default"
Traceback (most recent call last):
  File "/Users/ahmed/Downloads/evotrade_final/venv/lib/python3.11/site-packages/apscheduler/schedulers/base.py", line 1195, in _process_jobs
    executor.submit_job(job, run_times)
  File "/Users/ahmed/Downloads/evotrade_final/venv/lib/python3.11/site-packages/apscheduler/executors/base.py", line 74, in submit_job
    self._do_submit_job(job, run_times)
  File "/Users/ahmed/Downloads/evotrade_final/venv/lib/python3.11/site-packages/apscheduler/executors/pool.py", line 27, in _do_submit_job
    f = self._pool.submit(
        ^^^^^^^^^^^^^^^^^^
  File "/opt/homebrew/Cellar/python@3.11/3.11.13/Frameworks/Python.framework/Versions/3.11/lib/python3.11/concurrent/futures/thread.py", line 167, in submit
    raise RuntimeError('cannot schedule new futures after shutdown')
RuntimeError: cannot schedule new futures after shutdown
2026-04-10 14:37:27,888 [apscheduler.scheduler] ERROR: Error submitting job "TradingEngine._trading_cycle (trigger: interval[0:00:30], next run at: 2026-04-10 14:37:27 PKT)" to executor "default"
Traceback (most recent call last):
  File "/Users/ahmed/Downloads/evotrade_final/venv/lib/python3.11/site-packages/apscheduler/schedulers/base.py", line 1195, in _process_jobs
    executor.submit_job(job, run_times)
  File "/Users/ahmed/Downloads/evotrade_final/venv/lib/python3.11/site-packages/apscheduler/executors/base.py", line 74, in submit_job
    self._do_submit_job(job, run_times)
  File "/Users/ahmed/Downloads/evotrade_final/venv/lib/python3.11/site-packages/apscheduler/executors/pool.py", line 27, in _do_submit_job
    f = self._pool.submit(
        ^^^^^^^^^^^^^^^^^^
  File "/opt/homebrew/Cellar/python@3.11/3.11.13/Frameworks/Python.framework/Versions/3.11/lib/python3.11/concurrent/futures/thread.py", line 167, in submit
    raise RuntimeError('cannot schedule new futures after shutdown')
RuntimeError: cannot schedule new futures after shutdown
2026-04-10 14:37:57,887 [apscheduler.scheduler] ERROR: Error submitting job "TradingEngine._trading_cycle (trigger: interval[0:00:30], next run at: 2026-04-10 14:37:57 PKT)" to executor "default"
Traceback (most recent call last):
  File "/Users/ahmed/Downloads/evotrade_final/venv/lib/python3.11/site-packages/apscheduler/schedulers/base.py", line 1195, in _process_jobs
    executor.submit_job(job, run_times)
  File "/Users/ahmed/Downloads/evotrade_final/venv/lib/python3.11/site-packages/apscheduler/executors/base.py", line 74, in submit_job
    self._do_submit_job(job, run_times)
  File "/Users/ahmed/Downloads/evotrade_final/venv/lib/python3.11/site-packages/apscheduler/executors/pool.py", line 27, in _do_submit_job
    f = self._pool.submit(
        ^^^^^^^^^^^^^^^^^^
  File "/opt/homebrew/Cellar/python@3.11/3.11.13/Frameworks/Python.framework/Versions/3.11/lib/python3.11/concurrent/futures/thread.py", line 167, in submit
    raise RuntimeError('cannot schedule new futures after shutdown')
RuntimeError: cannot schedule new futures after shutdown
2026-04-10 14:38:27,887 [apscheduler.scheduler] ERROR: Error submitting job "TradingEngine._trading_cycle (trigger: interval[0:00:30], next run at: 2026-04-10 14:38:27 PKT)" to executor "default"
Traceback (most recent call last):
  File "/Users/ahmed/Downloads/evotrade_final/venv/lib/python3.11/site-packages/apscheduler/schedulers/base.py", line 1195, in _process_jobs
    executor.submit_job(job, run_times)
  File "/Users/ahmed/Downloads/evotrade_final/venv/lib/python3.11/site-packages/apscheduler/executors/base.py", line 74, in submit_job
    self._do_submit_job(job, run_times)
  File "/Users/ahmed/Downloads/evotrade_final/venv/lib/python3.11/site-packages/apscheduler/executors/pool.py", line 27, in _do_submit_job
    f = self._pool.submit(
        ^^^^^^^^^^^^^^^^^^
  File "/opt/homebrew/Cellar/python@3.11/3.11.13/Frameworks/Python.framework/Versions/3.11/lib/python3.11/concurrent/futures/thread.py", line 167, in submit
    raise RuntimeError('cannot schedule new futures after shutdown')
RuntimeError: cannot schedule new futures after shutdown
2026-04-10 14:38:57,886 [apscheduler.scheduler] ERROR: Error submitting job "TradingEngine._trading_cycle (trigger: interval[0:00:30], next run at: 2026-04-10 14:38:57 PKT)" to executor "default"
Traceback (most recent call last):
  File "/Users/ahmed/Downloads/evotrade_final/venv/lib/python3.11/site-packages/apscheduler/schedulers/base.py", line 1195, in _process_jobs
    executor.submit_job(job, run_times)
  File "/Users/ahmed/Downloads/evotrade_final/venv/lib/python3.11/site-packages/apscheduler/executors/base.py", line 74, in submit_job
    self._do_submit_job(job, run_times)
  File "/Users/ahmed/Downloads/evotrade_final/venv/lib/python3.11/site-packages/apscheduler/executors/pool.py", line 27, in _do_submit_job
    f = self._pool.submit(
        ^^^^^^^^^^^^^^^^^^
  File "/opt/homebrew/Cellar/python@3.11/3.11.13/Frameworks/Python.framework/Versions/3.11/lib/python3.11/concurrent/futures/thread.py", line 167, in submit
    raise RuntimeError('cannot schedule new futures after shutdown')
RuntimeError: cannot schedule new futures after shutdown
2026-04-10 14:39:27,884 [apscheduler.scheduler] ERROR: Error submitting job "TradingEngine._trading_cycle (trigger: interval[0:00:30], next run at: 2026-04-10 14:39:27 PKT)" to executor "default"
Traceback (most recent call last):
  File "/Users/ahmed/Downloads/evotrade_final/venv/lib/python3.11/site-packages/apscheduler/schedulers/base.py", line 1195, in _process_jobs
    executor.submit_job(job, run_times)
  File "/Users/ahmed/Downloads/evotrade_final/venv/lib/python3.11/site-packages/apscheduler/executors/base.py", line 74, in submit_job
    self._do_submit_job(job, run_times)
  File "/Users/ahmed/Downloads/evotrade_final/venv/lib/python3.11/site-packages/apscheduler/executors/pool.py", line 27, in _do_submit_job
    f = self._pool.submit(
        ^^^^^^^^^^^^^^^^^^
  File "/opt/homebrew/Cellar/python@3.11/3.11.13/Frameworks/Python.framework/Versions/3.11/lib/python3.11/concurrent/futures/thread.py", line 167, in submit
    raise RuntimeError('cannot schedule new futures after shutdown')
RuntimeError: cannot schedule new futures after shutdown
2026-04-10 14:39:57,893 [apscheduler.scheduler] ERROR: Error submitting job "TradingEngine._trading_cycle (trigger: interval[0:00:30], next run at: 2026-04-10 14:39:57 PKT)" to executor "default"
Traceback (most recent call last):
  File "/Users/ahmed/Downloads/evotrade_final/venv/lib/python3.11/site-packages/apscheduler/schedulers/base.py", line 1195, in _process_jobs
    executor.submit_job(job, run_times)
  File "/Users/ahmed/Downloads/evotrade_final/venv/lib/python3.11/site-packages/apscheduler/executors/base.py", line 74, in submit_job
    self._do_submit_job(job, run_times)
  File "/Users/ahmed/Downloads/evotrade_final/venv/lib/python3.11/site-packages/apscheduler/executors/pool.py", line 27, in _do_submit_job
    f = self._pool.submit(
        ^^^^^^^^^^^^^^^^^^
  File "/opt/homebrew/Cellar/python@3.11/3.11.13/Frameworks/Python.framework/Versions/3.11/lib/python3.11/concurrent/futures/thread.py", line 167, in submit
    raise RuntimeError('cannot schedule new futures after shutdown')
RuntimeError: cannot schedule new futures after shutdown
2026-04-10 14:40:27,884 [apscheduler.scheduler] ERROR: Error submitting job "TradingEngine._trading_cycle (trigger: interval[0:00:30], next run at: 2026-04-10 14:40:27 PKT)" to executor "default"
Traceback (most recent call last):
  File "/Users/ahmed/Downloads/evotrade_final/venv/lib/python3.11/site-packages/apscheduler/schedulers/base.py", line 1195, in _process_jobs
    executor.submit_job(job, run_times)
  File "/Users/ahmed/Downloads/evotrade_final/venv/lib/python3.11/site-packages/apscheduler/executors/base.py", line 74, in submit_job
    self._do_submit_job(job, run_times)
  File "/Users/ahmed/Downloads/evotrade_final/venv/lib/python3.11/site-packages/apscheduler/executors/pool.py", line 27, in _do_submit_job
    f = self._pool.submit(
        ^^^^^^^^^^^^^^^^^^
  File "/opt/homebrew/Cellar/python@3.11/3.11.13/Frameworks/Python.framework/Versions/3.11/lib/python3.11/concurrent/futures/thread.py", line 167, in submit
    raise RuntimeError('cannot schedule new futures after shutdown')
RuntimeError: cannot schedule new futures after shutdown
2026-04-10 14:40:57,888 [apscheduler.scheduler] ERROR: Error submitting job "TradingEngine._trading_cycle (trigger: interval[0:00:30], next run at: 2026-04-10 14:40:57 PKT)" to executor "default"
Traceback (most recent call last):
  File "/Users/ahmed/Downloads/evotrade_final/venv/lib/python3.11/site-packages/apscheduler/schedulers/base.py", line 1195, in _process_jobs
    executor.submit_job(job, run_times)
  File "/Users/ahmed/Downloads/evotrade_final/venv/lib/python3.11/site-packages/apscheduler/executors/base.py", line 74, in submit_job
    self._do_submit_job(job, run_times)
  File "/Users/ahmed/Downloads/evotrade_final/venv/lib/python3.11/site-packages/apscheduler/executors/pool.py", line 27, in _do_submit_job
    f = self._pool.submit(
        ^^^^^^^^^^^^^^^^^^
  File "/opt/homebrew/Cellar/python@3.11/3.11.13/Frameworks/Python.framework/Versions/3.11/lib/python3.11/concurrent/futures/thread.py", line 167, in submit
    raise RuntimeError('cannot schedule new futures after shutdown')
RuntimeError: cannot schedule new futures after shutdown
2026-04-10 14:41:27,887 [apscheduler.scheduler] ERROR: Error submitting job "TradingEngine._trading_cycle (trigger: interval[0:00:30], next run at: 2026-04-10 14:41:27 PKT)" to executor "default"
Traceback (most recent call last):
  File "/Users/ahmed/Downloads/evotrade_final/venv/lib/python3.11/site-packages/apscheduler/schedulers/base.py", line 1195, in _process_jobs
    executor.submit_job(job, run_times)
  File "/Users/ahmed/Downloads/evotrade_final/venv/lib/python3.11/site-packages/apscheduler/executors/base.py", line 74, in submit_job
    self._do_submit_job(job, run_times)
  File "/Users/ahmed/Downloads/evotrade_final/venv/lib/python3.11/site-packages/apscheduler/executors/pool.py", line 27, in _do_submit_job
    f = self._pool.submit(
        ^^^^^^^^^^^^^^^^^^
  File "/opt/homebrew/Cellar/python@3.11/3.11.13/Frameworks/Python.framework/Versions/3.11/lib/python3.11/concurrent/futures/thread.py", line 167, in submit
    raise RuntimeError('cannot schedule new futures after shutdown')
RuntimeError: cannot schedule new futures after shutdown
2026-04-10 14:41:57,883 [apscheduler.scheduler] ERROR: Error submitting job "TradingEngine._trading_cycle (trigger: interval[0:00:30], next run at: 2026-04-10 14:41:57 PKT)" to executor "default"
Traceback (most recent call last):
  File "/Users/ahmed/Downloads/evotrade_final/venv/lib/python3.11/site-packages/apscheduler/schedulers/base.py", line 1195, in _process_jobs
    executor.submit_job(job, run_times)
  File "/Users/ahmed/Downloads/evotrade_final/venv/lib/python3.11/site-packages/apscheduler/executors/base.py", line 74, in submit_job
    self._do_submit_job(job, run_times)
  File "/Users/ahmed/Downloads/evotrade_final/venv/lib/python3.11/site-packages/apscheduler/executors/pool.py", line 27, in _do_submit_job
    f = self._pool.submit(
        ^^^^^^^^^^^^^^^^^^
  File "/opt/homebrew/Cellar/python@3.11/3.11.13/Frameworks/Python.framework/Versions/3.11/lib/python3.11/concurrent/futures/thread.py", line 167, in submit
    raise RuntimeError('cannot schedule new futures after shutdown')
RuntimeError: cannot schedule new futures after shutdown
2026-04-10 14:42:27,888 [apscheduler.scheduler] ERROR: Error submitting job "TradingEngine._trading_cycle (trigger: interval[0:00:30], next run at: 2026-04-10 14:42:27 PKT)" to executor "default"
Traceback (most recent call last):
  File "/Users/ahmed/Downloads/evotrade_final/venv/lib/python3.11/site-packages/apscheduler/schedulers/base.py", line 1195, in _process_jobs
    executor.submit_job(job, run_times)
  File "/Users/ahmed/Downloads/evotrade_final/venv/lib/python3.11/site-packages/apscheduler/executors/base.py", line 74, in submit_job
    self._do_submit_job(job, run_times)
  File "/Users/ahmed/Downloads/evotrade_final/venv/lib/python3.11/site-packages/apscheduler/executors/pool.py", line 27, in _do_submit_job
    f = self._pool.submit(
        ^^^^^^^^^^^^^^^^^^
  File "/opt/homebrew/Cellar/python@3.11/3.11.13/Frameworks/Python.framework/Versions/3.11/lib/python3.11/concurrent/futures/thread.py", line 167, in submit
    raise RuntimeError('cannot schedule new futures after shutdown')
RuntimeError: cannot schedule new futures after shutdown
2026-04-10 14:42:57,887 [apscheduler.scheduler] ERROR: Error submitting job "TradingEngine._trading_cycle (trigger: interval[0:00:30], next run at: 2026-04-10 14:42:57 PKT)" to executor "default"
Traceback (most recent call last):
  File "/Users/ahmed/Downloads/evotrade_final/venv/lib/python3.11/site-packages/apscheduler/schedulers/base.py", line 1195, in _process_jobs
    executor.submit_job(job, run_times)
  File "/Users/ahmed/Downloads/evotrade_final/venv/lib/python3.11/site-packages/apscheduler/executors/base.py", line 74, in submit_job
    self._do_submit_job(job, run_times)
  File "/Users/ahmed/Downloads/evotrade_final/venv/lib/python3.11/site-packages/apscheduler/executors/pool.py", line 27, in _do_submit_job
    f = self._pool.submit(
        ^^^^^^^^^^^^^^^^^^
  File "/opt/homebrew/Cellar/python@3.11/3.11.13/Frameworks/Python.framework/Versions/3.11/lib/python3.11/concurrent/futures/thread.py", line 167, in submit
    raise RuntimeError('cannot schedule new futures after shutdown')
RuntimeError: cannot schedule new futures after shutdown
2026-04-10 14:43:27,887 [apscheduler.scheduler] ERROR: Error submitting job "TradingEngine._trading_cycle (trigger: interval[0:00:30], next run at: 2026-04-10 14:43:27 PKT)" to executor "default"
Traceback (most recent call last):
  File "/Users/ahmed/Downloads/evotrade_final/venv/lib/python3.11/site-packages/apscheduler/schedulers/base.py", line 1195, in _process_jobs
    executor.submit_job(job, run_times)
  File "/Users/ahmed/Downloads/evotrade_final/venv/lib/python3.11/site-packages/apscheduler/executors/base.py", line 74, in submit_job
    self._do_submit_job(job, run_times)
  File "/Users/ahmed/Downloads/evotrade_final/venv/lib/python3.11/site-packages/apscheduler/executors/pool.py", line 27, in _do_submit_job
    f = self._pool.submit(
        ^^^^^^^^^^^^^^^^^^
  File "/opt/homebrew/Cellar/python@3.11/3.11.13/Frameworks/Python.framework/Versions/3.11/lib/python3.11/concurrent/futures/thread.py", line 167, in submit
    raise RuntimeError('cannot schedule new futures after shutdown')
RuntimeError: cannot schedule new futures after shutdown
2026-04-10 14:43:57,885 [apscheduler.scheduler] ERROR: Error submitting job "TradingEngine._trading_cycle (trigger: interval[0:00:30], next run at: 2026-04-10 14:43:57 PKT)" to executor "default"
Traceback (most recent call last):
  File "/Users/ahmed/Downloads/evotrade_final/venv/lib/python3.11/site-packages/apscheduler/schedulers/base.py", line 1195, in _process_jobs
    executor.submit_job(job, run_times)
  File "/Users/ahmed/Downloads/evotrade_final/venv/lib/python3.11/site-packages/apscheduler/executors/base.py", line 74, in submit_job
    self._do_submit_job(job, run_times)
  File "/Users/ahmed/Downloads/evotrade_final/venv/lib/python3.11/site-packages/apscheduler/executors/pool.py", line 27, in _do_submit_job
    f = self._pool.submit(
        ^^^^^^^^^^^^^^^^^^
  File "/opt/homebrew/Cellar/python@3.11/3.11.13/Frameworks/Python.framework/Versions/3.11/lib/python3.11/concurrent/futures/thread.py", line 167, in submit
    raise RuntimeError('cannot schedule new futures after shutdown')
RuntimeError: cannot schedule new futures after shutdown
2026-04-10 14:44:27,887 [apscheduler.scheduler] ERROR: Error submitting job "TradingEngine._trading_cycle (trigger: interval[0:00:30], next run at: 2026-04-10 14:44:27 PKT)" to executor "default"
Traceback (most recent call last):
  File "/Users/ahmed/Downloads/evotrade_final/venv/lib/python3.11/site-packages/apscheduler/schedulers/base.py", line 1195, in _process_jobs
    executor.submit_job(job, run_times)
  File "/Users/ahmed/Downloads/evotrade_final/venv/lib/python3.11/site-packages/apscheduler/executors/base.py", line 74, in submit_job
    self._do_submit_job(job, run_times)
  File "/Users/ahmed/Downloads/evotrade_final/venv/lib/python3.11/site-packages/apscheduler/executors/pool.py", line 27, in _do_submit_job
    f = self._pool.submit(
        ^^^^^^^^^^^^^^^^^^
  File "/opt/homebrew/Cellar/python@3.11/3.11.13/Frameworks/Python.framework/Versions/3.11/lib/python3.11/concurrent/futures/thread.py", line 167, in submit
    raise RuntimeError('cannot schedule new futures after shutdown')
RuntimeError: cannot schedule new futures after shutdown
2026-04-10 14:44:57,885 [apscheduler.scheduler] ERROR: Error submitting job "TradingEngine._trading_cycle (trigger: interval[0:00:30], next run at: 2026-04-10 14:44:57 PKT)" to executor "default"
Traceback (most recent call last):
  File "/Users/ahmed/Downloads/evotrade_final/venv/lib/python3.11/site-packages/apscheduler/schedulers/base.py", line 1195, in _process_jobs
    executor.submit_job(job, run_times)
  File "/Users/ahmed/Downloads/evotrade_final/venv/lib/python3.11/site-packages/apscheduler/executors/base.py", line 74, in submit_job
    self._do_submit_job(job, run_times)
  File "/Users/ahmed/Downloads/evotrade_final/venv/lib/python3.11/site-packages/apscheduler/executors/pool.py", line 27, in _do_submit_job
    f = self._pool.submit(
        ^^^^^^^^^^^^^^^^^^
  File "/opt/homebrew/Cellar/python@3.11/3.11.13/Frameworks/Python.framework/Versions/3.11/lib/python3.11/concurrent/futures/thread.py", line 167, in submit
    raise RuntimeError('cannot schedule new futures after shutdown')
RuntimeError: cannot schedule new futures after shutdown
2026-04-10 14:45:27,887 [apscheduler.scheduler] ERROR: Error submitting job "TradingEngine._trading_cycle (trigger: interval[0:00:30], next run at: 2026-04-10 14:45:27 PKT)" to executor "default"
Traceback (most recent call last):
  File "/Users/ahmed/Downloads/evotrade_final/venv/lib/python3.11/site-packages/apscheduler/schedulers/base.py", line 1195, in _process_jobs
    executor.submit_job(job, run_times)
  File "/Users/ahmed/Downloads/evotrade_final/venv/lib/python3.11/site-packages/apscheduler/executors/base.py", line 74, in submit_job
    self._do_submit_job(job, run_times)
  File "/Users/ahmed/Downloads/evotrade_final/venv/lib/python3.11/site-packages/apscheduler/executors/pool.py", line 27, in _do_submit_job
    f = self._pool.submit(
        ^^^^^^^^^^^^^^^^^^
  File "/opt/homebrew/Cellar/python@3.11/3.11.13/Frameworks/Python.framework/Versions/3.11/lib/python3.11/concurrent/futures/thread.py", line 167, in submit
    raise RuntimeError('cannot schedule new futures after shutdown')
RuntimeError: cannot schedule new futures after shutdown
2026-04-10 14:45:57,884 [apscheduler.scheduler] ERROR: Error submitting job "TradingEngine._trading_cycle (trigger: interval[0:00:30], next run at: 2026-04-10 14:45:57 PKT)" to executor "default"
Traceback (most recent call last):
  File "/Users/ahmed/Downloads/evotrade_final/venv/lib/python3.11/site-packages/apscheduler/schedulers/base.py", line 1195, in _process_jobs
    executor.submit_job(job, run_times)
  File "/Users/ahmed/Downloads/evotrade_final/venv/lib/python3.11/site-packages/apscheduler/executors/base.py", line 74, in submit_job
    self._do_submit_job(job, run_times)
  File "/Users/ahmed/Downloads/evotrade_final/venv/lib/python3.11/site-packages/apscheduler/executors/pool.py", line 27, in _do_submit_job
    f = self._pool.submit(
        ^^^^^^^^^^^^^^^^^^
  File "/opt/homebrew/Cellar/python@3.11/3.11.13/Frameworks/Python.framework/Versions/3.11/lib/python3.11/concurrent/futures/thread.py", line 167, in submit
    raise RuntimeError('cannot schedule new futures after shutdown')
RuntimeError: cannot schedule new futures after shutdown
2026-04-10 14:46:27,887 [apscheduler.scheduler] ERROR: Error submitting job "TradingEngine._trading_cycle (trigger: interval[0:00:30], next run at: 2026-04-10 14:46:27 PKT)" to executor "default"
Traceback (most recent call last):
  File "/Users/ahmed/Downloads/evotrade_final/venv/lib/python3.11/site-packages/apscheduler/schedulers/base.py", line 1195, in _process_jobs
    executor.submit_job(job, run_times)
  File "/Users/ahmed/Downloads/evotrade_final/venv/lib/python3.11/site-packages/apscheduler/executors/base.py", line 74, in submit_job
    self._do_submit_job(job, run_times)
  File "/Users/ahmed/Downloads/evotrade_final/venv/lib/python3.11/site-packages/apscheduler/executors/pool.py", line 27, in _do_submit_job
    f = self._pool.submit(
        ^^^^^^^^^^^^^^^^^^
  File "/opt/homebrew/Cellar/python@3.11/3.11.13/Frameworks/Python.framework/Versions/3.11/lib/python3.11/concurrent/futures/thread.py", line 167, in submit
    raise RuntimeError('cannot schedule new futures after shutdown')
RuntimeError: cannot schedule new futures after shutdown
2026-04-10 14:46:57,886 [apscheduler.scheduler] ERROR: Error submitting job "TradingEngine._trading_cycle (trigger: interval[0:00:30], next run at: 2026-04-10 14:46:57 PKT)" to executor "default"
Traceback (most recent call last):
  File "/Users/ahmed/Downloads/evotrade_final/venv/lib/python3.11/site-packages/apscheduler/schedulers/base.py", line 1195, in _process_jobs
    executor.submit_job(job, run_times)
  File "/Users/ahmed/Downloads/evotrade_final/venv/lib/python3.11/site-packages/apscheduler/executors/base.py", line 74, in submit_job
    self._do_submit_job(job, run_times)
  File "/Users/ahmed/Downloads/evotrade_final/venv/lib/python3.11/site-packages/apscheduler/executors/pool.py", line 27, in _do_submit_job
    f = self._pool.submit(
        ^^^^^^^^^^^^^^^^^^
  File "/opt/homebrew/Cellar/python@3.11/3.11.13/Frameworks/Python.framework/Versions/3.11/lib/python3.11/concurrent/futures/thread.py", line 167, in submit
    raise RuntimeError('cannot schedule new futures after shutdown')
RuntimeError: cannot schedule new futures after shutdown
2026-04-10 14:47:27,887 [apscheduler.scheduler] ERROR: Error submitting job "TradingEngine._trading_cycle (trigger: interval[0:00:30], next run at: 2026-04-10 14:47:27 PKT)" to executor "default"
Traceback (most recent call last):
  File "/Users/ahmed/Downloads/evotrade_final/venv/lib/python3.11/site-packages/apscheduler/schedulers/base.py", line 1195, in _process_jobs
    executor.submit_job(job, run_times)
  File "/Users/ahmed/Downloads/evotrade_final/venv/lib/python3.11/site-packages/apscheduler/executors/base.py", line 74, in submit_job
    self._do_submit_job(job, run_times)
  File "/Users/ahmed/Downloads/evotrade_final/venv/lib/python3.11/site-packages/apscheduler/executors/pool.py", line 27, in _do_submit_job
    f = self._pool.submit(
        ^^^^^^^^^^^^^^^^^^
  File "/opt/homebrew/Cellar/python@3.11/3.11.13/Frameworks/Python.framework/Versions/3.11/lib/python3.11/concurrent/futures/thread.py", line 167, in submit
    raise RuntimeError('cannot schedule new futures after shutdown')
RuntimeError: cannot schedule new futures after shutdown
2026-04-10 14:47:57,884 [apscheduler.scheduler] ERROR: Error submitting job "TradingEngine._trading_cycle (trigger: interval[0:00:30], next run at: 2026-04-10 14:47:57 PKT)" to executor "default"
Traceback (most recent call last):
  File "/Users/ahmed/Downloads/evotrade_final/venv/lib/python3.11/site-packages/apscheduler/schedulers/base.py", line 1195, in _process_jobs
    executor.submit_job(job, run_times)
  File "/Users/ahmed/Downloads/evotrade_final/venv/lib/python3.11/site-packages/apscheduler/executors/base.py", line 74, in submit_job
    self._do_submit_job(job, run_times)
  File "/Users/ahmed/Downloads/evotrade_final/venv/lib/python3.11/site-packages/apscheduler/executors/pool.py", line 27, in _do_submit_job
    f = self._pool.submit(
        ^^^^^^^^^^^^^^^^^^
  File "/opt/homebrew/Cellar/python@3.11/3.11.13/Frameworks/Python.framework/Versions/3.11/lib/python3.11/concurrent/futures/thread.py", line 167, in submit
    raise RuntimeError('cannot schedule new futures after shutdown')
RuntimeError: cannot schedule new futures after shutdown
2026-04-10 14:48:27,887 [apscheduler.scheduler] ERROR: Error submitting job "TradingEngine._trading_cycle (trigger: interval[0:00:30], next run at: 2026-04-10 14:48:27 PKT)" to executor "default"
Traceback (most recent call last):
  File "/Users/ahmed/Downloads/evotrade_final/venv/lib/python3.11/site-packages/apscheduler/schedulers/base.py", line 1195, in _process_jobs
    executor.submit_job(job, run_times)
  File "/Users/ahmed/Downloads/evotrade_final/venv/lib/python3.11/site-packages/apscheduler/executors/base.py", line 74, in submit_job
    self._do_submit_job(job, run_times)
  File "/Users/ahmed/Downloads/evotrade_final/venv/lib/python3.11/site-packages/apscheduler/executors/pool.py", line 27, in _do_submit_job
    f = self._pool.submit(
        ^^^^^^^^^^^^^^^^^^
  File "/opt/homebrew/Cellar/python@3.11/3.11.13/Frameworks/Python.framework/Versions/3.11/lib/python3.11/concurrent/futures/thread.py", line 167, in submit
    raise RuntimeError('cannot schedule new futures after shutdown')
RuntimeError: cannot schedule new futures after shutdown
2026-04-10 14:48:57,888 [apscheduler.scheduler] ERROR: Error submitting job "TradingEngine._trading_cycle (trigger: interval[0:00:30], next run at: 2026-04-10 14:48:57 PKT)" to executor "default"
Traceback (most recent call last):
  File "/Users/ahmed/Downloads/evotrade_final/venv/lib/python3.11/site-packages/apscheduler/schedulers/base.py", line 1195, in _process_jobs
    executor.submit_job(job, run_times)
  File "/Users/ahmed/Downloads/evotrade_final/venv/lib/python3.11/site-packages/apscheduler/executors/base.py", line 74, in submit_job
    self._do_submit_job(job, run_times)
  File "/Users/ahmed/Downloads/evotrade_final/venv/lib/python3.11/site-packages/apscheduler/executors/pool.py", line 27, in _do_submit_job
    f = self._pool.submit(
        ^^^^^^^^^^^^^^^^^^
  File "/opt/homebrew/Cellar/python@3.11/3.11.13/Frameworks/Python.framework/Versions/3.11/lib/python3.11/concurrent/futures/thread.py", line 167, in submit
    raise RuntimeError('cannot schedule new futures after shutdown')
RuntimeError: cannot schedule new futures after shutdown
2026-04-10 14:49:27,890 [apscheduler.scheduler] ERROR: Error submitting job "TradingEngine._trading_cycle (trigger: interval[0:00:30], next run at: 2026-04-10 14:49:27 PKT)" to executor "default"
Traceback (most recent call last):
  File "/Users/ahmed/Downloads/evotrade_final/venv/lib/python3.11/site-packages/apscheduler/schedulers/base.py", line 1195, in _process_jobs
    executor.submit_job(job, run_times)
  File "/Users/ahmed/Downloads/evotrade_final/venv/lib/python3.11/site-packages/apscheduler/executors/base.py", line 74, in submit_job
    self._do_submit_job(job, run_times)
  File "/Users/ahmed/Downloads/evotrade_final/venv/lib/python3.11/site-packages/apscheduler/executors/pool.py", line 27, in _do_submit_job
    f = self._pool.submit(
        ^^^^^^^^^^^^^^^^^^
  File "/opt/homebrew/Cellar/python@3.11/3.11.13/Frameworks/Python.framework/Versions/3.11/lib/python3.11/concurrent/futures/thread.py", line 167, in submit
    raise RuntimeError('cannot schedule new futures after shutdown')
RuntimeError: cannot schedule new futures after shutdown
2026-04-10 14:49:57,912 [apscheduler.scheduler] ERROR: Error submitting job "TradingEngine._trading_cycle (trigger: interval[0:00:30], next run at: 2026-04-10 14:49:57 PKT)" to executor "default"
Traceback (most recent call last):
  File "/Users/ahmed/Downloads/evotrade_final/venv/lib/python3.11/site-packages/apscheduler/schedulers/base.py", line 1195, in _process_jobs
    executor.submit_job(job, run_times)
  File "/Users/ahmed/Downloads/evotrade_final/venv/lib/python3.11/site-packages/apscheduler/executors/base.py", line 74, in submit_job
    self._do_submit_job(job, run_times)
  File "/Users/ahmed/Downloads/evotrade_final/venv/lib/python3.11/site-packages/apscheduler/executors/pool.py", line 27, in _do_submit_job
    f = self._pool.submit(
        ^^^^^^^^^^^^^^^^^^
  File "/opt/homebrew/Cellar/python@3.11/3.11.13/Frameworks/Python.framework/Versions/3.11/lib/python3.11/concurrent/futures/thread.py", line 167, in submit
    raise RuntimeError('cannot schedule new futures after shutdown')
RuntimeError: cannot schedule new futures after shutdown
2026-04-10 14:50:27,890 [apscheduler.scheduler] ERROR: Error submitting job "TradingEngine._trading_cycle (trigger: interval[0:00:30], next run at: 2026-04-10 14:50:27 PKT)" to executor "default"
Traceback (most recent call last):
  File "/Users/ahmed/Downloads/evotrade_final/venv/lib/python3.11/site-packages/apscheduler/schedulers/base.py", line 1195, in _process_jobs
    executor.submit_job(job, run_times)
  File "/Users/ahmed/Downloads/evotrade_final/venv/lib/python3.11/site-packages/apscheduler/executors/base.py", line 74, in submit_job
    self._do_submit_job(job, run_times)
  File "/Users/ahmed/Downloads/evotrade_final/venv/lib/python3.11/site-packages/apscheduler/executors/pool.py", line 27, in _do_submit_job
    f = self._pool.submit(
        ^^^^^^^^^^^^^^^^^^
  File "/opt/homebrew/Cellar/python@3.11/3.11.13/Frameworks/Python.framework/Versions/3.11/lib/python3.11/concurrent/futures/thread.py", line 167, in submit
    raise RuntimeError('cannot schedule new futures after shutdown')
RuntimeError: cannot schedule new futures after shutdown
2026-04-10 14:50:57,887 [apscheduler.scheduler] ERROR: Error submitting job "TradingEngine._trading_cycle (trigger: interval[0:00:30], next run at: 2026-04-10 14:50:57 PKT)" to executor "default"
Traceback (most recent call last):
  File "/Users/ahmed/Downloads/evotrade_final/venv/lib/python3.11/site-packages/apscheduler/schedulers/base.py", line 1195, in _process_jobs
    executor.submit_job(job, run_times)
  File "/Users/ahmed/Downloads/evotrade_final/venv/lib/python3.11/site-packages/apscheduler/executors/base.py", line 74, in submit_job
    self._do_submit_job(job, run_times)
  File "/Users/ahmed/Downloads/evotrade_final/venv/lib/python3.11/site-packages/apscheduler/executors/pool.py", line 27, in _do_submit_job
    f = self._pool.submit(
        ^^^^^^^^^^^^^^^^^^
  File "/opt/homebrew/Cellar/python@3.11/3.11.13/Frameworks/Python.framework/Versions/3.11/lib/python3.11/concurrent/futures/thread.py", line 167, in submit
    raise RuntimeError('cannot schedule new futures after shutdown')
RuntimeError: cannot schedule new futures after shutdown
2026-04-10 14:51:27,888 [apscheduler.scheduler] ERROR: Error submitting job "TradingEngine._trading_cycle (trigger: interval[0:00:30], next run at: 2026-04-10 14:51:27 PKT)" to executor "default"
Traceback (most recent call last):
  File "/Users/ahmed/Downloads/evotrade_final/venv/lib/python3.11/site-packages/apscheduler/schedulers/base.py", line 1195, in _process_jobs
    executor.submit_job(job, run_times)
  File "/Users/ahmed/Downloads/evotrade_final/venv/lib/python3.11/site-packages/apscheduler/executors/base.py", line 74, in submit_job
    self._do_submit_job(job, run_times)
  File "/Users/ahmed/Downloads/evotrade_final/venv/lib/python3.11/site-packages/apscheduler/executors/pool.py", line 27, in _do_submit_job
    f = self._pool.submit(
        ^^^^^^^^^^^^^^^^^^
  File "/opt/homebrew/Cellar/python@3.11/3.11.13/Frameworks/Python.framework/Versions/3.11/lib/python3.11/concurrent/futures/thread.py", line 167, in submit
    raise RuntimeError('cannot schedule new futures after shutdown')
RuntimeError: cannot schedule new futures after shutdown
2026-04-10 14:51:57,887 [apscheduler.scheduler] ERROR: Error submitting job "TradingEngine._trading_cycle (trigger: interval[0:00:30], next run at: 2026-04-10 14:51:57 PKT)" to executor "default"
Traceback (most recent call last):
  File "/Users/ahmed/Downloads/evotrade_final/venv/lib/python3.11/site-packages/apscheduler/schedulers/base.py", line 1195, in _process_jobs
    executor.submit_job(job, run_times)
  File "/Users/ahmed/Downloads/evotrade_final/venv/lib/python3.11/site-packages/apscheduler/executors/base.py", line 74, in submit_job
    self._do_submit_job(job, run_times)
  File "/Users/ahmed/Downloads/evotrade_final/venv/lib/python3.11/site-packages/apscheduler/executors/pool.py", line 27, in _do_submit_job
    f = self._pool.submit(
        ^^^^^^^^^^^^^^^^^^
  File "/opt/homebrew/Cellar/python@3.11/3.11.13/Frameworks/Python.framework/Versions/3.11/lib/python3.11/concurrent/futures/thread.py", line 167, in submit
    raise RuntimeError('cannot schedule new futures after shutdown')
RuntimeError: cannot schedule new futures after shutdown
2026-04-10 14:52:27,883 [apscheduler.scheduler] ERROR: Error submitting job "TradingEngine._trading_cycle (trigger: interval[0:00:30], next run at: 2026-04-10 14:52:27 PKT)" to executor "default"
Traceback (most recent call last):
  File "/Users/ahmed/Downloads/evotrade_final/venv/lib/python3.11/site-packages/apscheduler/schedulers/base.py", line 1195, in _process_jobs
    executor.submit_job(job, run_times)
  File "/Users/ahmed/Downloads/evotrade_final/venv/lib/python3.11/site-packages/apscheduler/executors/base.py", line 74, in submit_job
    self._do_submit_job(job, run_times)
  File "/Users/ahmed/Downloads/evotrade_final/venv/lib/python3.11/site-packages/apscheduler/executors/pool.py", line 27, in _do_submit_job
    f = self._pool.submit(
        ^^^^^^^^^^^^^^^^^^
  File "/opt/homebrew/Cellar/python@3.11/3.11.13/Frameworks/Python.framework/Versions/3.11/lib/python3.11/concurrent/futures/thread.py", line 167, in submit
    raise RuntimeError('cannot schedule new futures after shutdown')
RuntimeError: cannot schedule new futures after shutdown
2026-04-10 14:52:57,885 [apscheduler.scheduler] ERROR: Error submitting job "TradingEngine._trading_cycle (trigger: interval[0:00:30], next run at: 2026-04-10 14:52:57 PKT)" to executor "default"
Traceback (most recent call last):
  File "/Users/ahmed/Downloads/evotrade_final/venv/lib/python3.11/site-packages/apscheduler/schedulers/base.py", line 1195, in _process_jobs
    executor.submit_job(job, run_times)
  File "/Users/ahmed/Downloads/evotrade_final/venv/lib/python3.11/site-packages/apscheduler/executors/base.py", line 74, in submit_job
    self._do_submit_job(job, run_times)
  File "/Users/ahmed/Downloads/evotrade_final/venv/lib/python3.11/site-packages/apscheduler/executors/pool.py", line 27, in _do_submit_job
    f = self._pool.submit(
        ^^^^^^^^^^^^^^^^^^
  File "/opt/homebrew/Cellar/python@3.11/3.11.13/Frameworks/Python.framework/Versions/3.11/lib/python3.11/concurrent/futures/thread.py", line 167, in submit
    raise RuntimeError('cannot schedule new futures after shutdown')
RuntimeError: cannot schedule new futures after shutdown
2026-04-10 14:53:27,883 [apscheduler.scheduler] ERROR: Error submitting job "TradingEngine._trading_cycle (trigger: interval[0:00:30], next run at: 2026-04-10 14:53:27 PKT)" to executor "default"
Traceback (most recent call last):
  File "/Users/ahmed/Downloads/evotrade_final/venv/lib/python3.11/site-packages/apscheduler/schedulers/base.py", line 1195, in _process_jobs
    executor.submit_job(job, run_times)
  File "/Users/ahmed/Downloads/evotrade_final/venv/lib/python3.11/site-packages/apscheduler/executors/base.py", line 74, in submit_job
    self._do_submit_job(job, run_times)
  File "/Users/ahmed/Downloads/evotrade_final/venv/lib/python3.11/site-packages/apscheduler/executors/pool.py", line 27, in _do_submit_job
    f = self._pool.submit(
        ^^^^^^^^^^^^^^^^^^
  File "/opt/homebrew/Cellar/python@3.11/3.11.13/Frameworks/Python.framework/Versions/3.11/lib/python3.11/concurrent/futures/thread.py", line 167, in submit
    raise RuntimeError('cannot schedule new futures after shutdown')
RuntimeError: cannot schedule new futures after shutdown
2026-04-10 14:53:57,892 [apscheduler.scheduler] ERROR: Error submitting job "TradingEngine._trading_cycle (trigger: interval[0:00:30], next run at: 2026-04-10 14:53:57 PKT)" to executor "default"
Traceback (most recent call last):
  File "/Users/ahmed/Downloads/evotrade_final/venv/lib/python3.11/site-packages/apscheduler/schedulers/base.py", line 1195, in _process_jobs
    executor.submit_job(job, run_times)
  File "/Users/ahmed/Downloads/evotrade_final/venv/lib/python3.11/site-packages/apscheduler/executors/base.py", line 74, in submit_job
    self._do_submit_job(job, run_times)
  File "/Users/ahmed/Downloads/evotrade_final/venv/lib/python3.11/site-packages/apscheduler/executors/pool.py", line 27, in _do_submit_job
    f = self._pool.submit(
        ^^^^^^^^^^^^^^^^^^
  File "/opt/homebrew/Cellar/python@3.11/3.11.13/Frameworks/Python.framework/Versions/3.11/lib/python3.11/concurrent/futures/thread.py", line 167, in submit
    raise RuntimeError('cannot schedule new futures after shutdown')
RuntimeError: cannot schedule new futures after shutdown
2026-04-10 14:54:27,885 [apscheduler.scheduler] ERROR: Error submitting job "TradingEngine._trading_cycle (trigger: interval[0:00:30], next run at: 2026-04-10 14:54:27 PKT)" to executor "default"
Traceback (most recent call last):
  File "/Users/ahmed/Downloads/evotrade_final/venv/lib/python3.11/site-packages/apscheduler/schedulers/base.py", line 1195, in _process_jobs
    executor.submit_job(job, run_times)
  File "/Users/ahmed/Downloads/evotrade_final/venv/lib/python3.11/site-packages/apscheduler/executors/base.py", line 74, in submit_job
    self._do_submit_job(job, run_times)
  File "/Users/ahmed/Downloads/evotrade_final/venv/lib/python3.11/site-packages/apscheduler/executors/pool.py", line 27, in _do_submit_job
    f = self._pool.submit(
        ^^^^^^^^^^^^^^^^^^
  File "/opt/homebrew/Cellar/python@3.11/3.11.13/Frameworks/Python.framework/Versions/3.11/lib/python3.11/concurrent/futures/thread.py", line 167, in submit
    raise RuntimeError('cannot schedule new futures after shutdown')
RuntimeError: cannot schedule new futures after shutdown
2026-04-10 14:54:57,888 [apscheduler.scheduler] ERROR: Error submitting job "TradingEngine._trading_cycle (trigger: interval[0:00:30], next run at: 2026-04-10 14:54:57 PKT)" to executor "default"
Traceback (most recent call last):
  File "/Users/ahmed/Downloads/evotrade_final/venv/lib/python3.11/site-packages/apscheduler/schedulers/base.py", line 1195, in _process_jobs
    executor.submit_job(job, run_times)
  File "/Users/ahmed/Downloads/evotrade_final/venv/lib/python3.11/site-packages/apscheduler/executors/base.py", line 74, in submit_job
    self._do_submit_job(job, run_times)
  File "/Users/ahmed/Downloads/evotrade_final/venv/lib/python3.11/site-packages/apscheduler/executors/pool.py", line 27, in _do_submit_job
    f = self._pool.submit(
        ^^^^^^^^^^^^^^^^^^
  File "/opt/homebrew/Cellar/python@3.11/3.11.13/Frameworks/Python.framework/Versions/3.11/lib/python3.11/concurrent/futures/thread.py", line 167, in submit
    raise RuntimeError('cannot schedule new futures after shutdown')
RuntimeError: cannot schedule new futures after shutdown
2026-04-10 14:55:27,892 [apscheduler.scheduler] ERROR: Error submitting job "TradingEngine._trading_cycle (trigger: interval[0:00:30], next run at: 2026-04-10 14:55:27 PKT)" to executor "default"
Traceback (most recent call last):
  File "/Users/ahmed/Downloads/evotrade_final/venv/lib/python3.11/site-packages/apscheduler/schedulers/base.py", line 1195, in _process_jobs
    executor.submit_job(job, run_times)
  File "/Users/ahmed/Downloads/evotrade_final/venv/lib/python3.11/site-packages/apscheduler/executors/base.py", line 74, in submit_job
    self._do_submit_job(job, run_times)
  File "/Users/ahmed/Downloads/evotrade_final/venv/lib/python3.11/site-packages/apscheduler/executors/pool.py", line 27, in _do_submit_job
    f = self._pool.submit(
        ^^^^^^^^^^^^^^^^^^
  File "/opt/homebrew/Cellar/python@3.11/3.11.13/Frameworks/Python.framework/Versions/3.11/lib/python3.11/concurrent/futures/thread.py", line 167, in submit
    raise RuntimeError('cannot schedule new futures after shutdown')
RuntimeError: cannot schedule new futures after shutdown
2026-04-10 14:55:57,885 [apscheduler.scheduler] ERROR: Error submitting job "TradingEngine._trading_cycle (trigger: interval[0:00:30], next run at: 2026-04-10 14:55:57 PKT)" to executor "default"
Traceback (most recent call last):
  File "/Users/ahmed/Downloads/evotrade_final/venv/lib/python3.11/site-packages/apscheduler/schedulers/base.py", line 1195, in _process_jobs
    executor.submit_job(job, run_times)
  File "/Users/ahmed/Downloads/evotrade_final/venv/lib/python3.11/site-packages/apscheduler/executors/base.py", line 74, in submit_job
    self._do_submit_job(job, run_times)
  File "/Users/ahmed/Downloads/evotrade_final/venv/lib/python3.11/site-packages/apscheduler/executors/pool.py", line 27, in _do_submit_job
    f = self._pool.submit(
        ^^^^^^^^^^^^^^^^^^
  File "/opt/homebrew/Cellar/python@3.11/3.11.13/Frameworks/Python.framework/Versions/3.11/lib/python3.11/concurrent/futures/thread.py", line 167, in submit
    raise RuntimeError('cannot schedule new futures after shutdown')
RuntimeError: cannot schedule new futures after shutdown
2026-04-10 14:56:27,884 [apscheduler.scheduler] ERROR: Error submitting job "TradingEngine._trading_cycle (trigger: interval[0:00:30], next run at: 2026-04-10 14:56:27 PKT)" to executor "default"
Traceback (most recent call last):
  File "/Users/ahmed/Downloads/evotrade_final/venv/lib/python3.11/site-packages/apscheduler/schedulers/base.py", line 1195, in _process_jobs
    executor.submit_job(job, run_times)
  File "/Users/ahmed/Downloads/evotrade_final/venv/lib/python3.11/site-packages/apscheduler/executors/base.py", line 74, in submit_job
    self._do_submit_job(job, run_times)
  File "/Users/ahmed/Downloads/evotrade_final/venv/lib/python3.11/site-packages/apscheduler/executors/pool.py", line 27, in _do_submit_job
    f = self._pool.submit(
        ^^^^^^^^^^^^^^^^^^
  File "/opt/homebrew/Cellar/python@3.11/3.11.13/Frameworks/Python.framework/Versions/3.11/lib/python3.11/concurrent/futures/thread.py", line 167, in submit
    raise RuntimeError('cannot schedule new futures after shutdown')
RuntimeError: cannot schedule new futures after shutdown
2026-04-10 14:56:57,884 [apscheduler.scheduler] ERROR: Error submitting job "TradingEngine._trading_cycle (trigger: interval[0:00:30], next run at: 2026-04-10 14:56:57 PKT)" to executor "default"
Traceback (most recent call last):
  File "/Users/ahmed/Downloads/evotrade_final/venv/lib/python3.11/site-packages/apscheduler/schedulers/base.py", line 1195, in _process_jobs
    executor.submit_job(job, run_times)
  File "/Users/ahmed/Downloads/evotrade_final/venv/lib/python3.11/site-packages/apscheduler/executors/base.py", line 74, in submit_job
    self._do_submit_job(job, run_times)
  File "/Users/ahmed/Downloads/evotrade_final/venv/lib/python3.11/site-packages/apscheduler/executors/pool.py", line 27, in _do_submit_job
    f = self._pool.submit(
        ^^^^^^^^^^^^^^^^^^
  File "/opt/homebrew/Cellar/python@3.11/3.11.13/Frameworks/Python.framework/Versions/3.11/lib/python3.11/concurrent/futures/thread.py", line 167, in submit
    raise RuntimeError('cannot schedule new futures after shutdown')
RuntimeError: cannot schedule new futures after shutdown
2026-04-10 14:57:27,887 [apscheduler.scheduler] ERROR: Error submitting job "TradingEngine._trading_cycle (trigger: interval[0:00:30], next run at: 2026-04-10 14:57:27 PKT)" to executor "default"
Traceback (most recent call last):
  File "/Users/ahmed/Downloads/evotrade_final/venv/lib/python3.11/site-packages/apscheduler/schedulers/base.py", line 1195, in _process_jobs
    executor.submit_job(job, run_times)
  File "/Users/ahmed/Downloads/evotrade_final/venv/lib/python3.11/site-packages/apscheduler/executors/base.py", line 74, in submit_job
    self._do_submit_job(job, run_times)
  File "/Users/ahmed/Downloads/evotrade_final/venv/lib/python3.11/site-packages/apscheduler/executors/pool.py", line 27, in _do_submit_job
    f = self._pool.submit(
        ^^^^^^^^^^^^^^^^^^
  File "/opt/homebrew/Cellar/python@3.11/3.11.13/Frameworks/Python.framework/Versions/3.11/lib/python3.11/concurrent/futures/thread.py", line 167, in submit
    raise RuntimeError('cannot schedule new futures after shutdown')
RuntimeError: cannot schedule new futures after shutdown
2026-04-10 14:57:57,886 [apscheduler.scheduler] ERROR: Error submitting job "TradingEngine._trading_cycle (trigger: interval[0:00:30], next run at: 2026-04-10 14:57:57 PKT)" to executor "default"
Traceback (most recent call last):
  File "/Users/ahmed/Downloads/evotrade_final/venv/lib/python3.11/site-packages/apscheduler/schedulers/base.py", line 1195, in _process_jobs
    executor.submit_job(job, run_times)
  File "/Users/ahmed/Downloads/evotrade_final/venv/lib/python3.11/site-packages/apscheduler/executors/base.py", line 74, in submit_job
    self._do_submit_job(job, run_times)
  File "/Users/ahmed/Downloads/evotrade_final/venv/lib/python3.11/site-packages/apscheduler/executors/pool.py", line 27, in _do_submit_job
    f = self._pool.submit(
        ^^^^^^^^^^^^^^^^^^
  File "/opt/homebrew/Cellar/python@3.11/3.11.13/Frameworks/Python.framework/Versions/3.11/lib/python3.11/concurrent/futures/thread.py", line 167, in submit
    raise RuntimeError('cannot schedule new futures after shutdown')
RuntimeError: cannot schedule new futures after shutdown
2026-04-10 14:58:27,887 [apscheduler.scheduler] ERROR: Error submitting job "TradingEngine._trading_cycle (trigger: interval[0:00:30], next run at: 2026-04-10 14:58:27 PKT)" to executor "default"
Traceback (most recent call last):
  File "/Users/ahmed/Downloads/evotrade_final/venv/lib/python3.11/site-packages/apscheduler/schedulers/base.py", line 1195, in _process_jobs
    executor.submit_job(job, run_times)
  File "/Users/ahmed/Downloads/evotrade_final/venv/lib/python3.11/site-packages/apscheduler/executors/base.py", line 74, in submit_job
    self._do_submit_job(job, run_times)
  File "/Users/ahmed/Downloads/evotrade_final/venv/lib/python3.11/site-packages/apscheduler/executors/pool.py", line 27, in _do_submit_job
    f = self._pool.submit(
        ^^^^^^^^^^^^^^^^^^
  File "/opt/homebrew/Cellar/python@3.11/3.11.13/Frameworks/Python.framework/Versions/3.11/lib/python3.11/concurrent/futures/thread.py", line 167, in submit
    raise RuntimeError('cannot schedule new futures after shutdown')
RuntimeError: cannot schedule new futures after shutdown
2026-04-10 14:58:57,892 [apscheduler.scheduler] ERROR: Error submitting job "TradingEngine._trading_cycle (trigger: interval[0:00:30], next run at: 2026-04-10 14:58:57 PKT)" to executor "default"
Traceback (most recent call last):
  File "/Users/ahmed/Downloads/evotrade_final/venv/lib/python3.11/site-packages/apscheduler/schedulers/base.py", line 1195, in _process_jobs
    executor.submit_job(job, run_times)
  File "/Users/ahmed/Downloads/evotrade_final/venv/lib/python3.11/site-packages/apscheduler/executors/base.py", line 74, in submit_job
    self._do_submit_job(job, run_times)
  File "/Users/ahmed/Downloads/evotrade_final/venv/lib/python3.11/site-packages/apscheduler/executors/pool.py", line 27, in _do_submit_job
    f = self._pool.submit(
        ^^^^^^^^^^^^^^^^^^
  File "/opt/homebrew/Cellar/python@3.11/3.11.13/Frameworks/Python.framework/Versions/3.11/lib/python3.11/concurrent/futures/thread.py", line 167, in submit
    raise RuntimeError('cannot schedule new futures after shutdown')
RuntimeError: cannot schedule new futures after shutdown
2026-04-10 14:59:27,888 [apscheduler.scheduler] ERROR: Error submitting job "TradingEngine._trading_cycle (trigger: interval[0:00:30], next run at: 2026-04-10 14:59:27 PKT)" to executor "default"
Traceback (most recent call last):
  File "/Users/ahmed/Downloads/evotrade_final/venv/lib/python3.11/site-packages/apscheduler/schedulers/base.py", line 1195, in _process_jobs
    executor.submit_job(job, run_times)
  File "/Users/ahmed/Downloads/evotrade_final/venv/lib/python3.11/site-packages/apscheduler/executors/base.py", line 74, in submit_job
    self._do_submit_job(job, run_times)
  File "/Users/ahmed/Downloads/evotrade_final/venv/lib/python3.11/site-packages/apscheduler/executors/pool.py", line 27, in _do_submit_job
    f = self._pool.submit(
        ^^^^^^^^^^^^^^^^^^
  File "/opt/homebrew/Cellar/python@3.11/3.11.13/Frameworks/Python.framework/Versions/3.11/lib/python3.11/concurrent/futures/thread.py", line 167, in submit
    raise RuntimeError('cannot schedule new futures after shutdown')
RuntimeError: cannot schedule new futures after shutdown
2026-04-10 14:59:57,887 [apscheduler.scheduler] ERROR: Error submitting job "TradingEngine._trading_cycle (trigger: interval[0:00:30], next run at: 2026-04-10 14:59:57 PKT)" to executor "default"
Traceback (most recent call last):
  File "/Users/ahmed/Downloads/evotrade_final/venv/lib/python3.11/site-packages/apscheduler/schedulers/base.py", line 1195, in _process_jobs
    executor.submit_job(job, run_times)
  File "/Users/ahmed/Downloads/evotrade_final/venv/lib/python3.11/site-packages/apscheduler/executors/base.py", line 74, in submit_job
    self._do_submit_job(job, run_times)
  File "/Users/ahmed/Downloads/evotrade_final/venv/lib/python3.11/site-packages/apscheduler/executors/pool.py", line 27, in _do_submit_job
    f = self._pool.submit(
        ^^^^^^^^^^^^^^^^^^
  File "/opt/homebrew/Cellar/python@3.11/3.11.13/Frameworks/Python.framework/Versions/3.11/lib/python3.11/concurrent/futures/thread.py", line 167, in submit
    raise RuntimeError('cannot schedule new futures after shutdown')
RuntimeError: cannot schedule new futures after shutdown
2026-04-10 15:00:27,886 [apscheduler.scheduler] ERROR: Error submitting job "TradingEngine._trading_cycle (trigger: interval[0:00:30], next run at: 2026-04-10 15:00:27 PKT)" to executor "default"
Traceback (most recent call last):
  File "/Users/ahmed/Downloads/evotrade_final/venv/lib/python3.11/site-packages/apscheduler/schedulers/base.py", line 1195, in _process_jobs
    executor.submit_job(job, run_times)
  File "/Users/ahmed/Downloads/evotrade_final/venv/lib/python3.11/site-packages/apscheduler/executors/base.py", line 74, in submit_job
    self._do_submit_job(job, run_times)
  File "/Users/ahmed/Downloads/evotrade_final/venv/lib/python3.11/site-packages/apscheduler/executors/pool.py", line 27, in _do_submit_job
    f = self._pool.submit(
        ^^^^^^^^^^^^^^^^^^
  File "/opt/homebrew/Cellar/python@3.11/3.11.13/Frameworks/Python.framework/Versions/3.11/lib/python3.11/concurrent/futures/thread.py", line 167, in submit
    raise RuntimeError('cannot schedule new futures after shutdown')
RuntimeError: cannot schedule new futures after shutdown
2026-04-10 15:00:57,886 [apscheduler.scheduler] ERROR: Error submitting job "TradingEngine._trading_cycle (trigger: interval[0:00:30], next run at: 2026-04-10 15:00:57 PKT)" to executor "default"
Traceback (most recent call last):
  File "/Users/ahmed/Downloads/evotrade_final/venv/lib/python3.11/site-packages/apscheduler/schedulers/base.py", line 1195, in _process_jobs
    executor.submit_job(job, run_times)
  File "/Users/ahmed/Downloads/evotrade_final/venv/lib/python3.11/site-packages/apscheduler/executors/base.py", line 74, in submit_job
    self._do_submit_job(job, run_times)
  File "/Users/ahmed/Downloads/evotrade_final/venv/lib/python3.11/site-packages/apscheduler/executors/pool.py", line 27, in _do_submit_job
    f = self._pool.submit(
        ^^^^^^^^^^^^^^^^^^
  File "/opt/homebrew/Cellar/python@3.11/3.11.13/Frameworks/Python.framework/Versions/3.11/lib/python3.11/concurrent/futures/thread.py", line 167, in submit
    raise RuntimeError('cannot schedule new futures after shutdown')
RuntimeError: cannot schedule new futures after shutdown
2026-04-10 15:01:27,890 [apscheduler.scheduler] ERROR: Error submitting job "TradingEngine._trading_cycle (trigger: interval[0:00:30], next run at: 2026-04-10 15:01:27 PKT)" to executor "default"
Traceback (most recent call last):
  File "/Users/ahmed/Downloads/evotrade_final/venv/lib/python3.11/site-packages/apscheduler/schedulers/base.py", line 1195, in _process_jobs
    executor.submit_job(job, run_times)
  File "/Users/ahmed/Downloads/evotrade_final/venv/lib/python3.11/site-packages/apscheduler/executors/base.py", line 74, in submit_job
    self._do_submit_job(job, run_times)
  File "/Users/ahmed/Downloads/evotrade_final/venv/lib/python3.11/site-packages/apscheduler/executors/pool.py", line 27, in _do_submit_job
    f = self._pool.submit(
        ^^^^^^^^^^^^^^^^^^
  File "/opt/homebrew/Cellar/python@3.11/3.11.13/Frameworks/Python.framework/Versions/3.11/lib/python3.11/concurrent/futures/thread.py", line 167, in submit
    raise RuntimeError('cannot schedule new futures after shutdown')
RuntimeError: cannot schedule new futures after shutdown
2026-04-10 15:01:57,885 [apscheduler.scheduler] ERROR: Error submitting job "TradingEngine._trading_cycle (trigger: interval[0:00:30], next run at: 2026-04-10 15:01:57 PKT)" to executor "default"
Traceback (most recent call last):
  File "/Users/ahmed/Downloads/evotrade_final/venv/lib/python3.11/site-packages/apscheduler/schedulers/base.py", line 1195, in _process_jobs
    executor.submit_job(job, run_times)
  File "/Users/ahmed/Downloads/evotrade_final/venv/lib/python3.11/site-packages/apscheduler/executors/base.py", line 74, in submit_job
    self._do_submit_job(job, run_times)
  File "/Users/ahmed/Downloads/evotrade_final/venv/lib/python3.11/site-packages/apscheduler/executors/pool.py", line 27, in _do_submit_job
    f = self._pool.submit(
        ^^^^^^^^^^^^^^^^^^
  File "/opt/homebrew/Cellar/python@3.11/3.11.13/Frameworks/Python.framework/Versions/3.11/lib/python3.11/concurrent/futures/thread.py", line 167, in submit
    raise RuntimeError('cannot schedule new futures after shutdown')
RuntimeError: cannot schedule new futures after shutdown
2026-04-10 15:02:27,887 [apscheduler.scheduler] ERROR: Error submitting job "TradingEngine._trading_cycle (trigger: interval[0:00:30], next run at: 2026-04-10 15:02:27 PKT)" to executor "default"
Traceback (most recent call last):
  File "/Users/ahmed/Downloads/evotrade_final/venv/lib/python3.11/site-packages/apscheduler/schedulers/base.py", line 1195, in _process_jobs
    executor.submit_job(job, run_times)
  File "/Users/ahmed/Downloads/evotrade_final/venv/lib/python3.11/site-packages/apscheduler/executors/base.py", line 74, in submit_job
    self._do_submit_job(job, run_times)
  File "/Users/ahmed/Downloads/evotrade_final/venv/lib/python3.11/site-packages/apscheduler/executors/pool.py", line 27, in _do_submit_job
    f = self._pool.submit(
        ^^^^^^^^^^^^^^^^^^
  File "/opt/homebrew/Cellar/python@3.11/3.11.13/Frameworks/Python.framework/Versions/3.11/lib/python3.11/concurrent/futures/thread.py", line 167, in submit
    raise RuntimeError('cannot schedule new futures after shutdown')
RuntimeError: cannot schedule new futures after shutdown
2026-04-10 15:02:57,888 [apscheduler.scheduler] ERROR: Error submitting job "TradingEngine._trading_cycle (trigger: interval[0:00:30], next run at: 2026-04-10 15:02:57 PKT)" to executor "default"
Traceback (most recent call last):
  File "/Users/ahmed/Downloads/evotrade_final/venv/lib/python3.11/site-packages/apscheduler/schedulers/base.py", line 1195, in _process_jobs
    executor.submit_job(job, run_times)
  File "/Users/ahmed/Downloads/evotrade_final/venv/lib/python3.11/site-packages/apscheduler/executors/base.py", line 74, in submit_job
    self._do_submit_job(job, run_times)
  File "/Users/ahmed/Downloads/evotrade_final/venv/lib/python3.11/site-packages/apscheduler/executors/pool.py", line 27, in _do_submit_job
    f = self._pool.submit(
        ^^^^^^^^^^^^^^^^^^
  File "/opt/homebrew/Cellar/python@3.11/3.11.13/Frameworks/Python.framework/Versions/3.11/lib/python3.11/concurrent/futures/thread.py", line 167, in submit
    raise RuntimeError('cannot schedule new futures after shutdown')
RuntimeError: cannot schedule new futures after shutdown
2026-04-10 15:03:27,889 [apscheduler.scheduler] ERROR: Error submitting job "TradingEngine._trading_cycle (trigger: interval[0:00:30], next run at: 2026-04-10 15:03:27 PKT)" to executor "default"
Traceback (most recent call last):
  File "/Users/ahmed/Downloads/evotrade_final/venv/lib/python3.11/site-packages/apscheduler/schedulers/base.py", line 1195, in _process_jobs
    executor.submit_job(job, run_times)
  File "/Users/ahmed/Downloads/evotrade_final/venv/lib/python3.11/site-packages/apscheduler/executors/base.py", line 74, in submit_job
    self._do_submit_job(job, run_times)
  File "/Users/ahmed/Downloads/evotrade_final/venv/lib/python3.11/site-packages/apscheduler/executors/pool.py", line 27, in _do_submit_job
    f = self._pool.submit(
        ^^^^^^^^^^^^^^^^^^
  File "/opt/homebrew/Cellar/python@3.11/3.11.13/Frameworks/Python.framework/Versions/3.11/lib/python3.11/concurrent/futures/thread.py", line 167, in submit
    raise RuntimeError('cannot schedule new futures after shutdown')
RuntimeError: cannot schedule new futures after shutdown
2026-04-10 15:03:57,888 [apscheduler.scheduler] ERROR: Error submitting job "TradingEngine._trading_cycle (trigger: interval[0:00:30], next run at: 2026-04-10 15:03:57 PKT)" to executor "default"
Traceback (most recent call last):
  File "/Users/ahmed/Downloads/evotrade_final/venv/lib/python3.11/site-packages/apscheduler/schedulers/base.py", line 1195, in _process_jobs
    executor.submit_job(job, run_times)
  File "/Users/ahmed/Downloads/evotrade_final/venv/lib/python3.11/site-packages/apscheduler/executors/base.py", line 74, in submit_job
    self._do_submit_job(job, run_times)
  File "/Users/ahmed/Downloads/evotrade_final/venv/lib/python3.11/site-packages/apscheduler/executors/pool.py", line 27, in _do_submit_job
    f = self._pool.submit(
        ^^^^^^^^^^^^^^^^^^
  File "/opt/homebrew/Cellar/python@3.11/3.11.13/Frameworks/Python.framework/Versions/3.11/lib/python3.11/concurrent/futures/thread.py", line 167, in submit
    raise RuntimeError('cannot schedule new futures after shutdown')
RuntimeError: cannot schedule new futures after shutdown
2026-04-10 15:04:27,890 [apscheduler.scheduler] ERROR: Error submitting job "TradingEngine._trading_cycle (trigger: interval[0:00:30], next run at: 2026-04-10 15:04:27 PKT)" to executor "default"
Traceback (most recent call last):
  File "/Users/ahmed/Downloads/evotrade_final/venv/lib/python3.11/site-packages/apscheduler/schedulers/base.py", line 1195, in _process_jobs
    executor.submit_job(job, run_times)
  File "/Users/ahmed/Downloads/evotrade_final/venv/lib/python3.11/site-packages/apscheduler/executors/base.py", line 74, in submit_job
    self._do_submit_job(job, run_times)
  File "/Users/ahmed/Downloads/evotrade_final/venv/lib/python3.11/site-packages/apscheduler/executors/pool.py", line 27, in _do_submit_job
    f = self._pool.submit(
        ^^^^^^^^^^^^^^^^^^
  File "/opt/homebrew/Cellar/python@3.11/3.11.13/Frameworks/Python.framework/Versions/3.11/lib/python3.11/concurrent/futures/thread.py", line 167, in submit
    raise RuntimeError('cannot schedule new futures after shutdown')
RuntimeError: cannot schedule new futures after shutdown
2026-04-10 15:04:57,884 [apscheduler.scheduler] ERROR: Error submitting job "TradingEngine._trading_cycle (trigger: interval[0:00:30], next run at: 2026-04-10 15:04:57 PKT)" to executor "default"
Traceback (most recent call last):
  File "/Users/ahmed/Downloads/evotrade_final/venv/lib/python3.11/site-packages/apscheduler/schedulers/base.py", line 1195, in _process_jobs
    executor.submit_job(job, run_times)
  File "/Users/ahmed/Downloads/evotrade_final/venv/lib/python3.11/site-packages/apscheduler/executors/base.py", line 74, in submit_job
    self._do_submit_job(job, run_times)
  File "/Users/ahmed/Downloads/evotrade_final/venv/lib/python3.11/site-packages/apscheduler/executors/pool.py", line 27, in _do_submit_job
    f = self._pool.submit(
        ^^^^^^^^^^^^^^^^^^
  File "/opt/homebrew/Cellar/python@3.11/3.11.13/Frameworks/Python.framework/Versions/3.11/lib/python3.11/concurrent/futures/thread.py", line 167, in submit
    raise RuntimeError('cannot schedule new futures after shutdown')
RuntimeError: cannot schedule new futures after shutdown
2026-04-10 15:05:27,891 [apscheduler.scheduler] ERROR: Error submitting job "TradingEngine._trading_cycle (trigger: interval[0:00:30], next run at: 2026-04-10 15:05:27 PKT)" to executor "default"
Traceback (most recent call last):
  File "/Users/ahmed/Downloads/evotrade_final/venv/lib/python3.11/site-packages/apscheduler/schedulers/base.py", line 1195, in _process_jobs
    executor.submit_job(job, run_times)
  File "/Users/ahmed/Downloads/evotrade_final/venv/lib/python3.11/site-packages/apscheduler/executors/base.py", line 74, in submit_job
    self._do_submit_job(job, run_times)
  File "/Users/ahmed/Downloads/evotrade_final/venv/lib/python3.11/site-packages/apscheduler/executors/pool.py", line 27, in _do_submit_job
    f = self._pool.submit(
        ^^^^^^^^^^^^^^^^^^
  File "/opt/homebrew/Cellar/python@3.11/3.11.13/Frameworks/Python.framework/Versions/3.11/lib/python3.11/concurrent/futures/thread.py", line 167, in submit
    raise RuntimeError('cannot schedule new futures after shutdown')
RuntimeError: cannot schedule new futures after shutdown
2026-04-10 15:05:57,887 [apscheduler.scheduler] ERROR: Error submitting job "TradingEngine._trading_cycle (trigger: interval[0:00:30], next run at: 2026-04-10 15:05:57 PKT)" to executor "default"
Traceback (most recent call last):
  File "/Users/ahmed/Downloads/evotrade_final/venv/lib/python3.11/site-packages/apscheduler/schedulers/base.py", line 1195, in _process_jobs
    executor.submit_job(job, run_times)
  File "/Users/ahmed/Downloads/evotrade_final/venv/lib/python3.11/site-packages/apscheduler/executors/base.py", line 74, in submit_job
    self._do_submit_job(job, run_times)
  File "/Users/ahmed/Downloads/evotrade_final/venv/lib/python3.11/site-packages/apscheduler/executors/pool.py", line 27, in _do_submit_job
    f = self._pool.submit(
        ^^^^^^^^^^^^^^^^^^
  File "/opt/homebrew/Cellar/python@3.11/3.11.13/Frameworks/Python.framework/Versions/3.11/lib/python3.11/concurrent/futures/thread.py", line 167, in submit
    raise RuntimeError('cannot schedule new futures after shutdown')
RuntimeError: cannot schedule new futures after shutdown
2026-04-10 15:10:02,893 [apscheduler.scheduler] ERROR: Error submitting job "TradingEngine._trading_cycle (trigger: interval[0:00:30], next run at: 2026-04-10 15:06:27 PKT)" to executor "default"
Traceback (most recent call last):
  File "/Users/ahmed/Downloads/evotrade_final/venv/lib/python3.11/site-packages/apscheduler/schedulers/base.py", line 1195, in _process_jobs
    executor.submit_job(job, run_times)
  File "/Users/ahmed/Downloads/evotrade_final/venv/lib/python3.11/site-packages/apscheduler/executors/base.py", line 74, in submit_job
    self._do_submit_job(job, run_times)
  File "/Users/ahmed/Downloads/evotrade_final/venv/lib/python3.11/site-packages/apscheduler/executors/pool.py", line 27, in _do_submit_job
    f = self._pool.submit(
        ^^^^^^^^^^^^^^^^^^
  File "/opt/homebrew/Cellar/python@3.11/3.11.13/Frameworks/Python.framework/Versions/3.11/lib/python3.11/concurrent/futures/thread.py", line 167, in submit
    raise RuntimeError('cannot schedule new futures after shutdown')
RuntimeError: cannot schedule new futures after shutdown
2026-04-10 15:24:03,035 [apscheduler.scheduler] ERROR: Error submitting job "TradingEngine._trading_cycle (trigger: interval[0:00:30], next run at: 2026-04-10 15:10:27 PKT)" to executor "default"
Traceback (most recent call last):
  File "/Users/ahmed/Downloads/evotrade_final/venv/lib/python3.11/site-packages/apscheduler/schedulers/base.py", line 1195, in _process_jobs
    executor.submit_job(job, run_times)
  File "/Users/ahmed/Downloads/evotrade_final/venv/lib/python3.11/site-packages/apscheduler/executors/base.py", line 74, in submit_job
    self._do_submit_job(job, run_times)
  File "/Users/ahmed/Downloads/evotrade_final/venv/lib/python3.11/site-packages/apscheduler/executors/pool.py", line 27, in _do_submit_job
    f = self._pool.submit(
        ^^^^^^^^^^^^^^^^^^
  File "/opt/homebrew/Cellar/python@3.11/3.11.13/Frameworks/Python.framework/Versions/3.11/lib/python3.11/concurrent/futures/thread.py", line 167, in submit
    raise RuntimeError('cannot schedule new futures after shutdown')
RuntimeError: cannot schedule new futures after shutdown
2026-04-10 15:31:45,971 [apscheduler.scheduler] ERROR: Error submitting job "TradingEngine._trading_cycle (trigger: interval[0:00:30], next run at: 2026-04-10 15:24:27 PKT)" to executor "default"
Traceback (most recent call last):
  File "/Users/ahmed/Downloads/evotrade_final/venv/lib/python3.11/site-packages/apscheduler/schedulers/base.py", line 1195, in _process_jobs
    executor.submit_job(job, run_times)
  File "/Users/ahmed/Downloads/evotrade_final/venv/lib/python3.11/site-packages/apscheduler/executors/base.py", line 74, in submit_job
    self._do_submit_job(job, run_times)
  File "/Users/ahmed/Downloads/evotrade_final/venv/lib/python3.11/site-packages/apscheduler/executors/pool.py", line 27, in _do_submit_job
    f = self._pool.submit(
        ^^^^^^^^^^^^^^^^^^
  File "/opt/homebrew/Cellar/python@3.11/3.11.13/Frameworks/Python.framework/Versions/3.11/lib/python3.11/concurrent/futures/thread.py", line 167, in submit
    raise RuntimeError('cannot schedule new futures after shutdown')
RuntimeError: cannot schedule new futures after shutdown
2026-04-10 15:32:53,075 [apscheduler.scheduler] ERROR: Error submitting job "TradingEngine._trading_cycle (trigger: interval[0:00:30], next run at: 2026-04-10 15:31:57 PKT)" to executor "default"
Traceback (most recent call last):
  File "/Users/ahmed/Downloads/evotrade_final/venv/lib/python3.11/site-packages/apscheduler/schedulers/base.py", line 1195, in _process_jobs
    executor.submit_job(job, run_times)
  File "/Users/ahmed/Downloads/evotrade_final/venv/lib/python3.11/site-packages/apscheduler/executors/base.py", line 74, in submit_job
    self._do_submit_job(job, run_times)
  File "/Users/ahmed/Downloads/evotrade_final/venv/lib/python3.11/site-packages/apscheduler/executors/pool.py", line 27, in _do_submit_job
    f = self._pool.submit(
        ^^^^^^^^^^^^^^^^^^
  File "/opt/homebrew/Cellar/python@3.11/3.11.13/Frameworks/Python.framework/Versions/3.11/lib/python3.11/concurrent/futures/thread.py", line 167, in submit
    raise RuntimeError('cannot schedule new futures after shutdown')
RuntimeError: cannot schedule new futures after shutdown
2026-04-10 15:35:57,677 [apscheduler.scheduler] ERROR: Error submitting job "TradingEngine._trading_cycle (trigger: interval[0:00:30], next run at: 2026-04-10 15:32:57 PKT)" to executor "default"
Traceback (most recent call last):
  File "/Users/ahmed/Downloads/evotrade_final/venv/lib/python3.11/site-packages/apscheduler/schedulers/base.py", line 1195, in _process_jobs
    executor.submit_job(job, run_times)
  File "/Users/ahmed/Downloads/evotrade_final/venv/lib/python3.11/site-packages/apscheduler/executors/base.py", line 74, in submit_job
    self._do_submit_job(job, run_times)
  File "/Users/ahmed/Downloads/evotrade_final/venv/lib/python3.11/site-packages/apscheduler/executors/pool.py", line 27, in _do_submit_job
    f = self._pool.submit(
        ^^^^^^^^^^^^^^^^^^
  File "/opt/homebrew/Cellar/python@3.11/3.11.13/Frameworks/Python.framework/Versions/3.11/lib/python3.11/concurrent/futures/thread.py", line 167, in submit
    raise RuntimeError('cannot schedule new futures after shutdown')
RuntimeError: cannot schedule new futures after shutdown
2026-04-10 15:35:57,882 [apscheduler.scheduler] ERROR: Error submitting job "TradingEngine._trading_cycle (trigger: interval[0:00:30], next run at: 2026-04-10 15:35:57 PKT)" to executor "default"
Traceback (most recent call last):
  File "/Users/ahmed/Downloads/evotrade_final/venv/lib/python3.11/site-packages/apscheduler/schedulers/base.py", line 1195, in _process_jobs
    executor.submit_job(job, run_times)
  File "/Users/ahmed/Downloads/evotrade_final/venv/lib/python3.11/site-packages/apscheduler/executors/base.py", line 74, in submit_job
    self._do_submit_job(job, run_times)
  File "/Users/ahmed/Downloads/evotrade_final/venv/lib/python3.11/site-packages/apscheduler/executors/pool.py", line 27, in _do_submit_job
    f = self._pool.submit(
        ^^^^^^^^^^^^^^^^^^
  File "/opt/homebrew/Cellar/python@3.11/3.11.13/Frameworks/Python.framework/Versions/3.11/lib/python3.11/concurrent/futures/thread.py", line 167, in submit
    raise RuntimeError('cannot schedule new futures after shutdown')
RuntimeError: cannot schedule new futures after shutdown
2026-04-10 15:42:46,088 [apscheduler.scheduler] ERROR: Error submitting job "TradingEngine._trading_cycle (trigger: interval[0:00:30], next run at: 2026-04-10 15:36:27 PKT)" to executor "default"
Traceback (most recent call last):
  File "/Users/ahmed/Downloads/evotrade_final/venv/lib/python3.11/site-packages/apscheduler/schedulers/base.py", line 1195, in _process_jobs
    executor.submit_job(job, run_times)
  File "/Users/ahmed/Downloads/evotrade_final/venv/lib/python3.11/site-packages/apscheduler/executors/base.py", line 74, in submit_job
    self._do_submit_job(job, run_times)
  File "/Users/ahmed/Downloads/evotrade_final/venv/lib/python3.11/site-packages/apscheduler/executors/pool.py", line 27, in _do_submit_job
    f = self._pool.submit(
        ^^^^^^^^^^^^^^^^^^
  File "/opt/homebrew/Cellar/python@3.11/3.11.13/Frameworks/Python.framework/Versions/3.11/lib/python3.11/concurrent/futures/thread.py", line 167, in submit
    raise RuntimeError('cannot schedule new futures after shutdown')
RuntimeError: cannot schedule new futures after shutdown
2026-04-10 15:44:36,140 [apscheduler.scheduler] ERROR: Error submitting job "TradingEngine._trading_cycle (trigger: interval[0:00:30], next run at: 2026-04-10 15:42:57 PKT)" to executor "default"
Traceback (most recent call last):
  File "/Users/ahmed/Downloads/evotrade_final/venv/lib/python3.11/site-packages/apscheduler/schedulers/base.py", line 1195, in _process_jobs
    executor.submit_job(job, run_times)
  File "/Users/ahmed/Downloads/evotrade_final/venv/lib/python3.11/site-packages/apscheduler/executors/base.py", line 74, in submit_job
    self._do_submit_job(job, run_times)
  File "/Users/ahmed/Downloads/evotrade_final/venv/lib/python3.11/site-packages/apscheduler/executors/pool.py", line 27, in _do_submit_job
    f = self._pool.submit(
        ^^^^^^^^^^^^^^^^^^
  File "/opt/homebrew/Cellar/python@3.11/3.11.13/Frameworks/Python.framework/Versions/3.11/lib/python3.11/concurrent/futures/thread.py", line 167, in submit
    raise RuntimeError('cannot schedule new futures after shutdown')
RuntimeError: cannot schedule new futures after shutdown
2026-04-10 15:49:46,900 [apscheduler.scheduler] ERROR: Error submitting job "TradingEngine._trading_cycle (trigger: interval[0:00:30], next run at: 2026-04-10 15:44:57 PKT)" to executor "default"
Traceback (most recent call last):
  File "/Users/ahmed/Downloads/evotrade_final/venv/lib/python3.11/site-packages/apscheduler/schedulers/base.py", line 1195, in _process_jobs
    executor.submit_job(job, run_times)
  File "/Users/ahmed/Downloads/evotrade_final/venv/lib/python3.11/site-packages/apscheduler/executors/base.py", line 74, in submit_job
    self._do_submit_job(job, run_times)
  File "/Users/ahmed/Downloads/evotrade_final/venv/lib/python3.11/site-packages/apscheduler/executors/pool.py", line 27, in _do_submit_job
    f = self._pool.submit(
        ^^^^^^^^^^^^^^^^^^
  File "/opt/homebrew/Cellar/python@3.11/3.11.13/Frameworks/Python.framework/Versions/3.11/lib/python3.11/concurrent/futures/thread.py", line 167, in submit
    raise RuntimeError('cannot schedule new futures after shutdown')
RuntimeError: cannot schedule new futures after shutdown
2026-04-10 15:51:39,429 [apscheduler.scheduler] ERROR: Error submitting job "TradingEngine._trading_cycle (trigger: interval[0:00:30], next run at: 2026-04-10 15:49:57 PKT)" to executor "default"
Traceback (most recent call last):
  File "/Users/ahmed/Downloads/evotrade_final/venv/lib/python3.11/site-packages/apscheduler/schedulers/base.py", line 1195, in _process_jobs
    executor.submit_job(job, run_times)
  File "/Users/ahmed/Downloads/evotrade_final/venv/lib/python3.11/site-packages/apscheduler/executors/base.py", line 74, in submit_job
    self._do_submit_job(job, run_times)
  File "/Users/ahmed/Downloads/evotrade_final/venv/lib/python3.11/site-packages/apscheduler/executors/pool.py", line 27, in _do_submit_job
    f = self._pool.submit(
        ^^^^^^^^^^^^^^^^^^
  File "/opt/homebrew/Cellar/python@3.11/3.11.13/Frameworks/Python.framework/Versions/3.11/lib/python3.11/concurrent/futures/thread.py", line 167, in submit
    raise RuntimeError('cannot schedule new futures after shutdown')
RuntimeError: cannot schedule new futures after shutdown
2026-04-10 15:55:45,306 [apscheduler.scheduler] ERROR: Error submitting job "TradingEngine._trading_cycle (trigger: interval[0:00:30], next run at: 2026-04-10 15:51:57 PKT)" to executor "default"
Traceback (most recent call last):
  File "/Users/ahmed/Downloads/evotrade_final/venv/lib/python3.11/site-packages/apscheduler/schedulers/base.py", line 1195, in _process_jobs
    executor.submit_job(job, run_times)
  File "/Users/ahmed/Downloads/evotrade_final/venv/lib/python3.11/site-packages/apscheduler/executors/base.py", line 74, in submit_job
    self._do_submit_job(job, run_times)
  File "/Users/ahmed/Downloads/evotrade_final/venv/lib/python3.11/site-packages/apscheduler/executors/pool.py", line 27, in _do_submit_job
    f = self._pool.submit(
        ^^^^^^^^^^^^^^^^^^
  File "/opt/homebrew/Cellar/python@3.11/3.11.13/Frameworks/Python.framework/Versions/3.11/lib/python3.11/concurrent/futures/thread.py", line 167, in submit
    raise RuntimeError('cannot schedule new futures after shutdown')
RuntimeError: cannot schedule new futures after shutdown
2026-04-10 16:07:23,059 [apscheduler.scheduler] ERROR: Error submitting job "TradingEngine._trading_cycle (trigger: interval[0:00:30], next run at: 2026-04-10 15:55:57 PKT)" to executor "default"
Traceback (most recent call last):
  File "/Users/ahmed/Downloads/evotrade_final/venv/lib/python3.11/site-packages/apscheduler/schedulers/base.py", line 1195, in _process_jobs
    executor.submit_job(job, run_times)
  File "/Users/ahmed/Downloads/evotrade_final/venv/lib/python3.11/site-packages/apscheduler/executors/base.py", line 74, in submit_job
    self._do_submit_job(job, run_times)
  File "/Users/ahmed/Downloads/evotrade_final/venv/lib/python3.11/site-packages/apscheduler/executors/pool.py", line 27, in _do_submit_job
    f = self._pool.submit(
        ^^^^^^^^^^^^^^^^^^
  File "/opt/homebrew/Cellar/python@3.11/3.11.13/Frameworks/Python.framework/Versions/3.11/lib/python3.11/concurrent/futures/thread.py", line 167, in submit
    raise RuntimeError('cannot schedule new futures after shutdown')
RuntimeError: cannot schedule new futures after shutdown
2026-04-10 16:07:27,897 [apscheduler.scheduler] ERROR: Error submitting job "TradingEngine._trading_cycle (trigger: interval[0:00:30], next run at: 2026-04-10 16:07:27 PKT)" to executor "default"
Traceback (most recent call last):
  File "/Users/ahmed/Downloads/evotrade_final/venv/lib/python3.11/site-packages/apscheduler/schedulers/base.py", line 1195, in _process_jobs
    executor.submit_job(job, run_times)
  File "/Users/ahmed/Downloads/evotrade_final/venv/lib/python3.11/site-packages/apscheduler/executors/base.py", line 74, in submit_job
    self._do_submit_job(job, run_times)
  File "/Users/ahmed/Downloads/evotrade_final/venv/lib/python3.11/site-packages/apscheduler/executors/pool.py", line 27, in _do_submit_job
    f = self._pool.submit(
        ^^^^^^^^^^^^^^^^^^
  File "/opt/homebrew/Cellar/python@3.11/3.11.13/Frameworks/Python.framework/Versions/3.11/lib/python3.11/concurrent/futures/thread.py", line 167, in submit
    raise RuntimeError('cannot schedule new futures after shutdown')
RuntimeError: cannot schedule new futures after shutdown
2026-04-10 16:12:46,451 [apscheduler.scheduler] ERROR: Error submitting job "TradingEngine._trading_cycle (trigger: interval[0:00:30], next run at: 2026-04-10 16:07:57 PKT)" to executor "default"
Traceback (most recent call last):
  File "/Users/ahmed/Downloads/evotrade_final/venv/lib/python3.11/site-packages/apscheduler/schedulers/base.py", line 1195, in _process_jobs
    executor.submit_job(job, run_times)
  File "/Users/ahmed/Downloads/evotrade_final/venv/lib/python3.11/site-packages/apscheduler/executors/base.py", line 74, in submit_job
    self._do_submit_job(job, run_times)
  File "/Users/ahmed/Downloads/evotrade_final/venv/lib/python3.11/site-packages/apscheduler/executors/pool.py", line 27, in _do_submit_job
    f = self._pool.submit(
        ^^^^^^^^^^^^^^^^^^
  File "/opt/homebrew/Cellar/python@3.11/3.11.13/Frameworks/Python.framework/Versions/3.11/lib/python3.11/concurrent/futures/thread.py", line 167, in submit
    raise RuntimeError('cannot schedule new futures after shutdown')
RuntimeError: cannot schedule new futures after shutdown
2026-04-10 16:14:29,065 [apscheduler.scheduler] ERROR: Error submitting job "TradingEngine._trading_cycle (trigger: interval[0:00:30], next run at: 2026-04-10 16:12:57 PKT)" to executor "default"
Traceback (most recent call last):
  File "/Users/ahmed/Downloads/evotrade_final/venv/lib/python3.11/site-packages/apscheduler/schedulers/base.py", line 1195, in _process_jobs
    executor.submit_job(job, run_times)
  File "/Users/ahmed/Downloads/evotrade_final/venv/lib/python3.11/site-packages/apscheduler/executors/base.py", line 74, in submit_job
    self._do_submit_job(job, run_times)
  File "/Users/ahmed/Downloads/evotrade_final/venv/lib/python3.11/site-packages/apscheduler/executors/pool.py", line 27, in _do_submit_job
    f = self._pool.submit(
        ^^^^^^^^^^^^^^^^^^
  File "/opt/homebrew/Cellar/python@3.11/3.11.13/Frameworks/Python.framework/Versions/3.11/lib/python3.11/concurrent/futures/thread.py", line 167, in submit
    raise RuntimeError('cannot schedule new futures after shutdown')
RuntimeError: cannot schedule new futures after shutdown
2026-04-10 16:26:37,141 [apscheduler.scheduler] ERROR: Error submitting job "TradingEngine._trading_cycle (trigger: interval[0:00:30], next run at: 2026-04-10 16:14:57 PKT)" to executor "default"
Traceback (most recent call last):
  File "/Users/ahmed/Downloads/evotrade_final/venv/lib/python3.11/site-packages/apscheduler/schedulers/base.py", line 1195, in _process_jobs
    executor.submit_job(job, run_times)
  File "/Users/ahmed/Downloads/evotrade_final/venv/lib/python3.11/site-packages/apscheduler/executors/base.py", line 74, in submit_job
    self._do_submit_job(job, run_times)
  File "/Users/ahmed/Downloads/evotrade_final/venv/lib/python3.11/site-packages/apscheduler/executors/pool.py", line 27, in _do_submit_job
    f = self._pool.submit(
        ^^^^^^^^^^^^^^^^^^
  File "/opt/homebrew/Cellar/python@3.11/3.11.13/Frameworks/Python.framework/Versions/3.11/lib/python3.11/concurrent/futures/thread.py", line 167, in submit
    raise RuntimeError('cannot schedule new futures after shutdown')
RuntimeError: cannot schedule new futures after shutdown
2026-04-10 16:29:46,170 [apscheduler.scheduler] ERROR: Error submitting job "TradingEngine._trading_cycle (trigger: interval[0:00:30], next run at: 2026-04-10 16:26:57 PKT)" to executor "default"
Traceback (most recent call last):
  File "/Users/ahmed/Downloads/evotrade_final/venv/lib/python3.11/site-packages/apscheduler/schedulers/base.py", line 1195, in _process_jobs
    executor.submit_job(job, run_times)
  File "/Users/ahmed/Downloads/evotrade_final/venv/lib/python3.11/site-packages/apscheduler/executors/base.py", line 74, in submit_job
    self._do_submit_job(job, run_times)
  File "/Users/ahmed/Downloads/evotrade_final/venv/lib/python3.11/site-packages/apscheduler/executors/pool.py", line 27, in _do_submit_job
    f = self._pool.submit(
        ^^^^^^^^^^^^^^^^^^
  File "/opt/homebrew/Cellar/python@3.11/3.11.13/Frameworks/Python.framework/Versions/3.11/lib/python3.11/concurrent/futures/thread.py", line 167, in submit
    raise RuntimeError('cannot schedule new futures after shutdown')
RuntimeError: cannot schedule new futures after shutdown
2026-04-10 16:34:45,193 [apscheduler.scheduler] ERROR: Error submitting job "TradingEngine._trading_cycle (trigger: interval[0:00:30], next run at: 2026-04-10 16:29:57 PKT)" to executor "default"
Traceback (most recent call last):
  File "/Users/ahmed/Downloads/evotrade_final/venv/lib/python3.11/site-packages/apscheduler/schedulers/base.py", line 1195, in _process_jobs
    executor.submit_job(job, run_times)
  File "/Users/ahmed/Downloads/evotrade_final/venv/lib/python3.11/site-packages/apscheduler/executors/base.py", line 74, in submit_job
    self._do_submit_job(job, run_times)
  File "/Users/ahmed/Downloads/evotrade_final/venv/lib/python3.11/site-packages/apscheduler/executors/pool.py", line 27, in _do_submit_job
    f = self._pool.submit(
        ^^^^^^^^^^^^^^^^^^
  File "/opt/homebrew/Cellar/python@3.11/3.11.13/Frameworks/Python.framework/Versions/3.11/lib/python3.11/concurrent/futures/thread.py", line 167, in submit
    raise RuntimeError('cannot schedule new futures after shutdown')
RuntimeError: cannot schedule new futures after shutdown
2026-04-10 16:49:03,576 [apscheduler.scheduler] ERROR: Error submitting job "TradingEngine._trading_cycle (trigger: interval[0:00:30], next run at: 2026-04-10 16:34:57 PKT)" to executor "default"
Traceback (most recent call last):
  File "/Users/ahmed/Downloads/evotrade_final/venv/lib/python3.11/site-packages/apscheduler/schedulers/base.py", line 1195, in _process_jobs
    executor.submit_job(job, run_times)
  File "/Users/ahmed/Downloads/evotrade_final/venv/lib/python3.11/site-packages/apscheduler/executors/base.py", line 74, in submit_job
    self._do_submit_job(job, run_times)
  File "/Users/ahmed/Downloads/evotrade_final/venv/lib/python3.11/site-packages/apscheduler/executors/pool.py", line 27, in _do_submit_job
    f = self._pool.submit(
        ^^^^^^^^^^^^^^^^^^
  File "/opt/homebrew/Cellar/python@3.11/3.11.13/Frameworks/Python.framework/Versions/3.11/lib/python3.11/concurrent/futures/thread.py", line 167, in submit
    raise RuntimeError('cannot schedule new futures after shutdown')
RuntimeError: cannot schedule new futures after shutdown
2026-04-10 16:53:19,287 [apscheduler.scheduler] ERROR: Error submitting job "TradingEngine._trading_cycle (trigger: interval[0:00:30], next run at: 2026-04-10 16:49:27 PKT)" to executor "default"
Traceback (most recent call last):
  File "/Users/ahmed/Downloads/evotrade_final/venv/lib/python3.11/site-packages/apscheduler/schedulers/base.py", line 1195, in _process_jobs
    executor.submit_job(job, run_times)
  File "/Users/ahmed/Downloads/evotrade_final/venv/lib/python3.11/site-packages/apscheduler/executors/base.py", line 74, in submit_job
    self._do_submit_job(job, run_times)
  File "/Users/ahmed/Downloads/evotrade_final/venv/lib/python3.11/site-packages/apscheduler/executors/pool.py", line 27, in _do_submit_job
    f = self._pool.submit(
        ^^^^^^^^^^^^^^^^^^
  File "/opt/homebrew/Cellar/python@3.11/3.11.13/Frameworks/Python.framework/Versions/3.11/lib/python3.11/concurrent/futures/thread.py", line 167, in submit
    raise RuntimeError('cannot schedule new futures after shutdown')
RuntimeError: cannot schedule new futures after shutdown
2026-04-10 16:53:33,314 [apscheduler.scheduler] ERROR: Error submitting job "TradingEngine._trading_cycle (trigger: interval[0:00:30], next run at: 2026-04-10 16:53:27 PKT)" to executor "default"
Traceback (most recent call last):
  File "/Users/ahmed/Downloads/evotrade_final/venv/lib/python3.11/site-packages/apscheduler/schedulers/base.py", line 1195, in _process_jobs
    executor.submit_job(job, run_times)
  File "/Users/ahmed/Downloads/evotrade_final/venv/lib/python3.11/site-packages/apscheduler/executors/base.py", line 74, in submit_job
    self._do_submit_job(job, run_times)
  File "/Users/ahmed/Downloads/evotrade_final/venv/lib/python3.11/site-packages/apscheduler/executors/pool.py", line 27, in _do_submit_job
    f = self._pool.submit(
        ^^^^^^^^^^^^^^^^^^
  File "/opt/homebrew/Cellar/python@3.11/3.11.13/Frameworks/Python.framework/Versions/3.11/lib/python3.11/concurrent/futures/thread.py", line 167, in submit
    raise RuntimeError('cannot schedule new futures after shutdown')
RuntimeError: cannot schedule new futures after shutdown
2026-04-10 16:58:13,543 [apscheduler.scheduler] ERROR: Error submitting job "TradingEngine._trading_cycle (trigger: interval[0:00:30], next run at: 2026-04-10 16:53:57 PKT)" to executor "default"
Traceback (most recent call last):
  File "/Users/ahmed/Downloads/evotrade_final/venv/lib/python3.11/site-packages/apscheduler/schedulers/base.py", line 1195, in _process_jobs
    executor.submit_job(job, run_times)
  File "/Users/ahmed/Downloads/evotrade_final/venv/lib/python3.11/site-packages/apscheduler/executors/base.py", line 74, in submit_job
    self._do_submit_job(job, run_times)
  File "/Users/ahmed/Downloads/evotrade_final/venv/lib/python3.11/site-packages/apscheduler/executors/pool.py", line 27, in _do_submit_job
    f = self._pool.submit(
        ^^^^^^^^^^^^^^^^^^
  File "/opt/homebrew/Cellar/python@3.11/3.11.13/Frameworks/Python.framework/Versions/3.11/lib/python3.11/concurrent/futures/thread.py", line 167, in submit
    raise RuntimeError('cannot schedule new futures after shutdown')
RuntimeError: cannot schedule new futures after shutdown
2026-04-10 17:00:10,342 [apscheduler.scheduler] ERROR: Error submitting job "TradingEngine._trading_cycle (trigger: interval[0:00:30], next run at: 2026-04-10 16:58:27 PKT)" to executor "default"
Traceback (most recent call last):
  File "/Users/ahmed/Downloads/evotrade_final/venv/lib/python3.11/site-packages/apscheduler/schedulers/base.py", line 1195, in _process_jobs
    executor.submit_job(job, run_times)
  File "/Users/ahmed/Downloads/evotrade_final/venv/lib/python3.11/site-packages/apscheduler/executors/base.py", line 74, in submit_job
    self._do_submit_job(job, run_times)
  File "/Users/ahmed/Downloads/evotrade_final/venv/lib/python3.11/site-packages/apscheduler/executors/pool.py", line 27, in _do_submit_job
    f = self._pool.submit(
        ^^^^^^^^^^^^^^^^^^
  File "/opt/homebrew/Cellar/python@3.11/3.11.13/Frameworks/Python.framework/Versions/3.11/lib/python3.11/concurrent/futures/thread.py", line 167, in submit
    raise RuntimeError('cannot schedule new futures after shutdown')
RuntimeError: cannot schedule new futures after shutdown
2026-04-10 17:04:29,115 [apscheduler.scheduler] ERROR: Error submitting job "TradingEngine._trading_cycle (trigger: interval[0:00:30], next run at: 2026-04-10 17:00:27 PKT)" to executor "default"
Traceback (most recent call last):
  File "/Users/ahmed/Downloads/evotrade_final/venv/lib/python3.11/site-packages/apscheduler/schedulers/base.py", line 1195, in _process_jobs
    executor.submit_job(job, run_times)
  File "/Users/ahmed/Downloads/evotrade_final/venv/lib/python3.11/site-packages/apscheduler/executors/base.py", line 74, in submit_job
    self._do_submit_job(job, run_times)
  File "/Users/ahmed/Downloads/evotrade_final/venv/lib/python3.11/site-packages/apscheduler/executors/pool.py", line 27, in _do_submit_job
    f = self._pool.submit(
        ^^^^^^^^^^^^^^^^^^
  File "/opt/homebrew/Cellar/python@3.11/3.11.13/Frameworks/Python.framework/Versions/3.11/lib/python3.11/concurrent/futures/thread.py", line 167, in submit
    raise RuntimeError('cannot schedule new futures after shutdown')
RuntimeError: cannot schedule new futures after shutdown
2026-04-10 17:11:09,910 [apscheduler.scheduler] ERROR: Error submitting job "TradingEngine._trading_cycle (trigger: interval[0:00:30], next run at: 2026-04-10 17:04:57 PKT)" to executor "default"
Traceback (most recent call last):
  File "/Users/ahmed/Downloads/evotrade_final/venv/lib/python3.11/site-packages/apscheduler/schedulers/base.py", line 1195, in _process_jobs
    executor.submit_job(job, run_times)
  File "/Users/ahmed/Downloads/evotrade_final/venv/lib/python3.11/site-packages/apscheduler/executors/base.py", line 74, in submit_job
    self._do_submit_job(job, run_times)
  File "/Users/ahmed/Downloads/evotrade_final/venv/lib/python3.11/site-packages/apscheduler/executors/pool.py", line 27, in _do_submit_job
    f = self._pool.submit(
        ^^^^^^^^^^^^^^^^^^
  File "/opt/homebrew/Cellar/python@3.11/3.11.13/Frameworks/Python.framework/Versions/3.11/lib/python3.11/concurrent/futures/thread.py", line 167, in submit
    raise RuntimeError('cannot schedule new futures after shutdown')
RuntimeError: cannot schedule new futures after shutdown
2026-04-10 17:14:39,216 [apscheduler.scheduler] ERROR: Error submitting job "TradingEngine._trading_cycle (trigger: interval[0:00:30], next run at: 2026-04-10 17:11:27 PKT)" to executor "default"
Traceback (most recent call last):
  File "/Users/ahmed/Downloads/evotrade_final/venv/lib/python3.11/site-packages/apscheduler/schedulers/base.py", line 1195, in _process_jobs
    executor.submit_job(job, run_times)
  File "/Users/ahmed/Downloads/evotrade_final/venv/lib/python3.11/site-packages/apscheduler/executors/base.py", line 74, in submit_job
    self._do_submit_job(job, run_times)
  File "/Users/ahmed/Downloads/evotrade_final/venv/lib/python3.11/site-packages/apscheduler/executors/pool.py", line 27, in _do_submit_job
    f = self._pool.submit(
        ^^^^^^^^^^^^^^^^^^
  File "/opt/homebrew/Cellar/python@3.11/3.11.13/Frameworks/Python.framework/Versions/3.11/lib/python3.11/concurrent/futures/thread.py", line 167, in submit
    raise RuntimeError('cannot schedule new futures after shutdown')
RuntimeError: cannot schedule new futures after shutdown
2026-04-10 17:18:50,019 [apscheduler.scheduler] ERROR: Error submitting job "TradingEngine._trading_cycle (trigger: interval[0:00:30], next run at: 2026-04-10 17:14:57 PKT)" to executor "default"
Traceback (most recent call last):
  File "/Users/ahmed/Downloads/evotrade_final/venv/lib/python3.11/site-packages/apscheduler/schedulers/base.py", line 1195, in _process_jobs
    executor.submit_job(job, run_times)
  File "/Users/ahmed/Downloads/evotrade_final/venv/lib/python3.11/site-packages/apscheduler/executors/base.py", line 74, in submit_job
    self._do_submit_job(job, run_times)
  File "/Users/ahmed/Downloads/evotrade_final/venv/lib/python3.11/site-packages/apscheduler/executors/pool.py", line 27, in _do_submit_job
    f = self._pool.submit(
        ^^^^^^^^^^^^^^^^^^
  File "/opt/homebrew/Cellar/python@3.11/3.11.13/Frameworks/Python.framework/Versions/3.11/lib/python3.11/concurrent/futures/thread.py", line 167, in submit
    raise RuntimeError('cannot schedule new futures after shutdown')
RuntimeError: cannot schedule new futures after shutdown
2026-04-10 17:24:16,588 [apscheduler.scheduler] ERROR: Error submitting job "TradingEngine._trading_cycle (trigger: interval[0:00:30], next run at: 2026-04-10 17:18:57 PKT)" to executor "default"
Traceback (most recent call last):
  File "/Users/ahmed/Downloads/evotrade_final/venv/lib/python3.11/site-packages/apscheduler/schedulers/base.py", line 1195, in _process_jobs
    executor.submit_job(job, run_times)
  File "/Users/ahmed/Downloads/evotrade_final/venv/lib/python3.11/site-packages/apscheduler/executors/base.py", line 74, in submit_job
    self._do_submit_job(job, run_times)
  File "/Users/ahmed/Downloads/evotrade_final/venv/lib/python3.11/site-packages/apscheduler/executors/pool.py", line 27, in _do_submit_job
    f = self._pool.submit(
        ^^^^^^^^^^^^^^^^^^
  File "/opt/homebrew/Cellar/python@3.11/3.11.13/Frameworks/Python.framework/Versions/3.11/lib/python3.11/concurrent/futures/thread.py", line 167, in submit
    raise RuntimeError('cannot schedule new futures after shutdown')
RuntimeError: cannot schedule new futures after shutdown
2026-04-10 17:26:08,916 [apscheduler.scheduler] ERROR: Error submitting job "TradingEngine._trading_cycle (trigger: interval[0:00:30], next run at: 2026-04-10 17:24:27 PKT)" to executor "default"
Traceback (most recent call last):
  File "/Users/ahmed/Downloads/evotrade_final/venv/lib/python3.11/site-packages/apscheduler/schedulers/base.py", line 1195, in _process_jobs
    executor.submit_job(job, run_times)
  File "/Users/ahmed/Downloads/evotrade_final/venv/lib/python3.11/site-packages/apscheduler/executors/base.py", line 74, in submit_job
    self._do_submit_job(job, run_times)
  File "/Users/ahmed/Downloads/evotrade_final/venv/lib/python3.11/site-packages/apscheduler/executors/pool.py", line 27, in _do_submit_job
    f = self._pool.submit(
        ^^^^^^^^^^^^^^^^^^
  File "/opt/homebrew/Cellar/python@3.11/3.11.13/Frameworks/Python.framework/Versions/3.11/lib/python3.11/concurrent/futures/thread.py", line 167, in submit
    raise RuntimeError('cannot schedule new futures after shutdown')
RuntimeError: cannot schedule new futures after shutdown
2026-04-10 17:29:31,929 [apscheduler.scheduler] ERROR: Error submitting job "TradingEngine._trading_cycle (trigger: interval[0:00:30], next run at: 2026-04-10 17:26:27 PKT)" to executor "default"
Traceback (most recent call last):
  File "/Users/ahmed/Downloads/evotrade_final/venv/lib/python3.11/site-packages/apscheduler/schedulers/base.py", line 1195, in _process_jobs
    executor.submit_job(job, run_times)
  File "/Users/ahmed/Downloads/evotrade_final/venv/lib/python3.11/site-packages/apscheduler/executors/base.py", line 74, in submit_job
    self._do_submit_job(job, run_times)
  File "/Users/ahmed/Downloads/evotrade_final/venv/lib/python3.11/site-packages/apscheduler/executors/pool.py", line 27, in _do_submit_job
    f = self._pool.submit(
        ^^^^^^^^^^^^^^^^^^
  File "/opt/homebrew/Cellar/python@3.11/3.11.13/Frameworks/Python.framework/Versions/3.11/lib/python3.11/concurrent/futures/thread.py", line 167, in submit
    raise RuntimeError('cannot schedule new futures after shutdown')
RuntimeError: cannot schedule new futures after shutdown
2026-04-10 17:34:09,539 [apscheduler.scheduler] ERROR: Error submitting job "TradingEngine._trading_cycle (trigger: interval[0:00:30], next run at: 2026-04-10 17:29:57 PKT)" to executor "default"
Traceback (most recent call last):
  File "/Users/ahmed/Downloads/evotrade_final/venv/lib/python3.11/site-packages/apscheduler/schedulers/base.py", line 1195, in _process_jobs
    executor.submit_job(job, run_times)
  File "/Users/ahmed/Downloads/evotrade_final/venv/lib/python3.11/site-packages/apscheduler/executors/base.py", line 74, in submit_job
    self._do_submit_job(job, run_times)
  File "/Users/ahmed/Downloads/evotrade_final/venv/lib/python3.11/site-packages/apscheduler/executors/pool.py", line 27, in _do_submit_job
    f = self._pool.submit(
        ^^^^^^^^^^^^^^^^^^
  File "/opt/homebrew/Cellar/python@3.11/3.11.13/Frameworks/Python.framework/Versions/3.11/lib/python3.11/concurrent/futures/thread.py", line 167, in submit
    raise RuntimeError('cannot schedule new futures after shutdown')
RuntimeError: cannot schedule new futures after shutdown
2026-04-10 17:34:27,891 [apscheduler.scheduler] ERROR: Error submitting job "TradingEngine._trading_cycle (trigger: interval[0:00:30], next run at: 2026-04-10 17:34:27 PKT)" to executor "default"
Traceback (most recent call last):
  File "/Users/ahmed/Downloads/evotrade_final/venv/lib/python3.11/site-packages/apscheduler/schedulers/base.py", line 1195, in _process_jobs
    executor.submit_job(job, run_times)
  File "/Users/ahmed/Downloads/evotrade_final/venv/lib/python3.11/site-packages/apscheduler/executors/base.py", line 74, in submit_job
    self._do_submit_job(job, run_times)
  File "/Users/ahmed/Downloads/evotrade_final/venv/lib/python3.11/site-packages/apscheduler/executors/pool.py", line 27, in _do_submit_job
    f = self._pool.submit(
        ^^^^^^^^^^^^^^^^^^
  File "/opt/homebrew/Cellar/python@3.11/3.11.13/Frameworks/Python.framework/Versions/3.11/lib/python3.11/concurrent/futures/thread.py", line 167, in submit
    raise RuntimeError('cannot schedule new futures after shutdown')
RuntimeError: cannot schedule new futures after shutdown
2026-04-10 17:34:57,888 [apscheduler.scheduler] ERROR: Error submitting job "TradingEngine._trading_cycle (trigger: interval[0:00:30], next run at: 2026-04-10 17:34:57 PKT)" to executor "default"
Traceback (most recent call last):
  File "/Users/ahmed/Downloads/evotrade_final/venv/lib/python3.11/site-packages/apscheduler/schedulers/base.py", line 1195, in _process_jobs
    executor.submit_job(job, run_times)
  File "/Users/ahmed/Downloads/evotrade_final/venv/lib/python3.11/site-packages/apscheduler/executors/base.py", line 74, in submit_job
    self._do_submit_job(job, run_times)
  File "/Users/ahmed/Downloads/evotrade_final/venv/lib/python3.11/site-packages/apscheduler/executors/pool.py", line 27, in _do_submit_job
    f = self._pool.submit(
        ^^^^^^^^^^^^^^^^^^
  File "/opt/homebrew/Cellar/python@3.11/3.11.13/Frameworks/Python.framework/Versions/3.11/lib/python3.11/concurrent/futures/thread.py", line 167, in submit
    raise RuntimeError('cannot schedule new futures after shutdown')
RuntimeError: cannot schedule new futures after shutdown
2026-04-10 17:35:27,886 [apscheduler.scheduler] ERROR: Error submitting job "TradingEngine._trading_cycle (trigger: interval[0:00:30], next run at: 2026-04-10 17:35:27 PKT)" to executor "default"
Traceback (most recent call last):
  File "/Users/ahmed/Downloads/evotrade_final/venv/lib/python3.11/site-packages/apscheduler/schedulers/base.py", line 1195, in _process_jobs
    executor.submit_job(job, run_times)
  File "/Users/ahmed/Downloads/evotrade_final/venv/lib/python3.11/site-packages/apscheduler/executors/base.py", line 74, in submit_job
    self._do_submit_job(job, run_times)
  File "/Users/ahmed/Downloads/evotrade_final/venv/lib/python3.11/site-packages/apscheduler/executors/pool.py", line 27, in _do_submit_job
    f = self._pool.submit(
        ^^^^^^^^^^^^^^^^^^
  File "/opt/homebrew/Cellar/python@3.11/3.11.13/Frameworks/Python.framework/Versions/3.11/lib/python3.11/concurrent/futures/thread.py", line 167, in submit
    raise RuntimeError('cannot schedule new futures after shutdown')
RuntimeError: cannot schedule new futures after shutdown
2026-04-10 17:35:57,886 [apscheduler.scheduler] ERROR: Error submitting job "TradingEngine._trading_cycle (trigger: interval[0:00:30], next run at: 2026-04-10 17:35:57 PKT)" to executor "default"
Traceback (most recent call last):
  File "/Users/ahmed/Downloads/evotrade_final/venv/lib/python3.11/site-packages/apscheduler/schedulers/base.py", line 1195, in _process_jobs
    executor.submit_job(job, run_times)
  File "/Users/ahmed/Downloads/evotrade_final/venv/lib/python3.11/site-packages/apscheduler/executors/base.py", line 74, in submit_job
    self._do_submit_job(job, run_times)
  File "/Users/ahmed/Downloads/evotrade_final/venv/lib/python3.11/site-packages/apscheduler/executors/pool.py", line 27, in _do_submit_job
    f = self._pool.submit(
        ^^^^^^^^^^^^^^^^^^
  File "/opt/homebrew/Cellar/python@3.11/3.11.13/Frameworks/Python.framework/Versions/3.11/lib/python3.11/concurrent/futures/thread.py", line 167, in submit
    raise RuntimeError('cannot schedule new futures after shutdown')
RuntimeError: cannot schedule new futures after shutdown
2026-04-10 17:36:27,885 [apscheduler.scheduler] ERROR: Error submitting job "TradingEngine._trading_cycle (trigger: interval[0:00:30], next run at: 2026-04-10 17:36:27 PKT)" to executor "default"
Traceback (most recent call last):
  File "/Users/ahmed/Downloads/evotrade_final/venv/lib/python3.11/site-packages/apscheduler/schedulers/base.py", line 1195, in _process_jobs
    executor.submit_job(job, run_times)
  File "/Users/ahmed/Downloads/evotrade_final/venv/lib/python3.11/site-packages/apscheduler/executors/base.py", line 74, in submit_job
    self._do_submit_job(job, run_times)
  File "/Users/ahmed/Downloads/evotrade_final/venv/lib/python3.11/site-packages/apscheduler/executors/pool.py", line 27, in _do_submit_job
    f = self._pool.submit(
        ^^^^^^^^^^^^^^^^^^
  File "/opt/homebrew/Cellar/python@3.11/3.11.13/Frameworks/Python.framework/Versions/3.11/lib/python3.11/concurrent/futures/thread.py", line 167, in submit
    raise RuntimeError('cannot schedule new futures after shutdown')
RuntimeError: cannot schedule new futures after shutdown
2026-04-10 17:44:53,197 [apscheduler.scheduler] ERROR: Error submitting job "TradingEngine._trading_cycle (trigger: interval[0:00:30], next run at: 2026-04-10 17:36:57 PKT)" to executor "default"
Traceback (most recent call last):
  File "/Users/ahmed/Downloads/evotrade_final/venv/lib/python3.11/site-packages/apscheduler/schedulers/base.py", line 1195, in _process_jobs
    executor.submit_job(job, run_times)
  File "/Users/ahmed/Downloads/evotrade_final/venv/lib/python3.11/site-packages/apscheduler/executors/base.py", line 74, in submit_job
    self._do_submit_job(job, run_times)
  File "/Users/ahmed/Downloads/evotrade_final/venv/lib/python3.11/site-packages/apscheduler/executors/pool.py", line 27, in _do_submit_job
    f = self._pool.submit(
        ^^^^^^^^^^^^^^^^^^
  File "/opt/homebrew/Cellar/python@3.11/3.11.13/Frameworks/Python.framework/Versions/3.11/lib/python3.11/concurrent/futures/thread.py", line 167, in submit
    raise RuntimeError('cannot schedule new futures after shutdown')
RuntimeError: cannot schedule new futures after shutdown
2026-04-10 17:46:37,277 [apscheduler.scheduler] ERROR: Error submitting job "TradingEngine._trading_cycle (trigger: interval[0:00:30], next run at: 2026-04-10 17:44:57 PKT)" to executor "default"
Traceback (most recent call last):
  File "/Users/ahmed/Downloads/evotrade_final/venv/lib/python3.11/site-packages/apscheduler/schedulers/base.py", line 1195, in _process_jobs
    executor.submit_job(job, run_times)
  File "/Users/ahmed/Downloads/evotrade_final/venv/lib/python3.11/site-packages/apscheduler/executors/base.py", line 74, in submit_job
    self._do_submit_job(job, run_times)
  File "/Users/ahmed/Downloads/evotrade_final/venv/lib/python3.11/site-packages/apscheduler/executors/pool.py", line 27, in _do_submit_job
    f = self._pool.submit(
        ^^^^^^^^^^^^^^^^^^
  File "/opt/homebrew/Cellar/python@3.11/3.11.13/Frameworks/Python.framework/Versions/3.11/lib/python3.11/concurrent/futures/thread.py", line 167, in submit
    raise RuntimeError('cannot schedule new futures after shutdown')
RuntimeError: cannot schedule new futures after shutdown
2026-04-10 17:49:00,881 [apscheduler.scheduler] ERROR: Error submitting job "TradingEngine._trading_cycle (trigger: interval[0:00:30], next run at: 2026-04-10 17:46:57 PKT)" to executor "default"
Traceback (most recent call last):
  File "/Users/ahmed/Downloads/evotrade_final/venv/lib/python3.11/site-packages/apscheduler/schedulers/base.py", line 1195, in _process_jobs
    executor.submit_job(job, run_times)
  File "/Users/ahmed/Downloads/evotrade_final/venv/lib/python3.11/site-packages/apscheduler/executors/base.py", line 74, in submit_job
    self._do_submit_job(job, run_times)
  File "/Users/ahmed/Downloads/evotrade_final/venv/lib/python3.11/site-packages/apscheduler/executors/pool.py", line 27, in _do_submit_job
    f = self._pool.submit(
        ^^^^^^^^^^^^^^^^^^
  File "/opt/homebrew/Cellar/python@3.11/3.11.13/Frameworks/Python.framework/Versions/3.11/lib/python3.11/concurrent/futures/thread.py", line 167, in submit
    raise RuntimeError('cannot schedule new futures after shutdown')
RuntimeError: cannot schedule new futures after shutdown
2026-04-10 17:54:02,897 [apscheduler.scheduler] ERROR: Error submitting job "TradingEngine._trading_cycle (trigger: interval[0:00:30], next run at: 2026-04-10 17:49:27 PKT)" to executor "default"
Traceback (most recent call last):
  File "/Users/ahmed/Downloads/evotrade_final/venv/lib/python3.11/site-packages/apscheduler/schedulers/base.py", line 1195, in _process_jobs
    executor.submit_job(job, run_times)
  File "/Users/ahmed/Downloads/evotrade_final/venv/lib/python3.11/site-packages/apscheduler/executors/base.py", line 74, in submit_job
    self._do_submit_job(job, run_times)
  File "/Users/ahmed/Downloads/evotrade_final/venv/lib/python3.11/site-packages/apscheduler/executors/pool.py", line 27, in _do_submit_job
    f = self._pool.submit(
        ^^^^^^^^^^^^^^^^^^
  File "/opt/homebrew/Cellar/python@3.11/3.11.13/Frameworks/Python.framework/Versions/3.11/lib/python3.11/concurrent/futures/thread.py", line 167, in submit
    raise RuntimeError('cannot schedule new futures after shutdown')
RuntimeError: cannot schedule new futures after shutdown
2026-04-10 17:58:18,546 [apscheduler.scheduler] ERROR: Error submitting job "TradingEngine._trading_cycle (trigger: interval[0:00:30], next run at: 2026-04-10 17:54:27 PKT)" to executor "default"
Traceback (most recent call last):
  File "/Users/ahmed/Downloads/evotrade_final/venv/lib/python3.11/site-packages/apscheduler/schedulers/base.py", line 1195, in _process_jobs
    executor.submit_job(job, run_times)
  File "/Users/ahmed/Downloads/evotrade_final/venv/lib/python3.11/site-packages/apscheduler/executors/base.py", line 74, in submit_job
    self._do_submit_job(job, run_times)
  File "/Users/ahmed/Downloads/evotrade_final/venv/lib/python3.11/site-packages/apscheduler/executors/pool.py", line 27, in _do_submit_job
    f = self._pool.submit(
        ^^^^^^^^^^^^^^^^^^
  File "/opt/homebrew/Cellar/python@3.11/3.11.13/Frameworks/Python.framework/Versions/3.11/lib/python3.11/concurrent/futures/thread.py", line 167, in submit
    raise RuntimeError('cannot schedule new futures after shutdown')
RuntimeError: cannot schedule new futures after shutdown
2026-04-10 17:59:22,107 [apscheduler.scheduler] ERROR: Error submitting job "TradingEngine._trading_cycle (trigger: interval[0:00:30], next run at: 2026-04-10 17:58:27 PKT)" to executor "default"
Traceback (most recent call last):
  File "/Users/ahmed/Downloads/evotrade_final/venv/lib/python3.11/site-packages/apscheduler/schedulers/base.py", line 1195, in _process_jobs
    executor.submit_job(job, run_times)
  File "/Users/ahmed/Downloads/evotrade_final/venv/lib/python3.11/site-packages/apscheduler/executors/base.py", line 74, in submit_job
    self._do_submit_job(job, run_times)
  File "/Users/ahmed/Downloads/evotrade_final/venv/lib/python3.11/site-packages/apscheduler/executors/pool.py", line 27, in _do_submit_job
    f = self._pool.submit(
        ^^^^^^^^^^^^^^^^^^
  File "/opt/homebrew/Cellar/python@3.11/3.11.13/Frameworks/Python.framework/Versions/3.11/lib/python3.11/concurrent/futures/thread.py", line 167, in submit
    raise RuntimeError('cannot schedule new futures after shutdown')
RuntimeError: cannot schedule new futures after shutdown
2026-04-10 18:01:07,043 [apscheduler.scheduler] ERROR: Error submitting job "TradingEngine._trading_cycle (trigger: interval[0:00:30], next run at: 2026-04-10 17:59:27 PKT)" to executor "default"
Traceback (most recent call last):
  File "/Users/ahmed/Downloads/evotrade_final/venv/lib/python3.11/site-packages/apscheduler/schedulers/base.py", line 1195, in _process_jobs
    executor.submit_job(job, run_times)
  File "/Users/ahmed/Downloads/evotrade_final/venv/lib/python3.11/site-packages/apscheduler/executors/base.py", line 74, in submit_job
    self._do_submit_job(job, run_times)
  File "/Users/ahmed/Downloads/evotrade_final/venv/lib/python3.11/site-packages/apscheduler/executors/pool.py", line 27, in _do_submit_job
    f = self._pool.submit(
        ^^^^^^^^^^^^^^^^^^
  File "/opt/homebrew/Cellar/python@3.11/3.11.13/Frameworks/Python.framework/Versions/3.11/lib/python3.11/concurrent/futures/thread.py", line 167, in submit
    raise RuntimeError('cannot schedule new futures after shutdown')
RuntimeError: cannot schedule new futures after shutdown
2026-04-10 18:05:11,494 [apscheduler.scheduler] ERROR: Error submitting job "TradingEngine._trading_cycle (trigger: interval[0:00:30], next run at: 2026-04-10 18:01:27 PKT)" to executor "default"
Traceback (most recent call last):
  File "/Users/ahmed/Downloads/evotrade_final/venv/lib/python3.11/site-packages/apscheduler/schedulers/base.py", line 1195, in _process_jobs
    executor.submit_job(job, run_times)
  File "/Users/ahmed/Downloads/evotrade_final/venv/lib/python3.11/site-packages/apscheduler/executors/base.py", line 74, in submit_job
    self._do_submit_job(job, run_times)
  File "/Users/ahmed/Downloads/evotrade_final/venv/lib/python3.11/site-packages/apscheduler/executors/pool.py", line 27, in _do_submit_job
    f = self._pool.submit(
        ^^^^^^^^^^^^^^^^^^
  File "/opt/homebrew/Cellar/python@3.11/3.11.13/Frameworks/Python.framework/Versions/3.11/lib/python3.11/concurrent/futures/thread.py", line 167, in submit
    raise RuntimeError('cannot schedule new futures after shutdown')
RuntimeError: cannot schedule new futures after shutdown
2026-04-10 18:07:10,566 [apscheduler.scheduler] ERROR: Error submitting job "TradingEngine._trading_cycle (trigger: interval[0:00:30], next run at: 2026-04-10 18:05:27 PKT)" to executor "default"
Traceback (most recent call last):
  File "/Users/ahmed/Downloads/evotrade_final/venv/lib/python3.11/site-packages/apscheduler/schedulers/base.py", line 1195, in _process_jobs
    executor.submit_job(job, run_times)
  File "/Users/ahmed/Downloads/evotrade_final/venv/lib/python3.11/site-packages/apscheduler/executors/base.py", line 74, in submit_job
    self._do_submit_job(job, run_times)
  File "/Users/ahmed/Downloads/evotrade_final/venv/lib/python3.11/site-packages/apscheduler/executors/pool.py", line 27, in _do_submit_job
    f = self._pool.submit(
        ^^^^^^^^^^^^^^^^^^
  File "/opt/homebrew/Cellar/python@3.11/3.11.13/Frameworks/Python.framework/Versions/3.11/lib/python3.11/concurrent/futures/thread.py", line 167, in submit
    raise RuntimeError('cannot schedule new futures after shutdown')
RuntimeError: cannot schedule new futures after shutdown
2026-04-10 18:11:27,086 [apscheduler.scheduler] ERROR: Error submitting job "TradingEngine._trading_cycle (trigger: interval[0:00:30], next run at: 2026-04-10 18:07:27 PKT)" to executor "default"
Traceback (most recent call last):
  File "/Users/ahmed/Downloads/evotrade_final/venv/lib/python3.11/site-packages/apscheduler/schedulers/base.py", line 1195, in _process_jobs
    executor.submit_job(job, run_times)
  File "/Users/ahmed/Downloads/evotrade_final/venv/lib/python3.11/site-packages/apscheduler/executors/base.py", line 74, in submit_job
    self._do_submit_job(job, run_times)
  File "/Users/ahmed/Downloads/evotrade_final/venv/lib/python3.11/site-packages/apscheduler/executors/pool.py", line 27, in _do_submit_job
    f = self._pool.submit(
        ^^^^^^^^^^^^^^^^^^
  File "/opt/homebrew/Cellar/python@3.11/3.11.13/Frameworks/Python.framework/Versions/3.11/lib/python3.11/concurrent/futures/thread.py", line 167, in submit
    raise RuntimeError('cannot schedule new futures after shutdown')
RuntimeError: cannot schedule new futures after shutdown
2026-04-10 18:11:27,892 [apscheduler.scheduler] ERROR: Error submitting job "TradingEngine._trading_cycle (trigger: interval[0:00:30], next run at: 2026-04-10 18:11:27 PKT)" to executor "default"
Traceback (most recent call last):
  File "/Users/ahmed/Downloads/evotrade_final/venv/lib/python3.11/site-packages/apscheduler/schedulers/base.py", line 1195, in _process_jobs
    executor.submit_job(job, run_times)
  File "/Users/ahmed/Downloads/evotrade_final/venv/lib/python3.11/site-packages/apscheduler/executors/base.py", line 74, in submit_job
    self._do_submit_job(job, run_times)
  File "/Users/ahmed/Downloads/evotrade_final/venv/lib/python3.11/site-packages/apscheduler/executors/pool.py", line 27, in _do_submit_job
    f = self._pool.submit(
        ^^^^^^^^^^^^^^^^^^
  File "/opt/homebrew/Cellar/python@3.11/3.11.13/Frameworks/Python.framework/Versions/3.11/lib/python3.11/concurrent/futures/thread.py", line 167, in submit
    raise RuntimeError('cannot schedule new futures after shutdown')
RuntimeError: cannot schedule new futures after shutdown
2026-04-10 18:15:59,188 [apscheduler.scheduler] ERROR: Error submitting job "TradingEngine._trading_cycle (trigger: interval[0:00:30], next run at: 2026-04-10 18:11:57 PKT)" to executor "default"
Traceback (most recent call last):
  File "/Users/ahmed/Downloads/evotrade_final/venv/lib/python3.11/site-packages/apscheduler/schedulers/base.py", line 1195, in _process_jobs
    executor.submit_job(job, run_times)
  File "/Users/ahmed/Downloads/evotrade_final/venv/lib/python3.11/site-packages/apscheduler/executors/base.py", line 74, in submit_job
    self._do_submit_job(job, run_times)
  File "/Users/ahmed/Downloads/evotrade_final/venv/lib/python3.11/site-packages/apscheduler/executors/pool.py", line 27, in _do_submit_job
    f = self._pool.submit(
        ^^^^^^^^^^^^^^^^^^
  File "/opt/homebrew/Cellar/python@3.11/3.11.13/Frameworks/Python.framework/Versions/3.11/lib/python3.11/concurrent/futures/thread.py", line 167, in submit
    raise RuntimeError('cannot schedule new futures after shutdown')
RuntimeError: cannot schedule new futures after shutdown
2026-04-10 18:27:27,844 [apscheduler.scheduler] ERROR: Error submitting job "TradingEngine._trading_cycle (trigger: interval[0:00:30], next run at: 2026-04-10 18:16:27 PKT)" to executor "default"
Traceback (most recent call last):
  File "/Users/ahmed/Downloads/evotrade_final/venv/lib/python3.11/site-packages/apscheduler/schedulers/base.py", line 1195, in _process_jobs
    executor.submit_job(job, run_times)
  File "/Users/ahmed/Downloads/evotrade_final/venv/lib/python3.11/site-packages/apscheduler/executors/base.py", line 74, in submit_job
    self._do_submit_job(job, run_times)
  File "/Users/ahmed/Downloads/evotrade_final/venv/lib/python3.11/site-packages/apscheduler/executors/pool.py", line 27, in _do_submit_job
    f = self._pool.submit(
        ^^^^^^^^^^^^^^^^^^
  File "/opt/homebrew/Cellar/python@3.11/3.11.13/Frameworks/Python.framework/Versions/3.11/lib/python3.11/concurrent/futures/thread.py", line 167, in submit
    raise RuntimeError('cannot schedule new futures after shutdown')
RuntimeError: cannot schedule new futures after shutdown
2026-04-10 18:27:27,890 [apscheduler.scheduler] ERROR: Error submitting job "TradingEngine._trading_cycle (trigger: interval[0:00:30], next run at: 2026-04-10 18:27:27 PKT)" to executor "default"
Traceback (most recent call last):
  File "/Users/ahmed/Downloads/evotrade_final/venv/lib/python3.11/site-packages/apscheduler/schedulers/base.py", line 1195, in _process_jobs
    executor.submit_job(job, run_times)
  File "/Users/ahmed/Downloads/evotrade_final/venv/lib/python3.11/site-packages/apscheduler/executors/base.py", line 74, in submit_job
    self._do_submit_job(job, run_times)
  File "/Users/ahmed/Downloads/evotrade_final/venv/lib/python3.11/site-packages/apscheduler/executors/pool.py", line 27, in _do_submit_job
    f = self._pool.submit(
        ^^^^^^^^^^^^^^^^^^
  File "/opt/homebrew/Cellar/python@3.11/3.11.13/Frameworks/Python.framework/Versions/3.11/lib/python3.11/concurrent/futures/thread.py", line 167, in submit
    raise RuntimeError('cannot schedule new futures after shutdown')
RuntimeError: cannot schedule new futures after shutdown
2026-04-10 18:35:15,114 [apscheduler.scheduler] ERROR: Error submitting job "TradingEngine._trading_cycle (trigger: interval[0:00:30], next run at: 2026-04-10 18:27:57 PKT)" to executor "default"
Traceback (most recent call last):
  File "/Users/ahmed/Downloads/evotrade_final/venv/lib/python3.11/site-packages/apscheduler/schedulers/base.py", line 1195, in _process_jobs
    executor.submit_job(job, run_times)
  File "/Users/ahmed/Downloads/evotrade_final/venv/lib/python3.11/site-packages/apscheduler/executors/base.py", line 74, in submit_job
    self._do_submit_job(job, run_times)
  File "/Users/ahmed/Downloads/evotrade_final/venv/lib/python3.11/site-packages/apscheduler/executors/pool.py", line 27, in _do_submit_job
    f = self._pool.submit(
        ^^^^^^^^^^^^^^^^^^
  File "/opt/homebrew/Cellar/python@3.11/3.11.13/Frameworks/Python.framework/Versions/3.11/lib/python3.11/concurrent/futures/thread.py", line 167, in submit
    raise RuntimeError('cannot schedule new futures after shutdown')
RuntimeError: cannot schedule new futures after shutdown
2026-04-10 18:37:05,386 [apscheduler.scheduler] ERROR: Error submitting job "TradingEngine._trading_cycle (trigger: interval[0:00:30], next run at: 2026-04-10 18:35:27 PKT)" to executor "default"
Traceback (most recent call last):
  File "/Users/ahmed/Downloads/evotrade_final/venv/lib/python3.11/site-packages/apscheduler/schedulers/base.py", line 1195, in _process_jobs
    executor.submit_job(job, run_times)
  File "/Users/ahmed/Downloads/evotrade_final/venv/lib/python3.11/site-packages/apscheduler/executors/base.py", line 74, in submit_job
    self._do_submit_job(job, run_times)
  File "/Users/ahmed/Downloads/evotrade_final/venv/lib/python3.11/site-packages/apscheduler/executors/pool.py", line 27, in _do_submit_job
    f = self._pool.submit(
        ^^^^^^^^^^^^^^^^^^
  File "/opt/homebrew/Cellar/python@3.11/3.11.13/Frameworks/Python.framework/Versions/3.11/lib/python3.11/concurrent/futures/thread.py", line 167, in submit
    raise RuntimeError('cannot schedule new futures after shutdown')
RuntimeError: cannot schedule new futures after shutdown
2026-04-10 18:37:05,393 [apscheduler.scheduler] ERROR: Error submitting job "TradingEngine._evolution_cycle (trigger: interval[6:00:00], next run at: 2026-04-10 18:36:27 PKT)" to executor "default"
Traceback (most recent call last):
  File "/Users/ahmed/Downloads/evotrade_final/venv/lib/python3.11/site-packages/apscheduler/schedulers/base.py", line 1195, in _process_jobs
    executor.submit_job(job, run_times)
  File "/Users/ahmed/Downloads/evotrade_final/venv/lib/python3.11/site-packages/apscheduler/executors/base.py", line 74, in submit_job
    self._do_submit_job(job, run_times)
  File "/Users/ahmed/Downloads/evotrade_final/venv/lib/python3.11/site-packages/apscheduler/executors/pool.py", line 27, in _do_submit_job
    f = self._pool.submit(
        ^^^^^^^^^^^^^^^^^^
  File "/opt/homebrew/Cellar/python@3.11/3.11.13/Frameworks/Python.framework/Versions/3.11/lib/python3.11/concurrent/futures/thread.py", line 167, in submit
    raise RuntimeError('cannot schedule new futures after shutdown')
RuntimeError: cannot schedule new futures after shutdown
2026-04-10 18:42:09,240 [apscheduler.scheduler] ERROR: Error submitting job "TradingEngine._trading_cycle (trigger: interval[0:00:30], next run at: 2026-04-10 18:37:27 PKT)" to executor "default"
Traceback (most recent call last):
  File "/Users/ahmed/Downloads/evotrade_final/venv/lib/python3.11/site-packages/apscheduler/schedulers/base.py", line 1195, in _process_jobs
    executor.submit_job(job, run_times)
  File "/Users/ahmed/Downloads/evotrade_final/venv/lib/python3.11/site-packages/apscheduler/executors/base.py", line 74, in submit_job
    self._do_submit_job(job, run_times)
  File "/Users/ahmed/Downloads/evotrade_final/venv/lib/python3.11/site-packages/apscheduler/executors/pool.py", line 27, in _do_submit_job
    f = self._pool.submit(
        ^^^^^^^^^^^^^^^^^^
  File "/opt/homebrew/Cellar/python@3.11/3.11.13/Frameworks/Python.framework/Versions/3.11/lib/python3.11/concurrent/futures/thread.py", line 167, in submit
    raise RuntimeError('cannot schedule new futures after shutdown')
RuntimeError: cannot schedule new futures after shutdown
2026-04-10 18:45:49,253 [apscheduler.scheduler] ERROR: Error submitting job "TradingEngine._trading_cycle (trigger: interval[0:00:30], next run at: 2026-04-10 18:42:27 PKT)" to executor "default"
Traceback (most recent call last):
  File "/Users/ahmed/Downloads/evotrade_final/venv/lib/python3.11/site-packages/apscheduler/schedulers/base.py", line 1195, in _process_jobs
    executor.submit_job(job, run_times)
  File "/Users/ahmed/Downloads/evotrade_final/venv/lib/python3.11/site-packages/apscheduler/executors/base.py", line 74, in submit_job
    self._do_submit_job(job, run_times)
  File "/Users/ahmed/Downloads/evotrade_final/venv/lib/python3.11/site-packages/apscheduler/executors/pool.py", line 27, in _do_submit_job
    f = self._pool.submit(
        ^^^^^^^^^^^^^^^^^^
  File "/opt/homebrew/Cellar/python@3.11/3.11.13/Frameworks/Python.framework/Versions/3.11/lib/python3.11/concurrent/futures/thread.py", line 167, in submit
    raise RuntimeError('cannot schedule new futures after shutdown')
RuntimeError: cannot schedule new futures after shutdown
2026-04-10 18:47:40,092 [apscheduler.scheduler] ERROR: Error submitting job "TradingEngine._trading_cycle (trigger: interval[0:00:30], next run at: 2026-04-10 18:45:57 PKT)" to executor "default"
Traceback (most recent call last):
  File "/Users/ahmed/Downloads/evotrade_final/venv/lib/python3.11/site-packages/apscheduler/schedulers/base.py", line 1195, in _process_jobs
    executor.submit_job(job, run_times)
  File "/Users/ahmed/Downloads/evotrade_final/venv/lib/python3.11/site-packages/apscheduler/executors/base.py", line 74, in submit_job
    self._do_submit_job(job, run_times)
  File "/Users/ahmed/Downloads/evotrade_final/venv/lib/python3.11/site-packages/apscheduler/executors/pool.py", line 27, in _do_submit_job
    f = self._pool.submit(
        ^^^^^^^^^^^^^^^^^^
  File "/opt/homebrew/Cellar/python@3.11/3.11.13/Frameworks/Python.framework/Versions/3.11/lib/python3.11/concurrent/futures/thread.py", line 167, in submit
    raise RuntimeError('cannot schedule new futures after shutdown')
RuntimeError: cannot schedule new futures after shutdown
2026-04-10 18:50:33,523 [apscheduler.scheduler] ERROR: Error submitting job "TradingEngine._trading_cycle (trigger: interval[0:00:30], next run at: 2026-04-10 18:47:57 PKT)" to executor "default"
Traceback (most recent call last):
  File "/Users/ahmed/Downloads/evotrade_final/venv/lib/python3.11/site-packages/apscheduler/schedulers/base.py", line 1195, in _process_jobs
    executor.submit_job(job, run_times)
  File "/Users/ahmed/Downloads/evotrade_final/venv/lib/python3.11/site-packages/apscheduler/executors/base.py", line 74, in submit_job
    self._do_submit_job(job, run_times)
  File "/Users/ahmed/Downloads/evotrade_final/venv/lib/python3.11/site-packages/apscheduler/executors/pool.py", line 27, in _do_submit_job
    f = self._pool.submit(
        ^^^^^^^^^^^^^^^^^^
  File "/opt/homebrew/Cellar/python@3.11/3.11.13/Frameworks/Python.framework/Versions/3.11/lib/python3.11/concurrent/futures/thread.py", line 167, in submit
    raise RuntimeError('cannot schedule new futures after shutdown')
RuntimeError: cannot schedule new futures after shutdown
2026-04-10 18:55:52,716 [apscheduler.scheduler] ERROR: Error submitting job "TradingEngine._trading_cycle (trigger: interval[0:00:30], next run at: 2026-04-10 18:50:57 PKT)" to executor "default"
Traceback (most recent call last):
  File "/Users/ahmed/Downloads/evotrade_final/venv/lib/python3.11/site-packages/apscheduler/schedulers/base.py", line 1195, in _process_jobs
    executor.submit_job(job, run_times)
  File "/Users/ahmed/Downloads/evotrade_final/venv/lib/python3.11/site-packages/apscheduler/executors/base.py", line 74, in submit_job
    self._do_submit_job(job, run_times)
  File "/Users/ahmed/Downloads/evotrade_final/venv/lib/python3.11/site-packages/apscheduler/executors/pool.py", line 27, in _do_submit_job
    f = self._pool.submit(
        ^^^^^^^^^^^^^^^^^^
  File "/opt/homebrew/Cellar/python@3.11/3.11.13/Frameworks/Python.framework/Versions/3.11/lib/python3.11/concurrent/futures/thread.py", line 167, in submit
    raise RuntimeError('cannot schedule new futures after shutdown')
RuntimeError: cannot schedule new futures after shutdown
2026-04-10 18:55:57,892 [apscheduler.scheduler] ERROR: Error submitting job "TradingEngine._trading_cycle (trigger: interval[0:00:30], next run at: 2026-04-10 18:55:57 PKT)" to executor "default"
Traceback (most recent call last):
  File "/Users/ahmed/Downloads/evotrade_final/venv/lib/python3.11/site-packages/apscheduler/schedulers/base.py", line 1195, in _process_jobs
    executor.submit_job(job, run_times)
  File "/Users/ahmed/Downloads/evotrade_final/venv/lib/python3.11/site-packages/apscheduler/executors/base.py", line 74, in submit_job
    self._do_submit_job(job, run_times)
  File "/Users/ahmed/Downloads/evotrade_final/venv/lib/python3.11/site-packages/apscheduler/executors/pool.py", line 27, in _do_submit_job
    f = self._pool.submit(
        ^^^^^^^^^^^^^^^^^^
  File "/opt/homebrew/Cellar/python@3.11/3.11.13/Frameworks/Python.framework/Versions/3.11/lib/python3.11/concurrent/futures/thread.py", line 167, in submit
    raise RuntimeError('cannot schedule new futures after shutdown')
RuntimeError: cannot schedule new futures after shutdown
2026-04-10 19:01:43,474 [apscheduler.scheduler] ERROR: Error submitting job "TradingEngine._trading_cycle (trigger: interval[0:00:30], next run at: 2026-04-10 18:56:27 PKT)" to executor "default"
Traceback (most recent call last):
  File "/Users/ahmed/Downloads/evotrade_final/venv/lib/python3.11/site-packages/apscheduler/schedulers/base.py", line 1195, in _process_jobs
    executor.submit_job(job, run_times)
  File "/Users/ahmed/Downloads/evotrade_final/venv/lib/python3.11/site-packages/apscheduler/executors/base.py", line 74, in submit_job
    self._do_submit_job(job, run_times)
  File "/Users/ahmed/Downloads/evotrade_final/venv/lib/python3.11/site-packages/apscheduler/executors/pool.py", line 27, in _do_submit_job
    f = self._pool.submit(
        ^^^^^^^^^^^^^^^^^^
  File "/opt/homebrew/Cellar/python@3.11/3.11.13/Frameworks/Python.framework/Versions/3.11/lib/python3.11/concurrent/futures/thread.py", line 167, in submit
    raise RuntimeError('cannot schedule new futures after shutdown')
RuntimeError: cannot schedule new futures after shutdown
2026-04-10 19:06:08,489 [apscheduler.scheduler] ERROR: Error submitting job "TradingEngine._trading_cycle (trigger: interval[0:00:30], next run at: 2026-04-10 19:01:57 PKT)" to executor "default"
Traceback (most recent call last):
  File "/Users/ahmed/Downloads/evotrade_final/venv/lib/python3.11/site-packages/apscheduler/schedulers/base.py", line 1195, in _process_jobs
    executor.submit_job(job, run_times)
  File "/Users/ahmed/Downloads/evotrade_final/venv/lib/python3.11/site-packages/apscheduler/executors/base.py", line 74, in submit_job
    self._do_submit_job(job, run_times)
  File "/Users/ahmed/Downloads/evotrade_final/venv/lib/python3.11/site-packages/apscheduler/executors/pool.py", line 27, in _do_submit_job
    f = self._pool.submit(
        ^^^^^^^^^^^^^^^^^^
  File "/opt/homebrew/Cellar/python@3.11/3.11.13/Frameworks/Python.framework/Versions/3.11/lib/python3.11/concurrent/futures/thread.py", line 167, in submit
    raise RuntimeError('cannot schedule new futures after shutdown')
RuntimeError: cannot schedule new futures after shutdown
2026-04-10 19:09:38,151 [apscheduler.scheduler] ERROR: Error submitting job "TradingEngine._trading_cycle (trigger: interval[0:00:30], next run at: 2026-04-10 19:06:27 PKT)" to executor "default"
Traceback (most recent call last):
  File "/Users/ahmed/Downloads/evotrade_final/venv/lib/python3.11/site-packages/apscheduler/schedulers/base.py", line 1195, in _process_jobs
    executor.submit_job(job, run_times)
  File "/Users/ahmed/Downloads/evotrade_final/venv/lib/python3.11/site-packages/apscheduler/executors/base.py", line 74, in submit_job
    self._do_submit_job(job, run_times)
  File "/Users/ahmed/Downloads/evotrade_final/venv/lib/python3.11/site-packages/apscheduler/executors/pool.py", line 27, in _do_submit_job
    f = self._pool.submit(
        ^^^^^^^^^^^^^^^^^^
  File "/opt/homebrew/Cellar/python@3.11/3.11.13/Frameworks/Python.framework/Versions/3.11/lib/python3.11/concurrent/futures/thread.py", line 167, in submit
    raise RuntimeError('cannot schedule new futures after shutdown')
RuntimeError: cannot schedule new futures after shutdown
2026-04-10 19:13:22,744 [apscheduler.scheduler] ERROR: Error submitting job "TradingEngine._trading_cycle (trigger: interval[0:00:30], next run at: 2026-04-10 19:09:57 PKT)" to executor "default"
Traceback (most recent call last):
  File "/Users/ahmed/Downloads/evotrade_final/venv/lib/python3.11/site-packages/apscheduler/schedulers/base.py", line 1195, in _process_jobs
    executor.submit_job(job, run_times)
  File "/Users/ahmed/Downloads/evotrade_final/venv/lib/python3.11/site-packages/apscheduler/executors/base.py", line 74, in submit_job
    self._do_submit_job(job, run_times)
  File "/Users/ahmed/Downloads/evotrade_final/venv/lib/python3.11/site-packages/apscheduler/executors/pool.py", line 27, in _do_submit_job
    f = self._pool.submit(
        ^^^^^^^^^^^^^^^^^^
  File "/opt/homebrew/Cellar/python@3.11/3.11.13/Frameworks/Python.framework/Versions/3.11/lib/python3.11/concurrent/futures/thread.py", line 167, in submit
    raise RuntimeError('cannot schedule new futures after shutdown')
RuntimeError: cannot schedule new futures after shutdown
2026-04-10 19:13:27,902 [apscheduler.scheduler] ERROR: Error submitting job "TradingEngine._trading_cycle (trigger: interval[0:00:30], next run at: 2026-04-10 19:13:27 PKT)" to executor "default"
Traceback (most recent call last):
  File "/Users/ahmed/Downloads/evotrade_final/venv/lib/python3.11/site-packages/apscheduler/schedulers/base.py", line 1195, in _process_jobs
    executor.submit_job(job, run_times)
  File "/Users/ahmed/Downloads/evotrade_final/venv/lib/python3.11/site-packages/apscheduler/executors/base.py", line 74, in submit_job
    self._do_submit_job(job, run_times)
  File "/Users/ahmed/Downloads/evotrade_final/venv/lib/python3.11/site-packages/apscheduler/executors/pool.py", line 27, in _do_submit_job
    f = self._pool.submit(
        ^^^^^^^^^^^^^^^^^^
  File "/opt/homebrew/Cellar/python@3.11/3.11.13/Frameworks/Python.framework/Versions/3.11/lib/python3.11/concurrent/futures/thread.py", line 167, in submit
    raise RuntimeError('cannot schedule new futures after shutdown')
RuntimeError: cannot schedule new futures after shutdown
2026-04-10 19:18:46,304 [apscheduler.scheduler] ERROR: Error submitting job "TradingEngine._trading_cycle (trigger: interval[0:00:30], next run at: 2026-04-10 19:13:57 PKT)" to executor "default"
Traceback (most recent call last):
  File "/Users/ahmed/Downloads/evotrade_final/venv/lib/python3.11/site-packages/apscheduler/schedulers/base.py", line 1195, in _process_jobs
    executor.submit_job(job, run_times)
  File "/Users/ahmed/Downloads/evotrade_final/venv/lib/python3.11/site-packages/apscheduler/executors/base.py", line 74, in submit_job
    self._do_submit_job(job, run_times)
  File "/Users/ahmed/Downloads/evotrade_final/venv/lib/python3.11/site-packages/apscheduler/executors/pool.py", line 27, in _do_submit_job
    f = self._pool.submit(
        ^^^^^^^^^^^^^^^^^^
  File "/opt/homebrew/Cellar/python@3.11/3.11.13/Frameworks/Python.framework/Versions/3.11/lib/python3.11/concurrent/futures/thread.py", line 167, in submit
    raise RuntimeError('cannot schedule new futures after shutdown')
RuntimeError: cannot schedule new futures after shutdown
2026-04-10 19:20:41,852 [apscheduler.scheduler] ERROR: Error submitting job "TradingEngine._trading_cycle (trigger: interval[0:00:30], next run at: 2026-04-10 19:18:57 PKT)" to executor "default"
Traceback (most recent call last):
  File "/Users/ahmed/Downloads/evotrade_final/venv/lib/python3.11/site-packages/apscheduler/schedulers/base.py", line 1195, in _process_jobs
    executor.submit_job(job, run_times)
  File "/Users/ahmed/Downloads/evotrade_final/venv/lib/python3.11/site-packages/apscheduler/executors/base.py", line 74, in submit_job
    self._do_submit_job(job, run_times)
  File "/Users/ahmed/Downloads/evotrade_final/venv/lib/python3.11/site-packages/apscheduler/executors/pool.py", line 27, in _do_submit_job
    f = self._pool.submit(
        ^^^^^^^^^^^^^^^^^^
  File "/opt/homebrew/Cellar/python@3.11/3.11.13/Frameworks/Python.framework/Versions/3.11/lib/python3.11/concurrent/futures/thread.py", line 167, in submit
    raise RuntimeError('cannot schedule new futures after shutdown')
RuntimeError: cannot schedule new futures after shutdown
2026-04-10 19:29:04,035 [apscheduler.scheduler] ERROR: Error submitting job "TradingEngine._trading_cycle (trigger: interval[0:00:30], next run at: 2026-04-10 19:20:57 PKT)" to executor "default"
Traceback (most recent call last):
  File "/Users/ahmed/Downloads/evotrade_final/venv/lib/python3.11/site-packages/apscheduler/schedulers/base.py", line 1195, in _process_jobs
    executor.submit_job(job, run_times)
  File "/Users/ahmed/Downloads/evotrade_final/venv/lib/python3.11/site-packages/apscheduler/executors/base.py", line 74, in submit_job
    self._do_submit_job(job, run_times)
  File "/Users/ahmed/Downloads/evotrade_final/venv/lib/python3.11/site-packages/apscheduler/executors/pool.py", line 27, in _do_submit_job
    f = self._pool.submit(
        ^^^^^^^^^^^^^^^^^^
  File "/opt/homebrew/Cellar/python@3.11/3.11.13/Frameworks/Python.framework/Versions/3.11/lib/python3.11/concurrent/futures/thread.py", line 167, in submit
    raise RuntimeError('cannot schedule new futures after shutdown')
RuntimeError: cannot schedule new futures after shutdown
2026-04-10 19:41:50,968 [apscheduler.scheduler] ERROR: Error submitting job "TradingEngine._trading_cycle (trigger: interval[0:00:30], next run at: 2026-04-10 19:29:27 PKT)" to executor "default"
Traceback (most recent call last):
  File "/Users/ahmed/Downloads/evotrade_final/venv/lib/python3.11/site-packages/apscheduler/schedulers/base.py", line 1195, in _process_jobs
    executor.submit_job(job, run_times)
  File "/Users/ahmed/Downloads/evotrade_final/venv/lib/python3.11/site-packages/apscheduler/executors/base.py", line 74, in submit_job
    self._do_submit_job(job, run_times)
  File "/Users/ahmed/Downloads/evotrade_final/venv/lib/python3.11/site-packages/apscheduler/executors/pool.py", line 27, in _do_submit_job
    f = self._pool.submit(
        ^^^^^^^^^^^^^^^^^^
  File "/opt/homebrew/Cellar/python@3.11/3.11.13/Frameworks/Python.framework/Versions/3.11/lib/python3.11/concurrent/futures/thread.py", line 167, in submit
    raise RuntimeError('cannot schedule new futures after shutdown')
RuntimeError: cannot schedule new futures after shutdown
2026-04-10 19:51:11,556 [apscheduler.scheduler] ERROR: Error submitting job "TradingEngine._trading_cycle (trigger: interval[0:00:30], next run at: 2026-04-10 19:41:57 PKT)" to executor "default"
Traceback (most recent call last):
  File "/Users/ahmed/Downloads/evotrade_final/venv/lib/python3.11/site-packages/apscheduler/schedulers/base.py", line 1195, in _process_jobs
    executor.submit_job(job, run_times)
  File "/Users/ahmed/Downloads/evotrade_final/venv/lib/python3.11/site-packages/apscheduler/executors/base.py", line 74, in submit_job
    self._do_submit_job(job, run_times)
  File "/Users/ahmed/Downloads/evotrade_final/venv/lib/python3.11/site-packages/apscheduler/executors/pool.py", line 27, in _do_submit_job
    f = self._pool.submit(
        ^^^^^^^^^^^^^^^^^^
  File "/opt/homebrew/Cellar/python@3.11/3.11.13/Frameworks/Python.framework/Versions/3.11/lib/python3.11/concurrent/futures/thread.py", line 167, in submit
    raise RuntimeError('cannot schedule new futures after shutdown')
RuntimeError: cannot schedule new futures after shutdown
2026-04-10 20:01:32,107 [apscheduler.scheduler] ERROR: Error submitting job "TradingEngine._trading_cycle (trigger: interval[0:00:30], next run at: 2026-04-10 19:51:27 PKT)" to executor "default"
Traceback (most recent call last):
  File "/Users/ahmed/Downloads/evotrade_final/venv/lib/python3.11/site-packages/apscheduler/schedulers/base.py", line 1195, in _process_jobs
    executor.submit_job(job, run_times)
  File "/Users/ahmed/Downloads/evotrade_final/venv/lib/python3.11/site-packages/apscheduler/executors/base.py", line 74, in submit_job
    self._do_submit_job(job, run_times)
  File "/Users/ahmed/Downloads/evotrade_final/venv/lib/python3.11/site-packages/apscheduler/executors/pool.py", line 27, in _do_submit_job
    f = self._pool.submit(
        ^^^^^^^^^^^^^^^^^^
  File "/opt/homebrew/Cellar/python@3.11/3.11.13/Frameworks/Python.framework/Versions/3.11/lib/python3.11/concurrent/futures/thread.py", line 167, in submit
    raise RuntimeError('cannot schedule new futures after shutdown')
RuntimeError: cannot schedule new futures after shutdown
2026-04-10 20:09:52,525 [apscheduler.scheduler] ERROR: Error submitting job "TradingEngine._trading_cycle (trigger: interval[0:00:30], next run at: 2026-04-10 20:01:57 PKT)" to executor "default"
Traceback (most recent call last):
  File "/Users/ahmed/Downloads/evotrade_final/venv/lib/python3.11/site-packages/apscheduler/schedulers/base.py", line 1195, in _process_jobs
    executor.submit_job(job, run_times)
  File "/Users/ahmed/Downloads/evotrade_final/venv/lib/python3.11/site-packages/apscheduler/executors/base.py", line 74, in submit_job
    self._do_submit_job(job, run_times)
  File "/Users/ahmed/Downloads/evotrade_final/venv/lib/python3.11/site-packages/apscheduler/executors/pool.py", line 27, in _do_submit_job
    f = self._pool.submit(
        ^^^^^^^^^^^^^^^^^^
  File "/opt/homebrew/Cellar/python@3.11/3.11.13/Frameworks/Python.framework/Versions/3.11/lib/python3.11/concurrent/futures/thread.py", line 167, in submit
    raise RuntimeError('cannot schedule new futures after shutdown')
RuntimeError: cannot schedule new futures after shutdown
2026-04-10 20:09:57,882 [apscheduler.scheduler] ERROR: Error submitting job "TradingEngine._trading_cycle (trigger: interval[0:00:30], next run at: 2026-04-10 20:09:57 PKT)" to executor "default"
Traceback (most recent call last):
  File "/Users/ahmed/Downloads/evotrade_final/venv/lib/python3.11/site-packages/apscheduler/schedulers/base.py", line 1195, in _process_jobs
    executor.submit_job(job, run_times)
  File "/Users/ahmed/Downloads/evotrade_final/venv/lib/python3.11/site-packages/apscheduler/executors/base.py", line 74, in submit_job
    self._do_submit_job(job, run_times)
  File "/Users/ahmed/Downloads/evotrade_final/venv/lib/python3.11/site-packages/apscheduler/executors/pool.py", line 27, in _do_submit_job
    f = self._pool.submit(
        ^^^^^^^^^^^^^^^^^^
  File "/opt/homebrew/Cellar/python@3.11/3.11.13/Frameworks/Python.framework/Versions/3.11/lib/python3.11/concurrent/futures/thread.py", line 167, in submit
    raise RuntimeError('cannot schedule new futures after shutdown')
RuntimeError: cannot schedule new futures after shutdown
2026-04-10 20:14:06,299 [apscheduler.scheduler] ERROR: Error submitting job "TradingEngine._trading_cycle (trigger: interval[0:00:30], next run at: 2026-04-10 20:10:27 PKT)" to executor "default"
Traceback (most recent call last):
  File "/Users/ahmed/Downloads/evotrade_final/venv/lib/python3.11/site-packages/apscheduler/schedulers/base.py", line 1195, in _process_jobs
    executor.submit_job(job, run_times)
  File "/Users/ahmed/Downloads/evotrade_final/venv/lib/python3.11/site-packages/apscheduler/executors/base.py", line 74, in submit_job
    self._do_submit_job(job, run_times)
  File "/Users/ahmed/Downloads/evotrade_final/venv/lib/python3.11/site-packages/apscheduler/executors/pool.py", line 27, in _do_submit_job
    f = self._pool.submit(
        ^^^^^^^^^^^^^^^^^^
  File "/opt/homebrew/Cellar/python@3.11/3.11.13/Frameworks/Python.framework/Versions/3.11/lib/python3.11/concurrent/futures/thread.py", line 167, in submit
    raise RuntimeError('cannot schedule new futures after shutdown')
RuntimeError: cannot schedule new futures after shutdown
2026-04-10 20:19:25,723 [apscheduler.scheduler] ERROR: Error submitting job "TradingEngine._trading_cycle (trigger: interval[0:00:30], next run at: 2026-04-10 20:14:27 PKT)" to executor "default"
Traceback (most recent call last):
  File "/Users/ahmed/Downloads/evotrade_final/venv/lib/python3.11/site-packages/apscheduler/schedulers/base.py", line 1195, in _process_jobs
    executor.submit_job(job, run_times)
  File "/Users/ahmed/Downloads/evotrade_final/venv/lib/python3.11/site-packages/apscheduler/executors/base.py", line 74, in submit_job
    self._do_submit_job(job, run_times)
  File "/Users/ahmed/Downloads/evotrade_final/venv/lib/python3.11/site-packages/apscheduler/executors/pool.py", line 27, in _do_submit_job
    f = self._pool.submit(
        ^^^^^^^^^^^^^^^^^^
  File "/opt/homebrew/Cellar/python@3.11/3.11.13/Frameworks/Python.framework/Versions/3.11/lib/python3.11/concurrent/futures/thread.py", line 167, in submit
    raise RuntimeError('cannot schedule new futures after shutdown')
RuntimeError: cannot schedule new futures after shutdown
2026-04-10 20:19:27,892 [apscheduler.scheduler] ERROR: Error submitting job "TradingEngine._trading_cycle (trigger: interval[0:00:30], next run at: 2026-04-10 20:19:27 PKT)" to executor "default"
Traceback (most recent call last):
  File "/Users/ahmed/Downloads/evotrade_final/venv/lib/python3.11/site-packages/apscheduler/schedulers/base.py", line 1195, in _process_jobs
    executor.submit_job(job, run_times)
  File "/Users/ahmed/Downloads/evotrade_final/venv/lib/python3.11/site-packages/apscheduler/executors/base.py", line 74, in submit_job
    self._do_submit_job(job, run_times)
  File "/Users/ahmed/Downloads/evotrade_final/venv/lib/python3.11/site-packages/apscheduler/executors/pool.py", line 27, in _do_submit_job
    f = self._pool.submit(
        ^^^^^^^^^^^^^^^^^^
  File "/opt/homebrew/Cellar/python@3.11/3.11.13/Frameworks/Python.framework/Versions/3.11/lib/python3.11/concurrent/futures/thread.py", line 167, in submit
    raise RuntimeError('cannot schedule new futures after shutdown')
RuntimeError: cannot schedule new futures after shutdown
2026-04-10 20:30:09,621 [apscheduler.scheduler] ERROR: Error submitting job "TradingEngine._trading_cycle (trigger: interval[0:00:30], next run at: 2026-04-10 20:19:57 PKT)" to executor "default"
Traceback (most recent call last):
  File "/Users/ahmed/Downloads/evotrade_final/venv/lib/python3.11/site-packages/apscheduler/schedulers/base.py", line 1195, in _process_jobs
    executor.submit_job(job, run_times)
  File "/Users/ahmed/Downloads/evotrade_final/venv/lib/python3.11/site-packages/apscheduler/executors/base.py", line 74, in submit_job
    self._do_submit_job(job, run_times)
  File "/Users/ahmed/Downloads/evotrade_final/venv/lib/python3.11/site-packages/apscheduler/executors/pool.py", line 27, in _do_submit_job
    f = self._pool.submit(
        ^^^^^^^^^^^^^^^^^^
  File "/opt/homebrew/Cellar/python@3.11/3.11.13/Frameworks/Python.framework/Versions/3.11/lib/python3.11/concurrent/futures/thread.py", line 167, in submit
    raise RuntimeError('cannot schedule new futures after shutdown')
RuntimeError: cannot schedule new futures after shutdown
2026-04-10 20:34:39,985 [apscheduler.scheduler] ERROR: Error submitting job "TradingEngine._trading_cycle (trigger: interval[0:00:30], next run at: 2026-04-10 20:30:27 PKT)" to executor "default"
Traceback (most recent call last):
  File "/Users/ahmed/Downloads/evotrade_final/venv/lib/python3.11/site-packages/apscheduler/schedulers/base.py", line 1195, in _process_jobs
    executor.submit_job(job, run_times)
  File "/Users/ahmed/Downloads/evotrade_final/venv/lib/python3.11/site-packages/apscheduler/executors/base.py", line 74, in submit_job
    self._do_submit_job(job, run_times)
  File "/Users/ahmed/Downloads/evotrade_final/venv/lib/python3.11/site-packages/apscheduler/executors/pool.py", line 27, in _do_submit_job
    f = self._pool.submit(
        ^^^^^^^^^^^^^^^^^^
  File "/opt/homebrew/Cellar/python@3.11/3.11.13/Frameworks/Python.framework/Versions/3.11/lib/python3.11/concurrent/futures/thread.py", line 167, in submit
    raise RuntimeError('cannot schedule new futures after shutdown')
RuntimeError: cannot schedule new futures after shutdown
2026-04-10 20:38:00,923 [apscheduler.scheduler] ERROR: Error submitting job "TradingEngine._trading_cycle (trigger: interval[0:00:30], next run at: 2026-04-10 20:34:57 PKT)" to executor "default"
Traceback (most recent call last):
  File "/Users/ahmed/Downloads/evotrade_final/venv/lib/python3.11/site-packages/apscheduler/schedulers/base.py", line 1195, in _process_jobs
    executor.submit_job(job, run_times)
  File "/Users/ahmed/Downloads/evotrade_final/venv/lib/python3.11/site-packages/apscheduler/executors/base.py", line 74, in submit_job
    self._do_submit_job(job, run_times)
  File "/Users/ahmed/Downloads/evotrade_final/venv/lib/python3.11/site-packages/apscheduler/executors/pool.py", line 27, in _do_submit_job
    f = self._pool.submit(
        ^^^^^^^^^^^^^^^^^^
  File "/opt/homebrew/Cellar/python@3.11/3.11.13/Frameworks/Python.framework/Versions/3.11/lib/python3.11/concurrent/futures/thread.py", line 167, in submit
    raise RuntimeError('cannot schedule new futures after shutdown')
RuntimeError: cannot schedule new futures after shutdown
2026-04-10 20:45:02,067 [apscheduler.scheduler] ERROR: Error submitting job "TradingEngine._trading_cycle (trigger: interval[0:00:30], next run at: 2026-04-10 20:38:27 PKT)" to executor "default"
Traceback (most recent call last):
  File "/Users/ahmed/Downloads/evotrade_final/venv/lib/python3.11/site-packages/apscheduler/schedulers/base.py", line 1195, in _process_jobs
    executor.submit_job(job, run_times)
  File "/Users/ahmed/Downloads/evotrade_final/venv/lib/python3.11/site-packages/apscheduler/executors/base.py", line 74, in submit_job
    self._do_submit_job(job, run_times)
  File "/Users/ahmed/Downloads/evotrade_final/venv/lib/python3.11/site-packages/apscheduler/executors/pool.py", line 27, in _do_submit_job
    f = self._pool.submit(
        ^^^^^^^^^^^^^^^^^^
  File "/opt/homebrew/Cellar/python@3.11/3.11.13/Frameworks/Python.framework/Versions/3.11/lib/python3.11/concurrent/futures/thread.py", line 167, in submit
    raise RuntimeError('cannot schedule new futures after shutdown')
RuntimeError: cannot schedule new futures after shutdown
2026-04-10 20:58:24,873 [apscheduler.scheduler] ERROR: Error submitting job "TradingEngine._trading_cycle (trigger: interval[0:00:30], next run at: 2026-04-10 20:45:27 PKT)" to executor "default"
Traceback (most recent call last):
  File "/Users/ahmed/Downloads/evotrade_final/venv/lib/python3.11/site-packages/apscheduler/schedulers/base.py", line 1195, in _process_jobs
    executor.submit_job(job, run_times)
  File "/Users/ahmed/Downloads/evotrade_final/venv/lib/python3.11/site-packages/apscheduler/executors/base.py", line 74, in submit_job
    self._do_submit_job(job, run_times)
  File "/Users/ahmed/Downloads/evotrade_final/venv/lib/python3.11/site-packages/apscheduler/executors/pool.py", line 27, in _do_submit_job
    f = self._pool.submit(
        ^^^^^^^^^^^^^^^^^^
  File "/opt/homebrew/Cellar/python@3.11/3.11.13/Frameworks/Python.framework/Versions/3.11/lib/python3.11/concurrent/futures/thread.py", line 167, in submit
    raise RuntimeError('cannot schedule new futures after shutdown')
RuntimeError: cannot schedule new futures after shutdown
2026-04-10 20:58:27,891 [apscheduler.scheduler] ERROR: Error submitting job "TradingEngine._trading_cycle (trigger: interval[0:00:30], next run at: 2026-04-10 20:58:27 PKT)" to executor "default"
Traceback (most recent call last):
  File "/Users/ahmed/Downloads/evotrade_final/venv/lib/python3.11/site-packages/apscheduler/schedulers/base.py", line 1195, in _process_jobs
    executor.submit_job(job, run_times)
  File "/Users/ahmed/Downloads/evotrade_final/venv/lib/python3.11/site-packages/apscheduler/executors/base.py", line 74, in submit_job
    self._do_submit_job(job, run_times)
  File "/Users/ahmed/Downloads/evotrade_final/venv/lib/python3.11/site-packages/apscheduler/executors/pool.py", line 27, in _do_submit_job
    f = self._pool.submit(
        ^^^^^^^^^^^^^^^^^^
  File "/opt/homebrew/Cellar/python@3.11/3.11.13/Frameworks/Python.framework/Versions/3.11/lib/python3.11/concurrent/futures/thread.py", line 167, in submit
    raise RuntimeError('cannot schedule new futures after shutdown')
RuntimeError: cannot schedule new futures after shutdown
2026-04-10 21:07:07,752 [apscheduler.scheduler] ERROR: Error submitting job "TradingEngine._trading_cycle (trigger: interval[0:00:30], next run at: 2026-04-10 20:58:57 PKT)" to executor "default"
Traceback (most recent call last):
  File "/Users/ahmed/Downloads/evotrade_final/venv/lib/python3.11/site-packages/apscheduler/schedulers/base.py", line 1195, in _process_jobs
    executor.submit_job(job, run_times)
  File "/Users/ahmed/Downloads/evotrade_final/venv/lib/python3.11/site-packages/apscheduler/executors/base.py", line 74, in submit_job
    self._do_submit_job(job, run_times)
  File "/Users/ahmed/Downloads/evotrade_final/venv/lib/python3.11/site-packages/apscheduler/executors/pool.py", line 27, in _do_submit_job
    f = self._pool.submit(
        ^^^^^^^^^^^^^^^^^^
  File "/opt/homebrew/Cellar/python@3.11/3.11.13/Frameworks/Python.framework/Versions/3.11/lib/python3.11/concurrent/futures/thread.py", line 167, in submit
    raise RuntimeError('cannot schedule new futures after shutdown')
RuntimeError: cannot schedule new futures after shutdown
2026-04-10 21:09:12,274 [apscheduler.scheduler] ERROR: Error submitting job "TradingEngine._trading_cycle (trigger: interval[0:00:30], next run at: 2026-04-10 21:07:27 PKT)" to executor "default"
Traceback (most recent call last):
  File "/Users/ahmed/Downloads/evotrade_final/venv/lib/python3.11/site-packages/apscheduler/schedulers/base.py", line 1195, in _process_jobs
    executor.submit_job(job, run_times)
  File "/Users/ahmed/Downloads/evotrade_final/venv/lib/python3.11/site-packages/apscheduler/executors/base.py", line 74, in submit_job
    self._do_submit_job(job, run_times)
  File "/Users/ahmed/Downloads/evotrade_final/venv/lib/python3.11/site-packages/apscheduler/executors/pool.py", line 27, in _do_submit_job
    f = self._pool.submit(
        ^^^^^^^^^^^^^^^^^^
  File "/opt/homebrew/Cellar/python@3.11/3.11.13/Frameworks/Python.framework/Versions/3.11/lib/python3.11/concurrent/futures/thread.py", line 167, in submit
    raise RuntimeError('cannot schedule new futures after shutdown')
RuntimeError: cannot schedule new futures after shutdown
2026-04-10 21:11:35,334 [apscheduler.scheduler] ERROR: Error submitting job "TradingEngine._trading_cycle (trigger: interval[0:00:30], next run at: 2026-04-10 21:09:27 PKT)" to executor "default"
Traceback (most recent call last):
  File "/Users/ahmed/Downloads/evotrade_final/venv/lib/python3.11/site-packages/apscheduler/schedulers/base.py", line 1195, in _process_jobs
    executor.submit_job(job, run_times)
  File "/Users/ahmed/Downloads/evotrade_final/venv/lib/python3.11/site-packages/apscheduler/executors/base.py", line 74, in submit_job
    self._do_submit_job(job, run_times)
  File "/Users/ahmed/Downloads/evotrade_final/venv/lib/python3.11/site-packages/apscheduler/executors/pool.py", line 27, in _do_submit_job
    f = self._pool.submit(
        ^^^^^^^^^^^^^^^^^^
  File "/opt/homebrew/Cellar/python@3.11/3.11.13/Frameworks/Python.framework/Versions/3.11/lib/python3.11/concurrent/futures/thread.py", line 167, in submit
    raise RuntimeError('cannot schedule new futures after shutdown')
RuntimeError: cannot schedule new futures after shutdown
2026-04-10 21:20:03,914 [apscheduler.scheduler] ERROR: Error submitting job "TradingEngine._trading_cycle (trigger: interval[0:00:30], next run at: 2026-04-10 21:11:57 PKT)" to executor "default"
Traceback (most recent call last):
  File "/Users/ahmed/Downloads/evotrade_final/venv/lib/python3.11/site-packages/apscheduler/schedulers/base.py", line 1195, in _process_jobs
    executor.submit_job(job, run_times)
  File "/Users/ahmed/Downloads/evotrade_final/venv/lib/python3.11/site-packages/apscheduler/executors/base.py", line 74, in submit_job
    self._do_submit_job(job, run_times)
  File "/Users/ahmed/Downloads/evotrade_final/venv/lib/python3.11/site-packages/apscheduler/executors/pool.py", line 27, in _do_submit_job
    f = self._pool.submit(
        ^^^^^^^^^^^^^^^^^^
  File "/opt/homebrew/Cellar/python@3.11/3.11.13/Frameworks/Python.framework/Versions/3.11/lib/python3.11/concurrent/futures/thread.py", line 167, in submit
    raise RuntimeError('cannot schedule new futures after shutdown')
RuntimeError: cannot schedule new futures after shutdown
2026-04-10 21:29:09,915 [apscheduler.scheduler] ERROR: Error submitting job "TradingEngine._trading_cycle (trigger: interval[0:00:30], next run at: 2026-04-10 21:20:27 PKT)" to executor "default"
Traceback (most recent call last):
  File "/Users/ahmed/Downloads/evotrade_final/venv/lib/python3.11/site-packages/apscheduler/schedulers/base.py", line 1195, in _process_jobs
    executor.submit_job(job, run_times)
  File "/Users/ahmed/Downloads/evotrade_final/venv/lib/python3.11/site-packages/apscheduler/executors/base.py", line 74, in submit_job
    self._do_submit_job(job, run_times)
  File "/Users/ahmed/Downloads/evotrade_final/venv/lib/python3.11/site-packages/apscheduler/executors/pool.py", line 27, in _do_submit_job
    f = self._pool.submit(
        ^^^^^^^^^^^^^^^^^^
  File "/opt/homebrew/Cellar/python@3.11/3.11.13/Frameworks/Python.framework/Versions/3.11/lib/python3.11/concurrent/futures/thread.py", line 167, in submit
    raise RuntimeError('cannot schedule new futures after shutdown')
RuntimeError: cannot schedule new futures after shutdown
2026-04-10 21:34:29,369 [apscheduler.scheduler] ERROR: Error submitting job "TradingEngine._trading_cycle (trigger: interval[0:00:30], next run at: 2026-04-10 21:29:27 PKT)" to executor "default"
Traceback (most recent call last):
  File "/Users/ahmed/Downloads/evotrade_final/venv/lib/python3.11/site-packages/apscheduler/schedulers/base.py", line 1195, in _process_jobs
    executor.submit_job(job, run_times)
  File "/Users/ahmed/Downloads/evotrade_final/venv/lib/python3.11/site-packages/apscheduler/executors/base.py", line 74, in submit_job
    self._do_submit_job(job, run_times)
  File "/Users/ahmed/Downloads/evotrade_final/venv/lib/python3.11/site-packages/apscheduler/executors/pool.py", line 27, in _do_submit_job
    f = self._pool.submit(
        ^^^^^^^^^^^^^^^^^^
  File "/opt/homebrew/Cellar/python@3.11/3.11.13/Frameworks/Python.framework/Versions/3.11/lib/python3.11/concurrent/futures/thread.py", line 167, in submit
    raise RuntimeError('cannot schedule new futures after shutdown')
RuntimeError: cannot schedule new futures after shutdown
2026-04-10 21:40:06,916 [apscheduler.scheduler] ERROR: Error submitting job "TradingEngine._trading_cycle (trigger: interval[0:00:30], next run at: 2026-04-10 21:34:57 PKT)" to executor "default"
Traceback (most recent call last):
  File "/Users/ahmed/Downloads/evotrade_final/venv/lib/python3.11/site-packages/apscheduler/schedulers/base.py", line 1195, in _process_jobs
    executor.submit_job(job, run_times)
  File "/Users/ahmed/Downloads/evotrade_final/venv/lib/python3.11/site-packages/apscheduler/executors/base.py", line 74, in submit_job
    self._do_submit_job(job, run_times)
  File "/Users/ahmed/Downloads/evotrade_final/venv/lib/python3.11/site-packages/apscheduler/executors/pool.py", line 27, in _do_submit_job
    f = self._pool.submit(
        ^^^^^^^^^^^^^^^^^^
  File "/opt/homebrew/Cellar/python@3.11/3.11.13/Frameworks/Python.framework/Versions/3.11/lib/python3.11/concurrent/futures/thread.py", line 167, in submit
    raise RuntimeError('cannot schedule new futures after shutdown')
RuntimeError: cannot schedule new futures after shutdown
2026-04-10 21:47:53,236 [apscheduler.scheduler] ERROR: Error submitting job "TradingEngine._trading_cycle (trigger: interval[0:00:30], next run at: 2026-04-10 21:40:27 PKT)" to executor "default"
Traceback (most recent call last):
  File "/Users/ahmed/Downloads/evotrade_final/venv/lib/python3.11/site-packages/apscheduler/schedulers/base.py", line 1195, in _process_jobs
    executor.submit_job(job, run_times)
  File "/Users/ahmed/Downloads/evotrade_final/venv/lib/python3.11/site-packages/apscheduler/executors/base.py", line 74, in submit_job
    self._do_submit_job(job, run_times)
  File "/Users/ahmed/Downloads/evotrade_final/venv/lib/python3.11/site-packages/apscheduler/executors/pool.py", line 27, in _do_submit_job
    f = self._pool.submit(
        ^^^^^^^^^^^^^^^^^^
  File "/opt/homebrew/Cellar/python@3.11/3.11.13/Frameworks/Python.framework/Versions/3.11/lib/python3.11/concurrent/futures/thread.py", line 167, in submit
    raise RuntimeError('cannot schedule new futures after shutdown')
RuntimeError: cannot schedule new futures after shutdown
2026-04-10 21:47:57,891 [apscheduler.scheduler] ERROR: Error submitting job "TradingEngine._trading_cycle (trigger: interval[0:00:30], next run at: 2026-04-10 21:47:57 PKT)" to executor "default"
Traceback (most recent call last):
  File "/Users/ahmed/Downloads/evotrade_final/venv/lib/python3.11/site-packages/apscheduler/schedulers/base.py", line 1195, in _process_jobs
    executor.submit_job(job, run_times)
  File "/Users/ahmed/Downloads/evotrade_final/venv/lib/python3.11/site-packages/apscheduler/executors/base.py", line 74, in submit_job
    self._do_submit_job(job, run_times)
  File "/Users/ahmed/Downloads/evotrade_final/venv/lib/python3.11/site-packages/apscheduler/executors/pool.py", line 27, in _do_submit_job
    f = self._pool.submit(
        ^^^^^^^^^^^^^^^^^^
  File "/opt/homebrew/Cellar/python@3.11/3.11.13/Frameworks/Python.framework/Versions/3.11/lib/python3.11/concurrent/futures/thread.py", line 167, in submit
    raise RuntimeError('cannot schedule new futures after shutdown')
RuntimeError: cannot schedule new futures after shutdown
2026-04-10 22:02:12,004 [apscheduler.scheduler] ERROR: Error submitting job "TradingEngine._trading_cycle (trigger: interval[0:00:30], next run at: 2026-04-10 21:48:27 PKT)" to executor "default"
Traceback (most recent call last):
  File "/Users/ahmed/Downloads/evotrade_final/venv/lib/python3.11/site-packages/apscheduler/schedulers/base.py", line 1195, in _process_jobs
    executor.submit_job(job, run_times)
  File "/Users/ahmed/Downloads/evotrade_final/venv/lib/python3.11/site-packages/apscheduler/executors/base.py", line 74, in submit_job
    self._do_submit_job(job, run_times)
  File "/Users/ahmed/Downloads/evotrade_final/venv/lib/python3.11/site-packages/apscheduler/executors/pool.py", line 27, in _do_submit_job
    f = self._pool.submit(
        ^^^^^^^^^^^^^^^^^^
  File "/opt/homebrew/Cellar/python@3.11/3.11.13/Frameworks/Python.framework/Versions/3.11/lib/python3.11/concurrent/futures/thread.py", line 167, in submit
    raise RuntimeError('cannot schedule new futures after shutdown')
RuntimeError: cannot schedule new futures after shutdown
2026-04-10 22:02:28,415 [apscheduler.scheduler] ERROR: Error submitting job "TradingEngine._trading_cycle (trigger: interval[0:00:30], next run at: 2026-04-10 22:02:27 PKT)" to executor "default"
Traceback (most recent call last):
  File "/Users/ahmed/Downloads/evotrade_final/venv/lib/python3.11/site-packages/apscheduler/schedulers/base.py", line 1195, in _process_jobs
    executor.submit_job(job, run_times)
  File "/Users/ahmed/Downloads/evotrade_final/venv/lib/python3.11/site-packages/apscheduler/executors/base.py", line 74, in submit_job
    self._do_submit_job(job, run_times)
  File "/Users/ahmed/Downloads/evotrade_final/venv/lib/python3.11/site-packages/apscheduler/executors/pool.py", line 27, in _do_submit_job
    f = self._pool.submit(
        ^^^^^^^^^^^^^^^^^^
  File "/opt/homebrew/Cellar/python@3.11/3.11.13/Frameworks/Python.framework/Versions/3.11/lib/python3.11/concurrent/futures/thread.py", line 167, in submit
    raise RuntimeError('cannot schedule new futures after shutdown')
RuntimeError: cannot schedule new futures after shutdown
2026-04-10 22:48:47,687 [apscheduler.scheduler] ERROR: Error submitting job "TradingEngine._trading_cycle (trigger: interval[0:00:30], next run at: 2026-04-10 22:02:57 PKT)" to executor "default"
Traceback (most recent call last):
  File "/Users/ahmed/Downloads/evotrade_final/venv/lib/python3.11/site-packages/apscheduler/schedulers/base.py", line 1195, in _process_jobs
    executor.submit_job(job, run_times)
  File "/Users/ahmed/Downloads/evotrade_final/venv/lib/python3.11/site-packages/apscheduler/executors/base.py", line 74, in submit_job
    self._do_submit_job(job, run_times)
  File "/Users/ahmed/Downloads/evotrade_final/venv/lib/python3.11/site-packages/apscheduler/executors/pool.py", line 27, in _do_submit_job
    f = self._pool.submit(
        ^^^^^^^^^^^^^^^^^^
  File "/opt/homebrew/Cellar/python@3.11/3.11.13/Frameworks/Python.framework/Versions/3.11/lib/python3.11/concurrent/futures/thread.py", line 167, in submit
    raise RuntimeError('cannot schedule new futures after shutdown')
RuntimeError: cannot schedule new futures after shutdown
2026-04-10 22:48:57,883 [apscheduler.scheduler] ERROR: Error submitting job "TradingEngine._trading_cycle (trigger: interval[0:00:30], next run at: 2026-04-10 22:48:57 PKT)" to executor "default"
Traceback (most recent call last):
  File "/Users/ahmed/Downloads/evotrade_final/venv/lib/python3.11/site-packages/apscheduler/schedulers/base.py", line 1195, in _process_jobs
    executor.submit_job(job, run_times)
  File "/Users/ahmed/Downloads/evotrade_final/venv/lib/python3.11/site-packages/apscheduler/executors/base.py", line 74, in submit_job
    self._do_submit_job(job, run_times)
  File "/Users/ahmed/Downloads/evotrade_final/venv/lib/python3.11/site-packages/apscheduler/executors/pool.py", line 27, in _do_submit_job
    f = self._pool.submit(
        ^^^^^^^^^^^^^^^^^^
  File "/opt/homebrew/Cellar/python@3.11/3.11.13/Frameworks/Python.framework/Versions/3.11/lib/python3.11/concurrent/futures/thread.py", line 167, in submit
    raise RuntimeError('cannot schedule new futures after shutdown')
RuntimeError: cannot schedule new futures after shutdown
2026-04-10 22:49:29,832 [apscheduler.scheduler] ERROR: Error submitting job "TradingEngine._trading_cycle (trigger: interval[0:00:30], next run at: 2026-04-10 22:49:27 PKT)" to executor "default"
Traceback (most recent call last):
  File "/Users/ahmed/Downloads/evotrade_final/venv/lib/python3.11/site-packages/apscheduler/schedulers/base.py", line 1195, in _process_jobs
    executor.submit_job(job, run_times)
  File "/Users/ahmed/Downloads/evotrade_final/venv/lib/python3.11/site-packages/apscheduler/executors/base.py", line 74, in submit_job
    self._do_submit_job(job, run_times)
  File "/Users/ahmed/Downloads/evotrade_final/venv/lib/python3.11/site-packages/apscheduler/executors/pool.py", line 27, in _do_submit_job
    f = self._pool.submit(
        ^^^^^^^^^^^^^^^^^^
  File "/opt/homebrew/Cellar/python@3.11/3.11.13/Frameworks/Python.framework/Versions/3.11/lib/python3.11/concurrent/futures/thread.py", line 167, in submit
    raise RuntimeError('cannot schedule new futures after shutdown')
RuntimeError: cannot schedule new futures after shutdown
2026-04-10 23:11:53,006 [apscheduler.scheduler] ERROR: Error submitting job "TradingEngine._trading_cycle (trigger: interval[0:00:30], next run at: 2026-04-10 22:49:57 PKT)" to executor "default"
Traceback (most recent call last):
  File "/Users/ahmed/Downloads/evotrade_final/venv/lib/python3.11/site-packages/apscheduler/schedulers/base.py", line 1195, in _process_jobs
    executor.submit_job(job, run_times)
  File "/Users/ahmed/Downloads/evotrade_final/venv/lib/python3.11/site-packages/apscheduler/executors/base.py", line 74, in submit_job
    self._do_submit_job(job, run_times)
  File "/Users/ahmed/Downloads/evotrade_final/venv/lib/python3.11/site-packages/apscheduler/executors/pool.py", line 27, in _do_submit_job
    f = self._pool.submit(
        ^^^^^^^^^^^^^^^^^^
  File "/opt/homebrew/Cellar/python@3.11/3.11.13/Frameworks/Python.framework/Versions/3.11/lib/python3.11/concurrent/futures/thread.py", line 167, in submit
    raise RuntimeError('cannot schedule new futures after shutdown')
RuntimeError: cannot schedule new futures after shutdown
2026-04-10 23:40:13,748 [apscheduler.scheduler] ERROR: Error submitting job "TradingEngine._trading_cycle (trigger: interval[0:00:30], next run at: 2026-04-10 23:11:57 PKT)" to executor "default"
Traceback (most recent call last):
  File "/Users/ahmed/Downloads/evotrade_final/venv/lib/python3.11/site-packages/apscheduler/schedulers/base.py", line 1195, in _process_jobs
    executor.submit_job(job, run_times)
  File "/Users/ahmed/Downloads/evotrade_final/venv/lib/python3.11/site-packages/apscheduler/executors/base.py", line 74, in submit_job
    self._do_submit_job(job, run_times)
  File "/Users/ahmed/Downloads/evotrade_final/venv/lib/python3.11/site-packages/apscheduler/executors/pool.py", line 27, in _do_submit_job
    f = self._pool.submit(
        ^^^^^^^^^^^^^^^^^^
  File "/opt/homebrew/Cellar/python@3.11/3.11.13/Frameworks/Python.framework/Versions/3.11/lib/python3.11/concurrent/futures/thread.py", line 167, in submit
    raise RuntimeError('cannot schedule new futures after shutdown')
RuntimeError: cannot schedule new futures after shutdown
2026-04-11 00:08:46,661 [apscheduler.scheduler] ERROR: Error submitting job "TradingEngine._trading_cycle (trigger: interval[0:00:30], next run at: 2026-04-10 23:40:27 PKT)" to executor "default"
Traceback (most recent call last):
  File "/Users/ahmed/Downloads/evotrade_final/venv/lib/python3.11/site-packages/apscheduler/schedulers/base.py", line 1195, in _process_jobs
    executor.submit_job(job, run_times)
  File "/Users/ahmed/Downloads/evotrade_final/venv/lib/python3.11/site-packages/apscheduler/executors/base.py", line 74, in submit_job
    self._do_submit_job(job, run_times)
  File "/Users/ahmed/Downloads/evotrade_final/venv/lib/python3.11/site-packages/apscheduler/executors/pool.py", line 27, in _do_submit_job
    f = self._pool.submit(
        ^^^^^^^^^^^^^^^^^^
  File "/opt/homebrew/Cellar/python@3.11/3.11.13/Frameworks/Python.framework/Versions/3.11/lib/python3.11/concurrent/futures/thread.py", line 167, in submit
    raise RuntimeError('cannot schedule new futures after shutdown')
RuntimeError: cannot schedule new futures after shutdown
2026-04-11 00:15:41,868 [apscheduler.scheduler] ERROR: Error submitting job "TradingEngine._trading_cycle (trigger: interval[0:00:30], next run at: 2026-04-11 00:08:57 PKT)" to executor "default"
Traceback (most recent call last):
  File "/Users/ahmed/Downloads/evotrade_final/venv/lib/python3.11/site-packages/apscheduler/schedulers/base.py", line 1195, in _process_jobs
    executor.submit_job(job, run_times)
  File "/Users/ahmed/Downloads/evotrade_final/venv/lib/python3.11/site-packages/apscheduler/executors/base.py", line 74, in submit_job
    self._do_submit_job(job, run_times)
  File "/Users/ahmed/Downloads/evotrade_final/venv/lib/python3.11/site-packages/apscheduler/executors/pool.py", line 27, in _do_submit_job
    f = self._pool.submit(
        ^^^^^^^^^^^^^^^^^^
  File "/opt/homebrew/Cellar/python@3.11/3.11.13/Frameworks/Python.framework/Versions/3.11/lib/python3.11/concurrent/futures/thread.py", line 167, in submit
    raise RuntimeError('cannot schedule new futures after shutdown')
RuntimeError: cannot schedule new futures after shutdown
2026-04-11 00:41:21,241 [apscheduler.scheduler] ERROR: Error submitting job "TradingEngine._trading_cycle (trigger: interval[0:00:30], next run at: 2026-04-11 00:15:57 PKT)" to executor "default"
Traceback (most recent call last):
  File "/Users/ahmed/Downloads/evotrade_final/venv/lib/python3.11/site-packages/apscheduler/schedulers/base.py", line 1195, in _process_jobs
    executor.submit_job(job, run_times)
  File "/Users/ahmed/Downloads/evotrade_final/venv/lib/python3.11/site-packages/apscheduler/executors/base.py", line 74, in submit_job
    self._do_submit_job(job, run_times)
  File "/Users/ahmed/Downloads/evotrade_final/venv/lib/python3.11/site-packages/apscheduler/executors/pool.py", line 27, in _do_submit_job
    f = self._pool.submit(
        ^^^^^^^^^^^^^^^^^^
  File "/opt/homebrew/Cellar/python@3.11/3.11.13/Frameworks/Python.framework/Versions/3.11/lib/python3.11/concurrent/futures/thread.py", line 167, in submit
    raise RuntimeError('cannot schedule new futures after shutdown')
RuntimeError: cannot schedule new futures after shutdown
2026-04-11 00:41:21,247 [apscheduler.scheduler] ERROR: Error submitting job "TradingEngine._evolution_cycle (trigger: interval[6:00:00], next run at: 2026-04-11 00:36:27 PKT)" to executor "default"
Traceback (most recent call last):
  File "/Users/ahmed/Downloads/evotrade_final/venv/lib/python3.11/site-packages/apscheduler/schedulers/base.py", line 1195, in _process_jobs
    executor.submit_job(job, run_times)
  File "/Users/ahmed/Downloads/evotrade_final/venv/lib/python3.11/site-packages/apscheduler/executors/base.py", line 74, in submit_job
    self._do_submit_job(job, run_times)
  File "/Users/ahmed/Downloads/evotrade_final/venv/lib/python3.11/site-packages/apscheduler/executors/pool.py", line 27, in _do_submit_job
    f = self._pool.submit(
        ^^^^^^^^^^^^^^^^^^
  File "/opt/homebrew/Cellar/python@3.11/3.11.13/Frameworks/Python.framework/Versions/3.11/lib/python3.11/concurrent/futures/thread.py", line 167, in submit
    raise RuntimeError('cannot schedule new futures after shutdown')
RuntimeError: cannot schedule new futures after shutdown
2026-04-11 01:11:54,791 [apscheduler.scheduler] ERROR: Error submitting job "TradingEngine._trading_cycle (trigger: interval[0:00:30], next run at: 2026-04-11 00:41:27 PKT)" to executor "default"
Traceback (most recent call last):
  File "/Users/ahmed/Downloads/evotrade_final/venv/lib/python3.11/site-packages/apscheduler/schedulers/base.py", line 1195, in _process_jobs
    executor.submit_job(job, run_times)
  File "/Users/ahmed/Downloads/evotrade_final/venv/lib/python3.11/site-packages/apscheduler/executors/base.py", line 74, in submit_job
    self._do_submit_job(job, run_times)
  File "/Users/ahmed/Downloads/evotrade_final/venv/lib/python3.11/site-packages/apscheduler/executors/pool.py", line 27, in _do_submit_job
    f = self._pool.submit(
        ^^^^^^^^^^^^^^^^^^
  File "/opt/homebrew/Cellar/python@3.11/3.11.13/Frameworks/Python.framework/Versions/3.11/lib/python3.11/concurrent/futures/thread.py", line 167, in submit
    raise RuntimeError('cannot schedule new futures after shutdown')
RuntimeError: cannot schedule new futures after shutdown
2026-04-11 01:11:57,891 [apscheduler.scheduler] ERROR: Error submitting job "TradingEngine._trading_cycle (trigger: interval[0:00:30], next run at: 2026-04-11 01:11:57 PKT)" to executor "default"
Traceback (most recent call last):
  File "/Users/ahmed/Downloads/evotrade_final/venv/lib/python3.11/site-packages/apscheduler/schedulers/base.py", line 1195, in _process_jobs
    executor.submit_job(job, run_times)
  File "/Users/ahmed/Downloads/evotrade_final/venv/lib/python3.11/site-packages/apscheduler/executors/base.py", line 74, in submit_job
    self._do_submit_job(job, run_times)
  File "/Users/ahmed/Downloads/evotrade_final/venv/lib/python3.11/site-packages/apscheduler/executors/pool.py", line 27, in _do_submit_job
    f = self._pool.submit(
        ^^^^^^^^^^^^^^^^^^
  File "/opt/homebrew/Cellar/python@3.11/3.11.13/Frameworks/Python.framework/Versions/3.11/lib/python3.11/concurrent/futures/thread.py", line 167, in submit
    raise RuntimeError('cannot schedule new futures after shutdown')
RuntimeError: cannot schedule new futures after shutdown
2026-04-11 01:12:27,887 [apscheduler.scheduler] ERROR: Error submitting job "TradingEngine._trading_cycle (trigger: interval[0:00:30], next run at: 2026-04-11 01:12:27 PKT)" to executor "default"
Traceback (most recent call last):
  File "/Users/ahmed/Downloads/evotrade_final/venv/lib/python3.11/site-packages/apscheduler/schedulers/base.py", line 1195, in _process_jobs
    executor.submit_job(job, run_times)
  File "/Users/ahmed/Downloads/evotrade_final/venv/lib/python3.11/site-packages/apscheduler/executors/base.py", line 74, in submit_job
    self._do_submit_job(job, run_times)
  File "/Users/ahmed/Downloads/evotrade_final/venv/lib/python3.11/site-packages/apscheduler/executors/pool.py", line 27, in _do_submit_job
    f = self._pool.submit(
        ^^^^^^^^^^^^^^^^^^
  File "/opt/homebrew/Cellar/python@3.11/3.11.13/Frameworks/Python.framework/Versions/3.11/lib/python3.11/concurrent/futures/thread.py", line 167, in submit
    raise RuntimeError('cannot schedule new futures after shutdown')
RuntimeError: cannot schedule new futures after shutdown
2026-04-11 01:12:57,892 [apscheduler.scheduler] ERROR: Error submitting job "TradingEngine._trading_cycle (trigger: interval[0:00:30], next run at: 2026-04-11 01:12:57 PKT)" to executor "default"
Traceback (most recent call last):
  File "/Users/ahmed/Downloads/evotrade_final/venv/lib/python3.11/site-packages/apscheduler/schedulers/base.py", line 1195, in _process_jobs
    executor.submit_job(job, run_times)
  File "/Users/ahmed/Downloads/evotrade_final/venv/lib/python3.11/site-packages/apscheduler/executors/base.py", line 74, in submit_job
    self._do_submit_job(job, run_times)
  File "/Users/ahmed/Downloads/evotrade_final/venv/lib/python3.11/site-packages/apscheduler/executors/pool.py", line 27, in _do_submit_job
    f = self._pool.submit(
        ^^^^^^^^^^^^^^^^^^
  File "/opt/homebrew/Cellar/python@3.11/3.11.13/Frameworks/Python.framework/Versions/3.11/lib/python3.11/concurrent/futures/thread.py", line 167, in submit
    raise RuntimeError('cannot schedule new futures after shutdown')
RuntimeError: cannot schedule new futures after shutdown
2026-04-11 01:13:27,897 [apscheduler.scheduler] ERROR: Error submitting job "TradingEngine._trading_cycle (trigger: interval[0:00:30], next run at: 2026-04-11 01:13:27 PKT)" to executor "default"
Traceback (most recent call last):
  File "/Users/ahmed/Downloads/evotrade_final/venv/lib/python3.11/site-packages/apscheduler/schedulers/base.py", line 1195, in _process_jobs
    executor.submit_job(job, run_times)
  File "/Users/ahmed/Downloads/evotrade_final/venv/lib/python3.11/site-packages/apscheduler/executors/base.py", line 74, in submit_job
    self._do_submit_job(job, run_times)
  File "/Users/ahmed/Downloads/evotrade_final/venv/lib/python3.11/site-packages/apscheduler/executors/pool.py", line 27, in _do_submit_job
    f = self._pool.submit(
        ^^^^^^^^^^^^^^^^^^
  File "/opt/homebrew/Cellar/python@3.11/3.11.13/Frameworks/Python.framework/Versions/3.11/lib/python3.11/concurrent/futures/thread.py", line 167, in submit
    raise RuntimeError('cannot schedule new futures after shutdown')
RuntimeError: cannot schedule new futures after shutdown
2026-04-11 01:29:23,401 [apscheduler.scheduler] ERROR: Error submitting job "TradingEngine._trading_cycle (trigger: interval[0:00:30], next run at: 2026-04-11 01:13:57 PKT)" to executor "default"
Traceback (most recent call last):
  File "/Users/ahmed/Downloads/evotrade_final/venv/lib/python3.11/site-packages/apscheduler/schedulers/base.py", line 1195, in _process_jobs
    executor.submit_job(job, run_times)
  File "/Users/ahmed/Downloads/evotrade_final/venv/lib/python3.11/site-packages/apscheduler/executors/base.py", line 74, in submit_job
    self._do_submit_job(job, run_times)
  File "/Users/ahmed/Downloads/evotrade_final/venv/lib/python3.11/site-packages/apscheduler/executors/pool.py", line 27, in _do_submit_job
    f = self._pool.submit(
        ^^^^^^^^^^^^^^^^^^
  File "/opt/homebrew/Cellar/python@3.11/3.11.13/Frameworks/Python.framework/Versions/3.11/lib/python3.11/concurrent/futures/thread.py", line 167, in submit
    raise RuntimeError('cannot schedule new futures after shutdown')
RuntimeError: cannot schedule new futures after shutdown
2026-04-11 01:29:27,892 [apscheduler.scheduler] ERROR: Error submitting job "TradingEngine._trading_cycle (trigger: interval[0:00:30], next run at: 2026-04-11 01:29:27 PKT)" to executor "default"
Traceback (most recent call last):
  File "/Users/ahmed/Downloads/evotrade_final/venv/lib/python3.11/site-packages/apscheduler/schedulers/base.py", line 1195, in _process_jobs
    executor.submit_job(job, run_times)
  File "/Users/ahmed/Downloads/evotrade_final/venv/lib/python3.11/site-packages/apscheduler/executors/base.py", line 74, in submit_job
    self._do_submit_job(job, run_times)
  File "/Users/ahmed/Downloads/evotrade_final/venv/lib/python3.11/site-packages/apscheduler/executors/pool.py", line 27, in _do_submit_job
    f = self._pool.submit(
        ^^^^^^^^^^^^^^^^^^
  File "/opt/homebrew/Cellar/python@3.11/3.11.13/Frameworks/Python.framework/Versions/3.11/lib/python3.11/concurrent/futures/thread.py", line 167, in submit
    raise RuntimeError('cannot schedule new futures after shutdown')
RuntimeError: cannot schedule new futures after shutdown
2026-04-11 01:29:57,891 [apscheduler.scheduler] ERROR: Error submitting job "TradingEngine._trading_cycle (trigger: interval[0:00:30], next run at: 2026-04-11 01:29:57 PKT)" to executor "default"
Traceback (most recent call last):
  File "/Users/ahmed/Downloads/evotrade_final/venv/lib/python3.11/site-packages/apscheduler/schedulers/base.py", line 1195, in _process_jobs
    executor.submit_job(job, run_times)
  File "/Users/ahmed/Downloads/evotrade_final/venv/lib/python3.11/site-packages/apscheduler/executors/base.py", line 74, in submit_job
    self._do_submit_job(job, run_times)
  File "/Users/ahmed/Downloads/evotrade_final/venv/lib/python3.11/site-packages/apscheduler/executors/pool.py", line 27, in _do_submit_job
    f = self._pool.submit(
        ^^^^^^^^^^^^^^^^^^
  File "/opt/homebrew/Cellar/python@3.11/3.11.13/Frameworks/Python.framework/Versions/3.11/lib/python3.11/concurrent/futures/thread.py", line 167, in submit
    raise RuntimeError('cannot schedule new futures after shutdown')
RuntimeError: cannot schedule new futures after shutdown
2026-04-11 01:32:24,723 [apscheduler.scheduler] ERROR: Error submitting job "TradingEngine._trading_cycle (trigger: interval[0:00:30], next run at: 2026-04-11 01:30:27 PKT)" to executor "default"
Traceback (most recent call last):
  File "/Users/ahmed/Downloads/evotrade_final/venv/lib/python3.11/site-packages/apscheduler/schedulers/base.py", line 1195, in _process_jobs
    executor.submit_job(job, run_times)
  File "/Users/ahmed/Downloads/evotrade_final/venv/lib/python3.11/site-packages/apscheduler/executors/base.py", line 74, in submit_job
    self._do_submit_job(job, run_times)
  File "/Users/ahmed/Downloads/evotrade_final/venv/lib/python3.11/site-packages/apscheduler/executors/pool.py", line 27, in _do_submit_job
    f = self._pool.submit(
        ^^^^^^^^^^^^^^^^^^
  File "/opt/homebrew/Cellar/python@3.11/3.11.13/Frameworks/Python.framework/Versions/3.11/lib/python3.11/concurrent/futures/thread.py", line 167, in submit
    raise RuntimeError('cannot schedule new futures after shutdown')
RuntimeError: cannot schedule new futures after shutdown
2026-04-11 01:32:27,887 [apscheduler.scheduler] ERROR: Error submitting job "TradingEngine._trading_cycle (trigger: interval[0:00:30], next run at: 2026-04-11 01:32:27 PKT)" to executor "default"
Traceback (most recent call last):
  File "/Users/ahmed/Downloads/evotrade_final/venv/lib/python3.11/site-packages/apscheduler/schedulers/base.py", line 1195, in _process_jobs
    executor.submit_job(job, run_times)
  File "/Users/ahmed/Downloads/evotrade_final/venv/lib/python3.11/site-packages/apscheduler/executors/base.py", line 74, in submit_job
    self._do_submit_job(job, run_times)
  File "/Users/ahmed/Downloads/evotrade_final/venv/lib/python3.11/site-packages/apscheduler/executors/pool.py", line 27, in _do_submit_job
    f = self._pool.submit(
        ^^^^^^^^^^^^^^^^^^
  File "/opt/homebrew/Cellar/python@3.11/3.11.13/Frameworks/Python.framework/Versions/3.11/lib/python3.11/concurrent/futures/thread.py", line 167, in submit
    raise RuntimeError('cannot schedule new futures after shutdown')
RuntimeError: cannot schedule new futures after shutdown
2026-04-11 01:42:16,639 [apscheduler.scheduler] ERROR: Error submitting job "TradingEngine._trading_cycle (trigger: interval[0:00:30], next run at: 2026-04-11 01:32:57 PKT)" to executor "default"
Traceback (most recent call last):
  File "/Users/ahmed/Downloads/evotrade_final/venv/lib/python3.11/site-packages/apscheduler/schedulers/base.py", line 1195, in _process_jobs
    executor.submit_job(job, run_times)
  File "/Users/ahmed/Downloads/evotrade_final/venv/lib/python3.11/site-packages/apscheduler/executors/base.py", line 74, in submit_job
    self._do_submit_job(job, run_times)
  File "/Users/ahmed/Downloads/evotrade_final/venv/lib/python3.11/site-packages/apscheduler/executors/pool.py", line 27, in _do_submit_job
    f = self._pool.submit(
        ^^^^^^^^^^^^^^^^^^
  File "/opt/homebrew/Cellar/python@3.11/3.11.13/Frameworks/Python.framework/Versions/3.11/lib/python3.11/concurrent/futures/thread.py", line 167, in submit
    raise RuntimeError('cannot schedule new futures after shutdown')
RuntimeError: cannot schedule new futures after shutdown
2026-04-11 01:42:52,673 [apscheduler.scheduler] ERROR: Error submitting job "TradingEngine._trading_cycle (trigger: interval[0:00:30], next run at: 2026-04-11 01:42:27 PKT)" to executor "default"
Traceback (most recent call last):
  File "/Users/ahmed/Downloads/evotrade_final/venv/lib/python3.11/site-packages/apscheduler/schedulers/base.py", line 1195, in _process_jobs
    executor.submit_job(job, run_times)
  File "/Users/ahmed/Downloads/evotrade_final/venv/lib/python3.11/site-packages/apscheduler/executors/base.py", line 74, in submit_job
    self._do_submit_job(job, run_times)
  File "/Users/ahmed/Downloads/evotrade_final/venv/lib/python3.11/site-packages/apscheduler/executors/pool.py", line 27, in _do_submit_job
    f = self._pool.submit(
        ^^^^^^^^^^^^^^^^^^
  File "/opt/homebrew/Cellar/python@3.11/3.11.13/Frameworks/Python.framework/Versions/3.11/lib/python3.11/concurrent/futures/thread.py", line 167, in submit
    raise RuntimeError('cannot schedule new futures after shutdown')
RuntimeError: cannot schedule new futures after shutdown
2026-04-11 01:43:00,101 [apscheduler.scheduler] ERROR: Error submitting job "TradingEngine._trading_cycle (trigger: interval[0:00:30], next run at: 2026-04-11 01:42:57 PKT)" to executor "default"
Traceback (most recent call last):
  File "/Users/ahmed/Downloads/evotrade_final/venv/lib/python3.11/site-packages/apscheduler/schedulers/base.py", line 1195, in _process_jobs
    executor.submit_job(job, run_times)
  File "/Users/ahmed/Downloads/evotrade_final/venv/lib/python3.11/site-packages/apscheduler/executors/base.py", line 74, in submit_job
    self._do_submit_job(job, run_times)
  File "/Users/ahmed/Downloads/evotrade_final/venv/lib/python3.11/site-packages/apscheduler/executors/pool.py", line 27, in _do_submit_job
    f = self._pool.submit(
        ^^^^^^^^^^^^^^^^^^
  File "/opt/homebrew/Cellar/python@3.11/3.11.13/Frameworks/Python.framework/Versions/3.11/lib/python3.11/concurrent/futures/thread.py", line 167, in submit
    raise RuntimeError('cannot schedule new futures after shutdown')
RuntimeError: cannot schedule new futures after shutdown
2026-04-11 03:37:18,501 [apscheduler.scheduler] ERROR: Error submitting job "TradingEngine._trading_cycle (trigger: interval[0:00:30], next run at: 2026-04-11 01:43:27 PKT)" to executor "default"
Traceback (most recent call last):
  File "/Users/ahmed/Downloads/evotrade_final/venv/lib/python3.11/site-packages/apscheduler/schedulers/base.py", line 1195, in _process_jobs
    executor.submit_job(job, run_times)
  File "/Users/ahmed/Downloads/evotrade_final/venv/lib/python3.11/site-packages/apscheduler/executors/base.py", line 74, in submit_job
    self._do_submit_job(job, run_times)
  File "/Users/ahmed/Downloads/evotrade_final/venv/lib/python3.11/site-packages/apscheduler/executors/pool.py", line 27, in _do_submit_job
    f = self._pool.submit(
        ^^^^^^^^^^^^^^^^^^
  File "/opt/homebrew/Cellar/python@3.11/3.11.13/Frameworks/Python.framework/Versions/3.11/lib/python3.11/concurrent/futures/thread.py", line 167, in submit
    raise RuntimeError('cannot schedule new futures after shutdown')
RuntimeError: cannot schedule new futures after shutdown
2026-04-11 03:44:19,417 [apscheduler.scheduler] ERROR: Error submitting job "TradingEngine._trading_cycle (trigger: interval[0:00:30], next run at: 2026-04-11 03:37:27 PKT)" to executor "default"
Traceback (most recent call last):
  File "/Users/ahmed/Downloads/evotrade_final/venv/lib/python3.11/site-packages/apscheduler/schedulers/base.py", line 1195, in _process_jobs
    executor.submit_job(job, run_times)
  File "/Users/ahmed/Downloads/evotrade_final/venv/lib/python3.11/site-packages/apscheduler/executors/base.py", line 74, in submit_job
    self._do_submit_job(job, run_times)
  File "/Users/ahmed/Downloads/evotrade_final/venv/lib/python3.11/site-packages/apscheduler/executors/pool.py", line 27, in _do_submit_job
    f = self._pool.submit(
        ^^^^^^^^^^^^^^^^^^
  File "/opt/homebrew/Cellar/python@3.11/3.11.13/Frameworks/Python.framework/Versions/3.11/lib/python3.11/concurrent/futures/thread.py", line 167, in submit
    raise RuntimeError('cannot schedule new futures after shutdown')
RuntimeError: cannot schedule new futures after shutdown
2026-04-11 04:38:21,136 [apscheduler.scheduler] ERROR: Error submitting job "TradingEngine._trading_cycle (trigger: interval[0:00:30], next run at: 2026-04-11 03:44:27 PKT)" to executor "default"
Traceback (most recent call last):
  File "/Users/ahmed/Downloads/evotrade_final/venv/lib/python3.11/site-packages/apscheduler/schedulers/base.py", line 1195, in _process_jobs
    executor.submit_job(job, run_times)
  File "/Users/ahmed/Downloads/evotrade_final/venv/lib/python3.11/site-packages/apscheduler/executors/base.py", line 74, in submit_job
    self._do_submit_job(job, run_times)
  File "/Users/ahmed/Downloads/evotrade_final/venv/lib/python3.11/site-packages/apscheduler/executors/pool.py", line 27, in _do_submit_job
    f = self._pool.submit(
        ^^^^^^^^^^^^^^^^^^
  File "/opt/homebrew/Cellar/python@3.11/3.11.13/Frameworks/Python.framework/Versions/3.11/lib/python3.11/concurrent/futures/thread.py", line 167, in submit
    raise RuntimeError('cannot schedule new futures after shutdown')
RuntimeError: cannot schedule new futures after shutdown
2026-04-11 04:53:41,893 [apscheduler.scheduler] ERROR: Error submitting job "TradingEngine._trading_cycle (trigger: interval[0:00:30], next run at: 2026-04-11 04:38:27 PKT)" to executor "default"
Traceback (most recent call last):
  File "/Users/ahmed/Downloads/evotrade_final/venv/lib/python3.11/site-packages/apscheduler/schedulers/base.py", line 1195, in _process_jobs
    executor.submit_job(job, run_times)
  File "/Users/ahmed/Downloads/evotrade_final/venv/lib/python3.11/site-packages/apscheduler/executors/base.py", line 74, in submit_job
    self._do_submit_job(job, run_times)
  File "/Users/ahmed/Downloads/evotrade_final/venv/lib/python3.11/site-packages/apscheduler/executors/pool.py", line 27, in _do_submit_job
    f = self._pool.submit(
        ^^^^^^^^^^^^^^^^^^
  File "/opt/homebrew/Cellar/python@3.11/3.11.13/Frameworks/Python.framework/Versions/3.11/lib/python3.11/concurrent/futures/thread.py", line 167, in submit
    raise RuntimeError('cannot schedule new futures after shutdown')
RuntimeError: cannot schedule new futures after shutdown
2026-04-11 06:39:24,131 [apscheduler.scheduler] ERROR: Error submitting job "TradingEngine._trading_cycle (trigger: interval[0:00:30], next run at: 2026-04-11 04:53:57 PKT)" to executor "default"
Traceback (most recent call last):
  File "/Users/ahmed/Downloads/evotrade_final/venv/lib/python3.11/site-packages/apscheduler/schedulers/base.py", line 1195, in _process_jobs
    executor.submit_job(job, run_times)
  File "/Users/ahmed/Downloads/evotrade_final/venv/lib/python3.11/site-packages/apscheduler/executors/base.py", line 74, in submit_job
    self._do_submit_job(job, run_times)
  File "/Users/ahmed/Downloads/evotrade_final/venv/lib/python3.11/site-packages/apscheduler/executors/pool.py", line 27, in _do_submit_job
    f = self._pool.submit(
        ^^^^^^^^^^^^^^^^^^
  File "/opt/homebrew/Cellar/python@3.11/3.11.13/Frameworks/Python.framework/Versions/3.11/lib/python3.11/concurrent/futures/thread.py", line 167, in submit
    raise RuntimeError('cannot schedule new futures after shutdown')
RuntimeError: cannot schedule new futures after shutdown
2026-04-11 06:39:24,134 [apscheduler.scheduler] ERROR: Error submitting job "TradingEngine._evolution_cycle (trigger: interval[6:00:00], next run at: 2026-04-11 06:36:27 PKT)" to executor "default"
Traceback (most recent call last):
  File "/Users/ahmed/Downloads/evotrade_final/venv/lib/python3.11/site-packages/apscheduler/schedulers/base.py", line 1195, in _process_jobs
    executor.submit_job(job, run_times)
  File "/Users/ahmed/Downloads/evotrade_final/venv/lib/python3.11/site-packages/apscheduler/executors/base.py", line 74, in submit_job
    self._do_submit_job(job, run_times)
  File "/Users/ahmed/Downloads/evotrade_final/venv/lib/python3.11/site-packages/apscheduler/executors/pool.py", line 27, in _do_submit_job
    f = self._pool.submit(
        ^^^^^^^^^^^^^^^^^^
  File "/opt/homebrew/Cellar/python@3.11/3.11.13/Frameworks/Python.framework/Versions/3.11/lib/python3.11/concurrent/futures/thread.py", line 167, in submit
    raise RuntimeError('cannot schedule new futures after shutdown')
RuntimeError: cannot schedule new futures after shutdown
2026-04-11 06:39:27,891 [apscheduler.scheduler] ERROR: Error submitting job "TradingEngine._trading_cycle (trigger: interval[0:00:30], next run at: 2026-04-11 06:39:27 PKT)" to executor "default"
Traceback (most recent call last):
  File "/Users/ahmed/Downloads/evotrade_final/venv/lib/python3.11/site-packages/apscheduler/schedulers/base.py", line 1195, in _process_jobs
    executor.submit_job(job, run_times)
  File "/Users/ahmed/Downloads/evotrade_final/venv/lib/python3.11/site-packages/apscheduler/executors/base.py", line 74, in submit_job
    self._do_submit_job(job, run_times)
  File "/Users/ahmed/Downloads/evotrade_final/venv/lib/python3.11/site-packages/apscheduler/executors/pool.py", line 27, in _do_submit_job
    f = self._pool.submit(
        ^^^^^^^^^^^^^^^^^^
  File "/opt/homebrew/Cellar/python@3.11/3.11.13/Frameworks/Python.framework/Versions/3.11/lib/python3.11/concurrent/futures/thread.py", line 167, in submit
    raise RuntimeError('cannot schedule new futures after shutdown')
RuntimeError: cannot schedule new futures after shutdown
2026-04-11 08:02:29,220 [apscheduler.scheduler] ERROR: Error submitting job "TradingEngine._trading_cycle (trigger: interval[0:00:30], next run at: 2026-04-11 06:39:57 PKT)" to executor "default"
Traceback (most recent call last):
  File "/Users/ahmed/Downloads/evotrade_final/venv/lib/python3.11/site-packages/apscheduler/schedulers/base.py", line 1195, in _process_jobs
    executor.submit_job(job, run_times)
  File "/Users/ahmed/Downloads/evotrade_final/venv/lib/python3.11/site-packages/apscheduler/executors/base.py", line 74, in submit_job
    self._do_submit_job(job, run_times)
  File "/Users/ahmed/Downloads/evotrade_final/venv/lib/python3.11/site-packages/apscheduler/executors/pool.py", line 27, in _do_submit_job
    f = self._pool.submit(
        ^^^^^^^^^^^^^^^^^^
  File "/opt/homebrew/Cellar/python@3.11/3.11.13/Frameworks/Python.framework/Versions/3.11/lib/python3.11/concurrent/futures/thread.py", line 167, in submit
    raise RuntimeError('cannot schedule new futures after shutdown')
RuntimeError: cannot schedule new futures after shutdown
2026-04-11 08:02:57,886 [apscheduler.scheduler] ERROR: Error submitting job "TradingEngine._trading_cycle (trigger: interval[0:00:30], next run at: 2026-04-11 08:02:57 PKT)" to executor "default"
Traceback (most recent call last):
  File "/Users/ahmed/Downloads/evotrade_final/venv/lib/python3.11/site-packages/apscheduler/schedulers/base.py", line 1195, in _process_jobs
    executor.submit_job(job, run_times)
  File "/Users/ahmed/Downloads/evotrade_final/venv/lib/python3.11/site-packages/apscheduler/executors/base.py", line 74, in submit_job
    self._do_submit_job(job, run_times)
  File "/Users/ahmed/Downloads/evotrade_final/venv/lib/python3.11/site-packages/apscheduler/executors/pool.py", line 27, in _do_submit_job
    f = self._pool.submit(
        ^^^^^^^^^^^^^^^^^^
  File "/opt/homebrew/Cellar/python@3.11/3.11.13/Frameworks/Python.framework/Versions/3.11/lib/python3.11/concurrent/futures/thread.py", line 167, in submit
    raise RuntimeError('cannot schedule new futures after shutdown')
RuntimeError: cannot schedule new futures after shutdown
2026-04-11 08:03:27,887 [apscheduler.scheduler] ERROR: Error submitting job "TradingEngine._trading_cycle (trigger: interval[0:00:30], next run at: 2026-04-11 08:03:27 PKT)" to executor "default"
Traceback (most recent call last):
  File "/Users/ahmed/Downloads/evotrade_final/venv/lib/python3.11/site-packages/apscheduler/schedulers/base.py", line 1195, in _process_jobs
    executor.submit_job(job, run_times)
  File "/Users/ahmed/Downloads/evotrade_final/venv/lib/python3.11/site-packages/apscheduler/executors/base.py", line 74, in submit_job
    self._do_submit_job(job, run_times)
  File "/Users/ahmed/Downloads/evotrade_final/venv/lib/python3.11/site-packages/apscheduler/executors/pool.py", line 27, in _do_submit_job
    f = self._pool.submit(
        ^^^^^^^^^^^^^^^^^^
  File "/opt/homebrew/Cellar/python@3.11/3.11.13/Frameworks/Python.framework/Versions/3.11/lib/python3.11/concurrent/futures/thread.py", line 167, in submit
    raise RuntimeError('cannot schedule new futures after shutdown')
RuntimeError: cannot schedule new futures after shutdown
2026-04-11 08:03:57,887 [apscheduler.scheduler] ERROR: Error submitting job "TradingEngine._trading_cycle (trigger: interval[0:00:30], next run at: 2026-04-11 08:03:57 PKT)" to executor "default"
Traceback (most recent call last):
  File "/Users/ahmed/Downloads/evotrade_final/venv/lib/python3.11/site-packages/apscheduler/schedulers/base.py", line 1195, in _process_jobs
    executor.submit_job(job, run_times)
  File "/Users/ahmed/Downloads/evotrade_final/venv/lib/python3.11/site-packages/apscheduler/executors/base.py", line 74, in submit_job
    self._do_submit_job(job, run_times)
  File "/Users/ahmed/Downloads/evotrade_final/venv/lib/python3.11/site-packages/apscheduler/executors/pool.py", line 27, in _do_submit_job
    f = self._pool.submit(
        ^^^^^^^^^^^^^^^^^^
  File "/opt/homebrew/Cellar/python@3.11/3.11.13/Frameworks/Python.framework/Versions/3.11/lib/python3.11/concurrent/futures/thread.py", line 167, in submit
    raise RuntimeError('cannot schedule new futures after shutdown')
RuntimeError: cannot schedule new futures after shutdown
2026-04-11 08:04:27,883 [apscheduler.scheduler] ERROR: Error submitting job "TradingEngine._trading_cycle (trigger: interval[0:00:30], next run at: 2026-04-11 08:04:27 PKT)" to executor "default"
Traceback (most recent call last):
  File "/Users/ahmed/Downloads/evotrade_final/venv/lib/python3.11/site-packages/apscheduler/schedulers/base.py", line 1195, in _process_jobs
    executor.submit_job(job, run_times)
  File "/Users/ahmed/Downloads/evotrade_final/venv/lib/python3.11/site-packages/apscheduler/executors/base.py", line 74, in submit_job
    self._do_submit_job(job, run_times)
  File "/Users/ahmed/Downloads/evotrade_final/venv/lib/python3.11/site-packages/apscheduler/executors/pool.py", line 27, in _do_submit_job
    f = self._pool.submit(
        ^^^^^^^^^^^^^^^^^^
  File "/opt/homebrew/Cellar/python@3.11/3.11.13/Frameworks/Python.framework/Versions/3.11/lib/python3.11/concurrent/futures/thread.py", line 167, in submit
    raise RuntimeError('cannot schedule new futures after shutdown')
RuntimeError: cannot schedule new futures after shutdown
2026-04-11 08:04:57,887 [apscheduler.scheduler] ERROR: Error submitting job "TradingEngine._trading_cycle (trigger: interval[0:00:30], next run at: 2026-04-11 08:04:57 PKT)" to executor "default"
Traceback (most recent call last):
  File "/Users/ahmed/Downloads/evotrade_final/venv/lib/python3.11/site-packages/apscheduler/schedulers/base.py", line 1195, in _process_jobs
    executor.submit_job(job, run_times)
  File "/Users/ahmed/Downloads/evotrade_final/venv/lib/python3.11/site-packages/apscheduler/executors/base.py", line 74, in submit_job
    self._do_submit_job(job, run_times)
  File "/Users/ahmed/Downloads/evotrade_final/venv/lib/python3.11/site-packages/apscheduler/executors/pool.py", line 27, in _do_submit_job
    f = self._pool.submit(
        ^^^^^^^^^^^^^^^^^^
  File "/opt/homebrew/Cellar/python@3.11/3.11.13/Frameworks/Python.framework/Versions/3.11/lib/python3.11/concurrent/futures/thread.py", line 167, in submit
    raise RuntimeError('cannot schedule new futures after shutdown')
RuntimeError: cannot schedule new futures after shutdown
2026-04-11 08:05:27,883 [apscheduler.scheduler] ERROR: Error submitting job "TradingEngine._trading_cycle (trigger: interval[0:00:30], next run at: 2026-04-11 08:05:27 PKT)" to executor "default"
Traceback (most recent call last):
  File "/Users/ahmed/Downloads/evotrade_final/venv/lib/python3.11/site-packages/apscheduler/schedulers/base.py", line 1195, in _process_jobs
    executor.submit_job(job, run_times)
  File "/Users/ahmed/Downloads/evotrade_final/venv/lib/python3.11/site-packages/apscheduler/executors/base.py", line 74, in submit_job
    self._do_submit_job(job, run_times)
  File "/Users/ahmed/Downloads/evotrade_final/venv/lib/python3.11/site-packages/apscheduler/executors/pool.py", line 27, in _do_submit_job
    f = self._pool.submit(
        ^^^^^^^^^^^^^^^^^^
  File "/opt/homebrew/Cellar/python@3.11/3.11.13/Frameworks/Python.framework/Versions/3.11/lib/python3.11/concurrent/futures/thread.py", line 167, in submit
    raise RuntimeError('cannot schedule new futures after shutdown')
RuntimeError: cannot schedule new futures after shutdown
2026-04-11 08:05:57,887 [apscheduler.scheduler] ERROR: Error submitting job "TradingEngine._trading_cycle (trigger: interval[0:00:30], next run at: 2026-04-11 08:05:57 PKT)" to executor "default"
Traceback (most recent call last):
  File "/Users/ahmed/Downloads/evotrade_final/venv/lib/python3.11/site-packages/apscheduler/schedulers/base.py", line 1195, in _process_jobs
    executor.submit_job(job, run_times)
  File "/Users/ahmed/Downloads/evotrade_final/venv/lib/python3.11/site-packages/apscheduler/executors/base.py", line 74, in submit_job
    self._do_submit_job(job, run_times)
  File "/Users/ahmed/Downloads/evotrade_final/venv/lib/python3.11/site-packages/apscheduler/executors/pool.py", line 27, in _do_submit_job
    f = self._pool.submit(
        ^^^^^^^^^^^^^^^^^^
  File "/opt/homebrew/Cellar/python@3.11/3.11.13/Frameworks/Python.framework/Versions/3.11/lib/python3.11/concurrent/futures/thread.py", line 167, in submit
    raise RuntimeError('cannot schedule new futures after shutdown')
RuntimeError: cannot schedule new futures after shutdown
2026-04-11 08:06:27,882 [apscheduler.scheduler] ERROR: Error submitting job "TradingEngine._trading_cycle (trigger: interval[0:00:30], next run at: 2026-04-11 08:06:27 PKT)" to executor "default"
Traceback (most recent call last):
  File "/Users/ahmed/Downloads/evotrade_final/venv/lib/python3.11/site-packages/apscheduler/schedulers/base.py", line 1195, in _process_jobs
    executor.submit_job(job, run_times)
  File "/Users/ahmed/Downloads/evotrade_final/venv/lib/python3.11/site-packages/apscheduler/executors/base.py", line 74, in submit_job
    self._do_submit_job(job, run_times)
  File "/Users/ahmed/Downloads/evotrade_final/venv/lib/python3.11/site-packages/apscheduler/executors/pool.py", line 27, in _do_submit_job
    f = self._pool.submit(
        ^^^^^^^^^^^^^^^^^^
  File "/opt/homebrew/Cellar/python@3.11/3.11.13/Frameworks/Python.framework/Versions/3.11/lib/python3.11/concurrent/futures/thread.py", line 167, in submit
    raise RuntimeError('cannot schedule new futures after shutdown')
RuntimeError: cannot schedule new futures after shutdown
2026-04-11 08:06:57,887 [apscheduler.scheduler] ERROR: Error submitting job "TradingEngine._trading_cycle (trigger: interval[0:00:30], next run at: 2026-04-11 08:06:57 PKT)" to executor "default"
Traceback (most recent call last):
  File "/Users/ahmed/Downloads/evotrade_final/venv/lib/python3.11/site-packages/apscheduler/schedulers/base.py", line 1195, in _process_jobs
    executor.submit_job(job, run_times)
  File "/Users/ahmed/Downloads/evotrade_final/venv/lib/python3.11/site-packages/apscheduler/executors/base.py", line 74, in submit_job
    self._do_submit_job(job, run_times)
  File "/Users/ahmed/Downloads/evotrade_final/venv/lib/python3.11/site-packages/apscheduler/executors/pool.py", line 27, in _do_submit_job
    f = self._pool.submit(
        ^^^^^^^^^^^^^^^^^^
  File "/opt/homebrew/Cellar/python@3.11/3.11.13/Frameworks/Python.framework/Versions/3.11/lib/python3.11/concurrent/futures/thread.py", line 167, in submit
    raise RuntimeError('cannot schedule new futures after shutdown')
RuntimeError: cannot schedule new futures after shutdown
2026-04-11 08:07:27,889 [apscheduler.scheduler] ERROR: Error submitting job "TradingEngine._trading_cycle (trigger: interval[0:00:30], next run at: 2026-04-11 08:07:27 PKT)" to executor "default"
Traceback (most recent call last):
  File "/Users/ahmed/Downloads/evotrade_final/venv/lib/python3.11/site-packages/apscheduler/schedulers/base.py", line 1195, in _process_jobs
    executor.submit_job(job, run_times)
  File "/Users/ahmed/Downloads/evotrade_final/venv/lib/python3.11/site-packages/apscheduler/executors/base.py", line 74, in submit_job
    self._do_submit_job(job, run_times)
  File "/Users/ahmed/Downloads/evotrade_final/venv/lib/python3.11/site-packages/apscheduler/executors/pool.py", line 27, in _do_submit_job
    f = self._pool.submit(
        ^^^^^^^^^^^^^^^^^^
  File "/opt/homebrew/Cellar/python@3.11/3.11.13/Frameworks/Python.framework/Versions/3.11/lib/python3.11/concurrent/futures/thread.py", line 167, in submit
    raise RuntimeError('cannot schedule new futures after shutdown')
RuntimeError: cannot schedule new futures after shutdown
2026-04-11 08:07:57,884 [apscheduler.scheduler] ERROR: Error submitting job "TradingEngine._trading_cycle (trigger: interval[0:00:30], next run at: 2026-04-11 08:07:57 PKT)" to executor "default"
Traceback (most recent call last):
  File "/Users/ahmed/Downloads/evotrade_final/venv/lib/python3.11/site-packages/apscheduler/schedulers/base.py", line 1195, in _process_jobs
    executor.submit_job(job, run_times)
  File "/Users/ahmed/Downloads/evotrade_final/venv/lib/python3.11/site-packages/apscheduler/executors/base.py", line 74, in submit_job
    self._do_submit_job(job, run_times)
  File "/Users/ahmed/Downloads/evotrade_final/venv/lib/python3.11/site-packages/apscheduler/executors/pool.py", line 27, in _do_submit_job
    f = self._pool.submit(
        ^^^^^^^^^^^^^^^^^^
  File "/opt/homebrew/Cellar/python@3.11/3.11.13/Frameworks/Python.framework/Versions/3.11/lib/python3.11/concurrent/futures/thread.py", line 167, in submit
    raise RuntimeError('cannot schedule new futures after shutdown')
RuntimeError: cannot schedule new futures after shutdown
2026-04-11 08:08:27,888 [apscheduler.scheduler] ERROR: Error submitting job "TradingEngine._trading_cycle (trigger: interval[0:00:30], next run at: 2026-04-11 08:08:27 PKT)" to executor "default"
Traceback (most recent call last):
  File "/Users/ahmed/Downloads/evotrade_final/venv/lib/python3.11/site-packages/apscheduler/schedulers/base.py", line 1195, in _process_jobs
    executor.submit_job(job, run_times)
  File "/Users/ahmed/Downloads/evotrade_final/venv/lib/python3.11/site-packages/apscheduler/executors/base.py", line 74, in submit_job
    self._do_submit_job(job, run_times)
  File "/Users/ahmed/Downloads/evotrade_final/venv/lib/python3.11/site-packages/apscheduler/executors/pool.py", line 27, in _do_submit_job
    f = self._pool.submit(
        ^^^^^^^^^^^^^^^^^^
  File "/opt/homebrew/Cellar/python@3.11/3.11.13/Frameworks/Python.framework/Versions/3.11/lib/python3.11/concurrent/futures/thread.py", line 167, in submit
    raise RuntimeError('cannot schedule new futures after shutdown')
RuntimeError: cannot schedule new futures after shutdown
2026-04-11 08:08:57,884 [apscheduler.scheduler] ERROR: Error submitting job "TradingEngine._trading_cycle (trigger: interval[0:00:30], next run at: 2026-04-11 08:08:57 PKT)" to executor "default"
Traceback (most recent call last):
  File "/Users/ahmed/Downloads/evotrade_final/venv/lib/python3.11/site-packages/apscheduler/schedulers/base.py", line 1195, in _process_jobs
    executor.submit_job(job, run_times)
  File "/Users/ahmed/Downloads/evotrade_final/venv/lib/python3.11/site-packages/apscheduler/executors/base.py", line 74, in submit_job
    self._do_submit_job(job, run_times)
  File "/Users/ahmed/Downloads/evotrade_final/venv/lib/python3.11/site-packages/apscheduler/executors/pool.py", line 27, in _do_submit_job
    f = self._pool.submit(
        ^^^^^^^^^^^^^^^^^^
  File "/opt/homebrew/Cellar/python@3.11/3.11.13/Frameworks/Python.framework/Versions/3.11/lib/python3.11/concurrent/futures/thread.py", line 167, in submit
    raise RuntimeError('cannot schedule new futures after shutdown')
RuntimeError: cannot schedule new futures after shutdown
2026-04-11 08:09:27,887 [apscheduler.scheduler] ERROR: Error submitting job "TradingEngine._trading_cycle (trigger: interval[0:00:30], next run at: 2026-04-11 08:09:27 PKT)" to executor "default"
Traceback (most recent call last):
  File "/Users/ahmed/Downloads/evotrade_final/venv/lib/python3.11/site-packages/apscheduler/schedulers/base.py", line 1195, in _process_jobs
    executor.submit_job(job, run_times)
  File "/Users/ahmed/Downloads/evotrade_final/venv/lib/python3.11/site-packages/apscheduler/executors/base.py", line 74, in submit_job
    self._do_submit_job(job, run_times)
  File "/Users/ahmed/Downloads/evotrade_final/venv/lib/python3.11/site-packages/apscheduler/executors/pool.py", line 27, in _do_submit_job
    f = self._pool.submit(
        ^^^^^^^^^^^^^^^^^^
  File "/opt/homebrew/Cellar/python@3.11/3.11.13/Frameworks/Python.framework/Versions/3.11/lib/python3.11/concurrent/futures/thread.py", line 167, in submit
    raise RuntimeError('cannot schedule new futures after shutdown')
RuntimeError: cannot schedule new futures after shutdown
2026-04-11 08:09:57,884 [apscheduler.scheduler] ERROR: Error submitting job "TradingEngine._trading_cycle (trigger: interval[0:00:30], next run at: 2026-04-11 08:09:57 PKT)" to executor "default"
Traceback (most recent call last):
  File "/Users/ahmed/Downloads/evotrade_final/venv/lib/python3.11/site-packages/apscheduler/schedulers/base.py", line 1195, in _process_jobs
    executor.submit_job(job, run_times)
  File "/Users/ahmed/Downloads/evotrade_final/venv/lib/python3.11/site-packages/apscheduler/executors/base.py", line 74, in submit_job
    self._do_submit_job(job, run_times)
  File "/Users/ahmed/Downloads/evotrade_final/venv/lib/python3.11/site-packages/apscheduler/executors/pool.py", line 27, in _do_submit_job
    f = self._pool.submit(
        ^^^^^^^^^^^^^^^^^^
  File "/opt/homebrew/Cellar/python@3.11/3.11.13/Frameworks/Python.framework/Versions/3.11/lib/python3.11/concurrent/futures/thread.py", line 167, in submit
    raise RuntimeError('cannot schedule new futures after shutdown')
RuntimeError: cannot schedule new futures after shutdown
2026-04-11 08:10:27,886 [apscheduler.scheduler] ERROR: Error submitting job "TradingEngine._trading_cycle (trigger: interval[0:00:30], next run at: 2026-04-11 08:10:27 PKT)" to executor "default"
Traceback (most recent call last):
  File "/Users/ahmed/Downloads/evotrade_final/venv/lib/python3.11/site-packages/apscheduler/schedulers/base.py", line 1195, in _process_jobs
    executor.submit_job(job, run_times)
  File "/Users/ahmed/Downloads/evotrade_final/venv/lib/python3.11/site-packages/apscheduler/executors/base.py", line 74, in submit_job
    self._do_submit_job(job, run_times)
  File "/Users/ahmed/Downloads/evotrade_final/venv/lib/python3.11/site-packages/apscheduler/executors/pool.py", line 27, in _do_submit_job
    f = self._pool.submit(
        ^^^^^^^^^^^^^^^^^^
  File "/opt/homebrew/Cellar/python@3.11/3.11.13/Frameworks/Python.framework/Versions/3.11/lib/python3.11/concurrent/futures/thread.py", line 167, in submit
    raise RuntimeError('cannot schedule new futures after shutdown')
RuntimeError: cannot schedule new futures after shutdown
2026-04-11 08:10:57,884 [apscheduler.scheduler] ERROR: Error submitting job "TradingEngine._trading_cycle (trigger: interval[0:00:30], next run at: 2026-04-11 08:10:57 PKT)" to executor "default"
Traceback (most recent call last):
  File "/Users/ahmed/Downloads/evotrade_final/venv/lib/python3.11/site-packages/apscheduler/schedulers/base.py", line 1195, in _process_jobs
    executor.submit_job(job, run_times)
  File "/Users/ahmed/Downloads/evotrade_final/venv/lib/python3.11/site-packages/apscheduler/executors/base.py", line 74, in submit_job
    self._do_submit_job(job, run_times)
  File "/Users/ahmed/Downloads/evotrade_final/venv/lib/python3.11/site-packages/apscheduler/executors/pool.py", line 27, in _do_submit_job
    f = self._pool.submit(
        ^^^^^^^^^^^^^^^^^^
  File "/opt/homebrew/Cellar/python@3.11/3.11.13/Frameworks/Python.framework/Versions/3.11/lib/python3.11/concurrent/futures/thread.py", line 167, in submit
    raise RuntimeError('cannot schedule new futures after shutdown')
RuntimeError: cannot schedule new futures after shutdown
2026-04-11 08:11:27,884 [apscheduler.scheduler] ERROR: Error submitting job "TradingEngine._trading_cycle (trigger: interval[0:00:30], next run at: 2026-04-11 08:11:27 PKT)" to executor "default"
Traceback (most recent call last):
  File "/Users/ahmed/Downloads/evotrade_final/venv/lib/python3.11/site-packages/apscheduler/schedulers/base.py", line 1195, in _process_jobs
    executor.submit_job(job, run_times)
  File "/Users/ahmed/Downloads/evotrade_final/venv/lib/python3.11/site-packages/apscheduler/executors/base.py", line 74, in submit_job
    self._do_submit_job(job, run_times)
  File "/Users/ahmed/Downloads/evotrade_final/venv/lib/python3.11/site-packages/apscheduler/executors/pool.py", line 27, in _do_submit_job
    f = self._pool.submit(
        ^^^^^^^^^^^^^^^^^^
  File "/opt/homebrew/Cellar/python@3.11/3.11.13/Frameworks/Python.framework/Versions/3.11/lib/python3.11/concurrent/futures/thread.py", line 167, in submit
    raise RuntimeError('cannot schedule new futures after shutdown')
RuntimeError: cannot schedule new futures after shutdown
2026-04-11 08:11:57,884 [apscheduler.scheduler] ERROR: Error submitting job "TradingEngine._trading_cycle (trigger: interval[0:00:30], next run at: 2026-04-11 08:11:57 PKT)" to executor "default"
Traceback (most recent call last):
  File "/Users/ahmed/Downloads/evotrade_final/venv/lib/python3.11/site-packages/apscheduler/schedulers/base.py", line 1195, in _process_jobs
    executor.submit_job(job, run_times)
  File "/Users/ahmed/Downloads/evotrade_final/venv/lib/python3.11/site-packages/apscheduler/executors/base.py", line 74, in submit_job
    self._do_submit_job(job, run_times)
  File "/Users/ahmed/Downloads/evotrade_final/venv/lib/python3.11/site-packages/apscheduler/executors/pool.py", line 27, in _do_submit_job
    f = self._pool.submit(
        ^^^^^^^^^^^^^^^^^^
  File "/opt/homebrew/Cellar/python@3.11/3.11.13/Frameworks/Python.framework/Versions/3.11/lib/python3.11/concurrent/futures/thread.py", line 167, in submit
    raise RuntimeError('cannot schedule new futures after shutdown')
RuntimeError: cannot schedule new futures after shutdown
2026-04-11 08:12:27,883 [apscheduler.scheduler] ERROR: Error submitting job "TradingEngine._trading_cycle (trigger: interval[0:00:30], next run at: 2026-04-11 08:12:27 PKT)" to executor "default"
Traceback (most recent call last):
  File "/Users/ahmed/Downloads/evotrade_final/venv/lib/python3.11/site-packages/apscheduler/schedulers/base.py", line 1195, in _process_jobs
    executor.submit_job(job, run_times)
  File "/Users/ahmed/Downloads/evotrade_final/venv/lib/python3.11/site-packages/apscheduler/executors/base.py", line 74, in submit_job
    self._do_submit_job(job, run_times)
  File "/Users/ahmed/Downloads/evotrade_final/venv/lib/python3.11/site-packages/apscheduler/executors/pool.py", line 27, in _do_submit_job
    f = self._pool.submit(
        ^^^^^^^^^^^^^^^^^^
  File "/opt/homebrew/Cellar/python@3.11/3.11.13/Frameworks/Python.framework/Versions/3.11/lib/python3.11/concurrent/futures/thread.py", line 167, in submit
    raise RuntimeError('cannot schedule new futures after shutdown')
RuntimeError: cannot schedule new futures after shutdown
2026-04-11 08:12:57,884 [apscheduler.scheduler] ERROR: Error submitting job "TradingEngine._trading_cycle (trigger: interval[0:00:30], next run at: 2026-04-11 08:12:57 PKT)" to executor "default"
Traceback (most recent call last):
  File "/Users/ahmed/Downloads/evotrade_final/venv/lib/python3.11/site-packages/apscheduler/schedulers/base.py", line 1195, in _process_jobs
    executor.submit_job(job, run_times)
  File "/Users/ahmed/Downloads/evotrade_final/venv/lib/python3.11/site-packages/apscheduler/executors/base.py", line 74, in submit_job
    self._do_submit_job(job, run_times)
  File "/Users/ahmed/Downloads/evotrade_final/venv/lib/python3.11/site-packages/apscheduler/executors/pool.py", line 27, in _do_submit_job
    f = self._pool.submit(
        ^^^^^^^^^^^^^^^^^^
  File "/opt/homebrew/Cellar/python@3.11/3.11.13/Frameworks/Python.framework/Versions/3.11/lib/python3.11/concurrent/futures/thread.py", line 167, in submit
    raise RuntimeError('cannot schedule new futures after shutdown')
RuntimeError: cannot schedule new futures after shutdown
2026-04-11 08:13:27,885 [apscheduler.scheduler] ERROR: Error submitting job "TradingEngine._trading_cycle (trigger: interval[0:00:30], next run at: 2026-04-11 08:13:27 PKT)" to executor "default"
Traceback (most recent call last):
  File "/Users/ahmed/Downloads/evotrade_final/venv/lib/python3.11/site-packages/apscheduler/schedulers/base.py", line 1195, in _process_jobs
    executor.submit_job(job, run_times)
  File "/Users/ahmed/Downloads/evotrade_final/venv/lib/python3.11/site-packages/apscheduler/executors/base.py", line 74, in submit_job
    self._do_submit_job(job, run_times)
  File "/Users/ahmed/Downloads/evotrade_final/venv/lib/python3.11/site-packages/apscheduler/executors/pool.py", line 27, in _do_submit_job
    f = self._pool.submit(
        ^^^^^^^^^^^^^^^^^^
  File "/opt/homebrew/Cellar/python@3.11/3.11.13/Frameworks/Python.framework/Versions/3.11/lib/python3.11/concurrent/futures/thread.py", line 167, in submit
    raise RuntimeError('cannot schedule new futures after shutdown')
RuntimeError: cannot schedule new futures after shutdown
2026-04-11 08:13:57,887 [apscheduler.scheduler] ERROR: Error submitting job "TradingEngine._trading_cycle (trigger: interval[0:00:30], next run at: 2026-04-11 08:13:57 PKT)" to executor "default"
Traceback (most recent call last):
  File "/Users/ahmed/Downloads/evotrade_final/venv/lib/python3.11/site-packages/apscheduler/schedulers/base.py", line 1195, in _process_jobs
    executor.submit_job(job, run_times)
  File "/Users/ahmed/Downloads/evotrade_final/venv/lib/python3.11/site-packages/apscheduler/executors/base.py", line 74, in submit_job
    self._do_submit_job(job, run_times)
  File "/Users/ahmed/Downloads/evotrade_final/venv/lib/python3.11/site-packages/apscheduler/executors/pool.py", line 27, in _do_submit_job
    f = self._pool.submit(
        ^^^^^^^^^^^^^^^^^^
  File "/opt/homebrew/Cellar/python@3.11/3.11.13/Frameworks/Python.framework/Versions/3.11/lib/python3.11/concurrent/futures/thread.py", line 167, in submit
    raise RuntimeError('cannot schedule new futures after shutdown')
RuntimeError: cannot schedule new futures after shutdown
2026-04-11 08:14:27,887 [apscheduler.scheduler] ERROR: Error submitting job "TradingEngine._trading_cycle (trigger: interval[0:00:30], next run at: 2026-04-11 08:14:27 PKT)" to executor "default"
Traceback (most recent call last):
  File "/Users/ahmed/Downloads/evotrade_final/venv/lib/python3.11/site-packages/apscheduler/schedulers/base.py", line 1195, in _process_jobs
    executor.submit_job(job, run_times)
  File "/Users/ahmed/Downloads/evotrade_final/venv/lib/python3.11/site-packages/apscheduler/executors/base.py", line 74, in submit_job
    self._do_submit_job(job, run_times)
  File "/Users/ahmed/Downloads/evotrade_final/venv/lib/python3.11/site-packages/apscheduler/executors/pool.py", line 27, in _do_submit_job
    f = self._pool.submit(
        ^^^^^^^^^^^^^^^^^^
  File "/opt/homebrew/Cellar/python@3.11/3.11.13/Frameworks/Python.framework/Versions/3.11/lib/python3.11/concurrent/futures/thread.py", line 167, in submit
    raise RuntimeError('cannot schedule new futures after shutdown')
RuntimeError: cannot schedule new futures after shutdown
2026-04-11 08:14:58,461 [apscheduler.scheduler] ERROR: Error submitting job "TradingEngine._trading_cycle (trigger: interval[0:00:30], next run at: 2026-04-11 08:14:57 PKT)" to executor "default"
Traceback (most recent call last):
  File "/Users/ahmed/Downloads/evotrade_final/venv/lib/python3.11/site-packages/apscheduler/schedulers/base.py", line 1195, in _process_jobs
    executor.submit_job(job, run_times)
  File "/Users/ahmed/Downloads/evotrade_final/venv/lib/python3.11/site-packages/apscheduler/executors/base.py", line 74, in submit_job
    self._do_submit_job(job, run_times)
  File "/Users/ahmed/Downloads/evotrade_final/venv/lib/python3.11/site-packages/apscheduler/executors/pool.py", line 27, in _do_submit_job
    f = self._pool.submit(
        ^^^^^^^^^^^^^^^^^^
  File "/opt/homebrew/Cellar/python@3.11/3.11.13/Frameworks/Python.framework/Versions/3.11/lib/python3.11/concurrent/futures/thread.py", line 167, in submit
    raise RuntimeError('cannot schedule new futures after shutdown')
RuntimeError: cannot schedule new futures after shutdown
2026-04-11 08:15:27,963 [apscheduler.scheduler] ERROR: Error submitting job "TradingEngine._trading_cycle (trigger: interval[0:00:30], next run at: 2026-04-11 08:15:27 PKT)" to executor "default"
Traceback (most recent call last):
  File "/Users/ahmed/Downloads/evotrade_final/venv/lib/python3.11/site-packages/apscheduler/schedulers/base.py", line 1195, in _process_jobs
    executor.submit_job(job, run_times)
  File "/Users/ahmed/Downloads/evotrade_final/venv/lib/python3.11/site-packages/apscheduler/executors/base.py", line 74, in submit_job
    self._do_submit_job(job, run_times)
  File "/Users/ahmed/Downloads/evotrade_final/venv/lib/python3.11/site-packages/apscheduler/executors/pool.py", line 27, in _do_submit_job
    f = self._pool.submit(
        ^^^^^^^^^^^^^^^^^^
  File "/opt/homebrew/Cellar/python@3.11/3.11.13/Frameworks/Python.framework/Versions/3.11/lib/python3.11/concurrent/futures/thread.py", line 167, in submit
    raise RuntimeError('cannot schedule new futures after shutdown')
RuntimeError: cannot schedule new futures after shutdown
2026-04-11 08:15:57,884 [apscheduler.scheduler] ERROR: Error submitting job "TradingEngine._trading_cycle (trigger: interval[0:00:30], next run at: 2026-04-11 08:15:57 PKT)" to executor "default"
Traceback (most recent call last):
  File "/Users/ahmed/Downloads/evotrade_final/venv/lib/python3.11/site-packages/apscheduler/schedulers/base.py", line 1195, in _process_jobs
    executor.submit_job(job, run_times)
  File "/Users/ahmed/Downloads/evotrade_final/venv/lib/python3.11/site-packages/apscheduler/executors/base.py", line 74, in submit_job
    self._do_submit_job(job, run_times)
  File "/Users/ahmed/Downloads/evotrade_final/venv/lib/python3.11/site-packages/apscheduler/executors/pool.py", line 27, in _do_submit_job
    f = self._pool.submit(
        ^^^^^^^^^^^^^^^^^^
  File "/opt/homebrew/Cellar/python@3.11/3.11.13/Frameworks/Python.framework/Versions/3.11/lib/python3.11/concurrent/futures/thread.py", line 167, in submit
    raise RuntimeError('cannot schedule new futures after shutdown')
RuntimeError: cannot schedule new futures after shutdown
2026-04-11 08:16:27,887 [apscheduler.scheduler] ERROR: Error submitting job "TradingEngine._trading_cycle (trigger: interval[0:00:30], next run at: 2026-04-11 08:16:27 PKT)" to executor "default"
Traceback (most recent call last):
  File "/Users/ahmed/Downloads/evotrade_final/venv/lib/python3.11/site-packages/apscheduler/schedulers/base.py", line 1195, in _process_jobs
    executor.submit_job(job, run_times)
  File "/Users/ahmed/Downloads/evotrade_final/venv/lib/python3.11/site-packages/apscheduler/executors/base.py", line 74, in submit_job
    self._do_submit_job(job, run_times)
  File "/Users/ahmed/Downloads/evotrade_final/venv/lib/python3.11/site-packages/apscheduler/executors/pool.py", line 27, in _do_submit_job
    f = self._pool.submit(
        ^^^^^^^^^^^^^^^^^^
  File "/opt/homebrew/Cellar/python@3.11/3.11.13/Frameworks/Python.framework/Versions/3.11/lib/python3.11/concurrent/futures/thread.py", line 167, in submit
    raise RuntimeError('cannot schedule new futures after shutdown')
RuntimeError: cannot schedule new futures after shutdown
2026-04-11 08:16:57,884 [apscheduler.scheduler] ERROR: Error submitting job "TradingEngine._trading_cycle (trigger: interval[0:00:30], next run at: 2026-04-11 08:16:57 PKT)" to executor "default"
Traceback (most recent call last):
  File "/Users/ahmed/Downloads/evotrade_final/venv/lib/python3.11/site-packages/apscheduler/schedulers/base.py", line 1195, in _process_jobs
    executor.submit_job(job, run_times)
  File "/Users/ahmed/Downloads/evotrade_final/venv/lib/python3.11/site-packages/apscheduler/executors/base.py", line 74, in submit_job
    self._do_submit_job(job, run_times)
  File "/Users/ahmed/Downloads/evotrade_final/venv/lib/python3.11/site-packages/apscheduler/executors/pool.py", line 27, in _do_submit_job
    f = self._pool.submit(
        ^^^^^^^^^^^^^^^^^^
  File "/opt/homebrew/Cellar/python@3.11/3.11.13/Frameworks/Python.framework/Versions/3.11/lib/python3.11/concurrent/futures/thread.py", line 167, in submit
    raise RuntimeError('cannot schedule new futures after shutdown')
RuntimeError: cannot schedule new futures after shutdown
2026-04-11 08:17:27,893 [apscheduler.scheduler] ERROR: Error submitting job "TradingEngine._trading_cycle (trigger: interval[0:00:30], next run at: 2026-04-11 08:17:27 PKT)" to executor "default"
Traceback (most recent call last):
  File "/Users/ahmed/Downloads/evotrade_final/venv/lib/python3.11/site-packages/apscheduler/schedulers/base.py", line 1195, in _process_jobs
    executor.submit_job(job, run_times)
  File "/Users/ahmed/Downloads/evotrade_final/venv/lib/python3.11/site-packages/apscheduler/executors/base.py", line 74, in submit_job
    self._do_submit_job(job, run_times)
  File "/Users/ahmed/Downloads/evotrade_final/venv/lib/python3.11/site-packages/apscheduler/executors/pool.py", line 27, in _do_submit_job
    f = self._pool.submit(
        ^^^^^^^^^^^^^^^^^^
  File "/opt/homebrew/Cellar/python@3.11/3.11.13/Frameworks/Python.framework/Versions/3.11/lib/python3.11/concurrent/futures/thread.py", line 167, in submit
    raise RuntimeError('cannot schedule new futures after shutdown')
RuntimeError: cannot schedule new futures after shutdown
2026-04-11 08:17:57,888 [apscheduler.scheduler] ERROR: Error submitting job "TradingEngine._trading_cycle (trigger: interval[0:00:30], next run at: 2026-04-11 08:17:57 PKT)" to executor "default"
Traceback (most recent call last):
  File "/Users/ahmed/Downloads/evotrade_final/venv/lib/python3.11/site-packages/apscheduler/schedulers/base.py", line 1195, in _process_jobs
    executor.submit_job(job, run_times)
  File "/Users/ahmed/Downloads/evotrade_final/venv/lib/python3.11/site-packages/apscheduler/executors/base.py", line 74, in submit_job
    self._do_submit_job(job, run_times)
  File "/Users/ahmed/Downloads/evotrade_final/venv/lib/python3.11/site-packages/apscheduler/executors/pool.py", line 27, in _do_submit_job
    f = self._pool.submit(
        ^^^^^^^^^^^^^^^^^^
  File "/opt/homebrew/Cellar/python@3.11/3.11.13/Frameworks/Python.framework/Versions/3.11/lib/python3.11/concurrent/futures/thread.py", line 167, in submit
    raise RuntimeError('cannot schedule new futures after shutdown')
RuntimeError: cannot schedule new futures after shutdown
2026-04-11 08:18:27,887 [apscheduler.scheduler] ERROR: Error submitting job "TradingEngine._trading_cycle (trigger: interval[0:00:30], next run at: 2026-04-11 08:18:27 PKT)" to executor "default"
Traceback (most recent call last):
  File "/Users/ahmed/Downloads/evotrade_final/venv/lib/python3.11/site-packages/apscheduler/schedulers/base.py", line 1195, in _process_jobs
    executor.submit_job(job, run_times)
  File "/Users/ahmed/Downloads/evotrade_final/venv/lib/python3.11/site-packages/apscheduler/executors/base.py", line 74, in submit_job
    self._do_submit_job(job, run_times)
  File "/Users/ahmed/Downloads/evotrade_final/venv/lib/python3.11/site-packages/apscheduler/executors/pool.py", line 27, in _do_submit_job
    f = self._pool.submit(
        ^^^^^^^^^^^^^^^^^^
  File "/opt/homebrew/Cellar/python@3.11/3.11.13/Frameworks/Python.framework/Versions/3.11/lib/python3.11/concurrent/futures/thread.py", line 167, in submit
    raise RuntimeError('cannot schedule new futures after shutdown')
RuntimeError: cannot schedule new futures after shutdown
2026-04-11 08:18:57,887 [apscheduler.scheduler] ERROR: Error submitting job "TradingEngine._trading_cycle (trigger: interval[0:00:30], next run at: 2026-04-11 08:18:57 PKT)" to executor "default"
Traceback (most recent call last):
  File "/Users/ahmed/Downloads/evotrade_final/venv/lib/python3.11/site-packages/apscheduler/schedulers/base.py", line 1195, in _process_jobs
    executor.submit_job(job, run_times)
  File "/Users/ahmed/Downloads/evotrade_final/venv/lib/python3.11/site-packages/apscheduler/executors/base.py", line 74, in submit_job
    self._do_submit_job(job, run_times)
  File "/Users/ahmed/Downloads/evotrade_final/venv/lib/python3.11/site-packages/apscheduler/executors/pool.py", line 27, in _do_submit_job
    f = self._pool.submit(
        ^^^^^^^^^^^^^^^^^^
  File "/opt/homebrew/Cellar/python@3.11/3.11.13/Frameworks/Python.framework/Versions/3.11/lib/python3.11/concurrent/futures/thread.py", line 167, in submit
    raise RuntimeError('cannot schedule new futures after shutdown')
RuntimeError: cannot schedule new futures after shutdown
2026-04-11 08:19:27,887 [apscheduler.scheduler] ERROR: Error submitting job "TradingEngine._trading_cycle (trigger: interval[0:00:30], next run at: 2026-04-11 08:19:27 PKT)" to executor "default"
Traceback (most recent call last):
  File "/Users/ahmed/Downloads/evotrade_final/venv/lib/python3.11/site-packages/apscheduler/schedulers/base.py", line 1195, in _process_jobs
    executor.submit_job(job, run_times)
  File "/Users/ahmed/Downloads/evotrade_final/venv/lib/python3.11/site-packages/apscheduler/executors/base.py", line 74, in submit_job
    self._do_submit_job(job, run_times)
  File "/Users/ahmed/Downloads/evotrade_final/venv/lib/python3.11/site-packages/apscheduler/executors/pool.py", line 27, in _do_submit_job
    f = self._pool.submit(
        ^^^^^^^^^^^^^^^^^^
  File "/opt/homebrew/Cellar/python@3.11/3.11.13/Frameworks/Python.framework/Versions/3.11/lib/python3.11/concurrent/futures/thread.py", line 167, in submit
    raise RuntimeError('cannot schedule new futures after shutdown')
RuntimeError: cannot schedule new futures after shutdown
2026-04-11 08:19:57,886 [apscheduler.scheduler] ERROR: Error submitting job "TradingEngine._trading_cycle (trigger: interval[0:00:30], next run at: 2026-04-11 08:19:57 PKT)" to executor "default"
Traceback (most recent call last):
  File "/Users/ahmed/Downloads/evotrade_final/venv/lib/python3.11/site-packages/apscheduler/schedulers/base.py", line 1195, in _process_jobs
    executor.submit_job(job, run_times)
  File "/Users/ahmed/Downloads/evotrade_final/venv/lib/python3.11/site-packages/apscheduler/executors/base.py", line 74, in submit_job
    self._do_submit_job(job, run_times)
  File "/Users/ahmed/Downloads/evotrade_final/venv/lib/python3.11/site-packages/apscheduler/executors/pool.py", line 27, in _do_submit_job
    f = self._pool.submit(
        ^^^^^^^^^^^^^^^^^^
  File "/opt/homebrew/Cellar/python@3.11/3.11.13/Frameworks/Python.framework/Versions/3.11/lib/python3.11/concurrent/futures/thread.py", line 167, in submit
    raise RuntimeError('cannot schedule new futures after shutdown')
RuntimeError: cannot schedule new futures after shutdown
2026-04-11 08:20:27,885 [apscheduler.scheduler] ERROR: Error submitting job "TradingEngine._trading_cycle (trigger: interval[0:00:30], next run at: 2026-04-11 08:20:27 PKT)" to executor "default"
Traceback (most recent call last):
  File "/Users/ahmed/Downloads/evotrade_final/venv/lib/python3.11/site-packages/apscheduler/schedulers/base.py", line 1195, in _process_jobs
    executor.submit_job(job, run_times)
  File "/Users/ahmed/Downloads/evotrade_final/venv/lib/python3.11/site-packages/apscheduler/executors/base.py", line 74, in submit_job
    self._do_submit_job(job, run_times)
  File "/Users/ahmed/Downloads/evotrade_final/venv/lib/python3.11/site-packages/apscheduler/executors/pool.py", line 27, in _do_submit_job
    f = self._pool.submit(
        ^^^^^^^^^^^^^^^^^^
  File "/opt/homebrew/Cellar/python@3.11/3.11.13/Frameworks/Python.framework/Versions/3.11/lib/python3.11/concurrent/futures/thread.py", line 167, in submit
    raise RuntimeError('cannot schedule new futures after shutdown')
RuntimeError: cannot schedule new futures after shutdown
2026-04-11 08:20:57,883 [apscheduler.scheduler] ERROR: Error submitting job "TradingEngine._trading_cycle (trigger: interval[0:00:30], next run at: 2026-04-11 08:20:57 PKT)" to executor "default"
Traceback (most recent call last):
  File "/Users/ahmed/Downloads/evotrade_final/venv/lib/python3.11/site-packages/apscheduler/schedulers/base.py", line 1195, in _process_jobs
    executor.submit_job(job, run_times)
  File "/Users/ahmed/Downloads/evotrade_final/venv/lib/python3.11/site-packages/apscheduler/executors/base.py", line 74, in submit_job
    self._do_submit_job(job, run_times)
  File "/Users/ahmed/Downloads/evotrade_final/venv/lib/python3.11/site-packages/apscheduler/executors/pool.py", line 27, in _do_submit_job
    f = self._pool.submit(
        ^^^^^^^^^^^^^^^^^^
  File "/opt/homebrew/Cellar/python@3.11/3.11.13/Frameworks/Python.framework/Versions/3.11/lib/python3.11/concurrent/futures/thread.py", line 167, in submit
    raise RuntimeError('cannot schedule new futures after shutdown')
RuntimeError: cannot schedule new futures after shutdown
2026-04-11 08:21:27,883 [apscheduler.scheduler] ERROR: Error submitting job "TradingEngine._trading_cycle (trigger: interval[0:00:30], next run at: 2026-04-11 08:21:27 PKT)" to executor "default"
Traceback (most recent call last):
  File "/Users/ahmed/Downloads/evotrade_final/venv/lib/python3.11/site-packages/apscheduler/schedulers/base.py", line 1195, in _process_jobs
    executor.submit_job(job, run_times)
  File "/Users/ahmed/Downloads/evotrade_final/venv/lib/python3.11/site-packages/apscheduler/executors/base.py", line 74, in submit_job
    self._do_submit_job(job, run_times)
  File "/Users/ahmed/Downloads/evotrade_final/venv/lib/python3.11/site-packages/apscheduler/executors/pool.py", line 27, in _do_submit_job
    f = self._pool.submit(
        ^^^^^^^^^^^^^^^^^^
  File "/opt/homebrew/Cellar/python@3.11/3.11.13/Frameworks/Python.framework/Versions/3.11/lib/python3.11/concurrent/futures/thread.py", line 167, in submit
    raise RuntimeError('cannot schedule new futures after shutdown')
RuntimeError: cannot schedule new futures after shutdown
2026-04-11 08:21:57,888 [apscheduler.scheduler] ERROR: Error submitting job "TradingEngine._trading_cycle (trigger: interval[0:00:30], next run at: 2026-04-11 08:21:57 PKT)" to executor "default"
Traceback (most recent call last):
  File "/Users/ahmed/Downloads/evotrade_final/venv/lib/python3.11/site-packages/apscheduler/schedulers/base.py", line 1195, in _process_jobs
    executor.submit_job(job, run_times)
  File "/Users/ahmed/Downloads/evotrade_final/venv/lib/python3.11/site-packages/apscheduler/executors/base.py", line 74, in submit_job
    self._do_submit_job(job, run_times)
  File "/Users/ahmed/Downloads/evotrade_final/venv/lib/python3.11/site-packages/apscheduler/executors/pool.py", line 27, in _do_submit_job
    f = self._pool.submit(
        ^^^^^^^^^^^^^^^^^^
  File "/opt/homebrew/Cellar/python@3.11/3.11.13/Frameworks/Python.framework/Versions/3.11/lib/python3.11/concurrent/futures/thread.py", line 167, in submit
    raise RuntimeError('cannot schedule new futures after shutdown')
RuntimeError: cannot schedule new futures after shutdown
2026-04-11 08:22:28,132 [apscheduler.scheduler] ERROR: Error submitting job "TradingEngine._trading_cycle (trigger: interval[0:00:30], next run at: 2026-04-11 08:22:27 PKT)" to executor "default"
Traceback (most recent call last):
  File "/Users/ahmed/Downloads/evotrade_final/venv/lib/python3.11/site-packages/apscheduler/schedulers/base.py", line 1195, in _process_jobs
    executor.submit_job(job, run_times)
  File "/Users/ahmed/Downloads/evotrade_final/venv/lib/python3.11/site-packages/apscheduler/executors/base.py", line 74, in submit_job
    self._do_submit_job(job, run_times)
  File "/Users/ahmed/Downloads/evotrade_final/venv/lib/python3.11/site-packages/apscheduler/executors/pool.py", line 27, in _do_submit_job
    f = self._pool.submit(
        ^^^^^^^^^^^^^^^^^^
  File "/opt/homebrew/Cellar/python@3.11/3.11.13/Frameworks/Python.framework/Versions/3.11/lib/python3.11/concurrent/futures/thread.py", line 167, in submit
    raise RuntimeError('cannot schedule new futures after shutdown')
RuntimeError: cannot schedule new futures after shutdown
2026-04-11 08:22:57,904 [apscheduler.scheduler] ERROR: Error submitting job "TradingEngine._trading_cycle (trigger: interval[0:00:30], next run at: 2026-04-11 08:22:57 PKT)" to executor "default"
Traceback (most recent call last):
  File "/Users/ahmed/Downloads/evotrade_final/venv/lib/python3.11/site-packages/apscheduler/schedulers/base.py", line 1195, in _process_jobs
    executor.submit_job(job, run_times)
  File "/Users/ahmed/Downloads/evotrade_final/venv/lib/python3.11/site-packages/apscheduler/executors/base.py", line 74, in submit_job
    self._do_submit_job(job, run_times)
  File "/Users/ahmed/Downloads/evotrade_final/venv/lib/python3.11/site-packages/apscheduler/executors/pool.py", line 27, in _do_submit_job
    f = self._pool.submit(
        ^^^^^^^^^^^^^^^^^^
  File "/opt/homebrew/Cellar/python@3.11/3.11.13/Frameworks/Python.framework/Versions/3.11/lib/python3.11/concurrent/futures/thread.py", line 167, in submit
    raise RuntimeError('cannot schedule new futures after shutdown')
RuntimeError: cannot schedule new futures after shutdown
2026-04-11 08:23:30,085 [apscheduler.scheduler] ERROR: Error submitting job "TradingEngine._trading_cycle (trigger: interval[0:00:30], next run at: 2026-04-11 08:23:27 PKT)" to executor "default"
Traceback (most recent call last):
  File "/Users/ahmed/Downloads/evotrade_final/venv/lib/python3.11/site-packages/apscheduler/schedulers/base.py", line 1195, in _process_jobs
    executor.submit_job(job, run_times)
  File "/Users/ahmed/Downloads/evotrade_final/venv/lib/python3.11/site-packages/apscheduler/executors/base.py", line 74, in submit_job
    self._do_submit_job(job, run_times)
  File "/Users/ahmed/Downloads/evotrade_final/venv/lib/python3.11/site-packages/apscheduler/executors/pool.py", line 27, in _do_submit_job
    f = self._pool.submit(
        ^^^^^^^^^^^^^^^^^^
  File "/opt/homebrew/Cellar/python@3.11/3.11.13/Frameworks/Python.framework/Versions/3.11/lib/python3.11/concurrent/futures/thread.py", line 167, in submit
    raise RuntimeError('cannot schedule new futures after shutdown')
RuntimeError: cannot schedule new futures after shutdown
2026-04-11 08:23:57,895 [apscheduler.scheduler] ERROR: Error submitting job "TradingEngine._trading_cycle (trigger: interval[0:00:30], next run at: 2026-04-11 08:23:57 PKT)" to executor "default"
Traceback (most recent call last):
  File "/Users/ahmed/Downloads/evotrade_final/venv/lib/python3.11/site-packages/apscheduler/schedulers/base.py", line 1195, in _process_jobs
    executor.submit_job(job, run_times)
  File "/Users/ahmed/Downloads/evotrade_final/venv/lib/python3.11/site-packages/apscheduler/executors/base.py", line 74, in submit_job
    self._do_submit_job(job, run_times)
  File "/Users/ahmed/Downloads/evotrade_final/venv/lib/python3.11/site-packages/apscheduler/executors/pool.py", line 27, in _do_submit_job
    f = self._pool.submit(
        ^^^^^^^^^^^^^^^^^^
  File "/opt/homebrew/Cellar/python@3.11/3.11.13/Frameworks/Python.framework/Versions/3.11/lib/python3.11/concurrent/futures/thread.py", line 167, in submit
    raise RuntimeError('cannot schedule new futures after shutdown')
RuntimeError: cannot schedule new futures after shutdown
2026-04-11 08:24:27,888 [apscheduler.scheduler] ERROR: Error submitting job "TradingEngine._trading_cycle (trigger: interval[0:00:30], next run at: 2026-04-11 08:24:27 PKT)" to executor "default"
Traceback (most recent call last):
  File "/Users/ahmed/Downloads/evotrade_final/venv/lib/python3.11/site-packages/apscheduler/schedulers/base.py", line 1195, in _process_jobs
    executor.submit_job(job, run_times)
  File "/Users/ahmed/Downloads/evotrade_final/venv/lib/python3.11/site-packages/apscheduler/executors/base.py", line 74, in submit_job
    self._do_submit_job(job, run_times)
  File "/Users/ahmed/Downloads/evotrade_final/venv/lib/python3.11/site-packages/apscheduler/executors/pool.py", line 27, in _do_submit_job
    f = self._pool.submit(
        ^^^^^^^^^^^^^^^^^^
  File "/opt/homebrew/Cellar/python@3.11/3.11.13/Frameworks/Python.framework/Versions/3.11/lib/python3.11/concurrent/futures/thread.py", line 167, in submit
    raise RuntimeError('cannot schedule new futures after shutdown')
RuntimeError: cannot schedule new futures after shutdown
2026-04-11 08:24:57,889 [apscheduler.scheduler] ERROR: Error submitting job "TradingEngine._trading_cycle (trigger: interval[0:00:30], next run at: 2026-04-11 08:24:57 PKT)" to executor "default"
Traceback (most recent call last):
  File "/Users/ahmed/Downloads/evotrade_final/venv/lib/python3.11/site-packages/apscheduler/schedulers/base.py", line 1195, in _process_jobs
    executor.submit_job(job, run_times)
  File "/Users/ahmed/Downloads/evotrade_final/venv/lib/python3.11/site-packages/apscheduler/executors/base.py", line 74, in submit_job
    self._do_submit_job(job, run_times)
  File "/Users/ahmed/Downloads/evotrade_final/venv/lib/python3.11/site-packages/apscheduler/executors/pool.py", line 27, in _do_submit_job
    f = self._pool.submit(
        ^^^^^^^^^^^^^^^^^^
  File "/opt/homebrew/Cellar/python@3.11/3.11.13/Frameworks/Python.framework/Versions/3.11/lib/python3.11/concurrent/futures/thread.py", line 167, in submit
    raise RuntimeError('cannot schedule new futures after shutdown')
RuntimeError: cannot schedule new futures after shutdown
2026-04-11 08:25:27,888 [apscheduler.scheduler] ERROR: Error submitting job "TradingEngine._trading_cycle (trigger: interval[0:00:30], next run at: 2026-04-11 08:25:27 PKT)" to executor "default"
Traceback (most recent call last):
  File "/Users/ahmed/Downloads/evotrade_final/venv/lib/python3.11/site-packages/apscheduler/schedulers/base.py", line 1195, in _process_jobs
    executor.submit_job(job, run_times)
  File "/Users/ahmed/Downloads/evotrade_final/venv/lib/python3.11/site-packages/apscheduler/executors/base.py", line 74, in submit_job
    self._do_submit_job(job, run_times)
  File "/Users/ahmed/Downloads/evotrade_final/venv/lib/python3.11/site-packages/apscheduler/executors/pool.py", line 27, in _do_submit_job
    f = self._pool.submit(
        ^^^^^^^^^^^^^^^^^^
  File "/opt/homebrew/Cellar/python@3.11/3.11.13/Frameworks/Python.framework/Versions/3.11/lib/python3.11/concurrent/futures/thread.py", line 167, in submit
    raise RuntimeError('cannot schedule new futures after shutdown')
RuntimeError: cannot schedule new futures after shutdown
2026-04-11 08:25:57,887 [apscheduler.scheduler] ERROR: Error submitting job "TradingEngine._trading_cycle (trigger: interval[0:00:30], next run at: 2026-04-11 08:25:57 PKT)" to executor "default"
Traceback (most recent call last):
  File "/Users/ahmed/Downloads/evotrade_final/venv/lib/python3.11/site-packages/apscheduler/schedulers/base.py", line 1195, in _process_jobs
    executor.submit_job(job, run_times)
  File "/Users/ahmed/Downloads/evotrade_final/venv/lib/python3.11/site-packages/apscheduler/executors/base.py", line 74, in submit_job
    self._do_submit_job(job, run_times)
  File "/Users/ahmed/Downloads/evotrade_final/venv/lib/python3.11/site-packages/apscheduler/executors/pool.py", line 27, in _do_submit_job
    f = self._pool.submit(
        ^^^^^^^^^^^^^^^^^^
  File "/opt/homebrew/Cellar/python@3.11/3.11.13/Frameworks/Python.framework/Versions/3.11/lib/python3.11/concurrent/futures/thread.py", line 167, in submit
    raise RuntimeError('cannot schedule new futures after shutdown')
RuntimeError: cannot schedule new futures after shutdown
2026-04-11 08:26:27,884 [apscheduler.scheduler] ERROR: Error submitting job "TradingEngine._trading_cycle (trigger: interval[0:00:30], next run at: 2026-04-11 08:26:27 PKT)" to executor "default"
Traceback (most recent call last):
  File "/Users/ahmed/Downloads/evotrade_final/venv/lib/python3.11/site-packages/apscheduler/schedulers/base.py", line 1195, in _process_jobs
    executor.submit_job(job, run_times)
  File "/Users/ahmed/Downloads/evotrade_final/venv/lib/python3.11/site-packages/apscheduler/executors/base.py", line 74, in submit_job
    self._do_submit_job(job, run_times)
  File "/Users/ahmed/Downloads/evotrade_final/venv/lib/python3.11/site-packages/apscheduler/executors/pool.py", line 27, in _do_submit_job
    f = self._pool.submit(
        ^^^^^^^^^^^^^^^^^^
  File "/opt/homebrew/Cellar/python@3.11/3.11.13/Frameworks/Python.framework/Versions/3.11/lib/python3.11/concurrent/futures/thread.py", line 167, in submit
    raise RuntimeError('cannot schedule new futures after shutdown')
RuntimeError: cannot schedule new futures after shutdown
2026-04-11 08:26:57,884 [apscheduler.scheduler] ERROR: Error submitting job "TradingEngine._trading_cycle (trigger: interval[0:00:30], next run at: 2026-04-11 08:26:57 PKT)" to executor "default"
Traceback (most recent call last):
  File "/Users/ahmed/Downloads/evotrade_final/venv/lib/python3.11/site-packages/apscheduler/schedulers/base.py", line 1195, in _process_jobs
    executor.submit_job(job, run_times)
  File "/Users/ahmed/Downloads/evotrade_final/venv/lib/python3.11/site-packages/apscheduler/executors/base.py", line 74, in submit_job
    self._do_submit_job(job, run_times)
  File "/Users/ahmed/Downloads/evotrade_final/venv/lib/python3.11/site-packages/apscheduler/executors/pool.py", line 27, in _do_submit_job
    f = self._pool.submit(
        ^^^^^^^^^^^^^^^^^^
  File "/opt/homebrew/Cellar/python@3.11/3.11.13/Frameworks/Python.framework/Versions/3.11/lib/python3.11/concurrent/futures/thread.py", line 167, in submit
    raise RuntimeError('cannot schedule new futures after shutdown')
RuntimeError: cannot schedule new futures after shutdown
2026-04-11 08:27:27,884 [apscheduler.scheduler] ERROR: Error submitting job "TradingEngine._trading_cycle (trigger: interval[0:00:30], next run at: 2026-04-11 08:27:27 PKT)" to executor "default"
Traceback (most recent call last):
  File "/Users/ahmed/Downloads/evotrade_final/venv/lib/python3.11/site-packages/apscheduler/schedulers/base.py", line 1195, in _process_jobs
    executor.submit_job(job, run_times)
  File "/Users/ahmed/Downloads/evotrade_final/venv/lib/python3.11/site-packages/apscheduler/executors/base.py", line 74, in submit_job
    self._do_submit_job(job, run_times)
  File "/Users/ahmed/Downloads/evotrade_final/venv/lib/python3.11/site-packages/apscheduler/executors/pool.py", line 27, in _do_submit_job
    f = self._pool.submit(
        ^^^^^^^^^^^^^^^^^^
  File "/opt/homebrew/Cellar/python@3.11/3.11.13/Frameworks/Python.framework/Versions/3.11/lib/python3.11/concurrent/futures/thread.py", line 167, in submit
    raise RuntimeError('cannot schedule new futures after shutdown')
RuntimeError: cannot schedule new futures after shutdown
2026-04-11 08:27:57,887 [apscheduler.scheduler] ERROR: Error submitting job "TradingEngine._trading_cycle (trigger: interval[0:00:30], next run at: 2026-04-11 08:27:57 PKT)" to executor "default"
Traceback (most recent call last):
  File "/Users/ahmed/Downloads/evotrade_final/venv/lib/python3.11/site-packages/apscheduler/schedulers/base.py", line 1195, in _process_jobs
    executor.submit_job(job, run_times)
  File "/Users/ahmed/Downloads/evotrade_final/venv/lib/python3.11/site-packages/apscheduler/executors/base.py", line 74, in submit_job
    self._do_submit_job(job, run_times)
  File "/Users/ahmed/Downloads/evotrade_final/venv/lib/python3.11/site-packages/apscheduler/executors/pool.py", line 27, in _do_submit_job
    f = self._pool.submit(
        ^^^^^^^^^^^^^^^^^^
  File "/opt/homebrew/Cellar/python@3.11/3.11.13/Frameworks/Python.framework/Versions/3.11/lib/python3.11/concurrent/futures/thread.py", line 167, in submit
    raise RuntimeError('cannot schedule new futures after shutdown')
RuntimeError: cannot schedule new futures after shutdown
2026-04-11 08:28:27,884 [apscheduler.scheduler] ERROR: Error submitting job "TradingEngine._trading_cycle (trigger: interval[0:00:30], next run at: 2026-04-11 08:28:27 PKT)" to executor "default"
Traceback (most recent call last):
  File "/Users/ahmed/Downloads/evotrade_final/venv/lib/python3.11/site-packages/apscheduler/schedulers/base.py", line 1195, in _process_jobs
    executor.submit_job(job, run_times)
  File "/Users/ahmed/Downloads/evotrade_final/venv/lib/python3.11/site-packages/apscheduler/executors/base.py", line 74, in submit_job
    self._do_submit_job(job, run_times)
  File "/Users/ahmed/Downloads/evotrade_final/venv/lib/python3.11/site-packages/apscheduler/executors/pool.py", line 27, in _do_submit_job
    f = self._pool.submit(
        ^^^^^^^^^^^^^^^^^^
  File "/opt/homebrew/Cellar/python@3.11/3.11.13/Frameworks/Python.framework/Versions/3.11/lib/python3.11/concurrent/futures/thread.py", line 167, in submit
    raise RuntimeError('cannot schedule new futures after shutdown')
RuntimeError: cannot schedule new futures after shutdown
2026-04-11 08:28:57,889 [apscheduler.scheduler] ERROR: Error submitting job "TradingEngine._trading_cycle (trigger: interval[0:00:30], next run at: 2026-04-11 08:28:57 PKT)" to executor "default"
Traceback (most recent call last):
  File "/Users/ahmed/Downloads/evotrade_final/venv/lib/python3.11/site-packages/apscheduler/schedulers/base.py", line 1195, in _process_jobs
    executor.submit_job(job, run_times)
  File "/Users/ahmed/Downloads/evotrade_final/venv/lib/python3.11/site-packages/apscheduler/executors/base.py", line 74, in submit_job
    self._do_submit_job(job, run_times)
  File "/Users/ahmed/Downloads/evotrade_final/venv/lib/python3.11/site-packages/apscheduler/executors/pool.py", line 27, in _do_submit_job
    f = self._pool.submit(
        ^^^^^^^^^^^^^^^^^^
  File "/opt/homebrew/Cellar/python@3.11/3.11.13/Frameworks/Python.framework/Versions/3.11/lib/python3.11/concurrent/futures/thread.py", line 167, in submit
    raise RuntimeError('cannot schedule new futures after shutdown')
RuntimeError: cannot schedule new futures after shutdown
2026-04-11 08:29:27,888 [apscheduler.scheduler] ERROR: Error submitting job "TradingEngine._trading_cycle (trigger: interval[0:00:30], next run at: 2026-04-11 08:29:27 PKT)" to executor "default"
Traceback (most recent call last):
  File "/Users/ahmed/Downloads/evotrade_final/venv/lib/python3.11/site-packages/apscheduler/schedulers/base.py", line 1195, in _process_jobs
    executor.submit_job(job, run_times)
  File "/Users/ahmed/Downloads/evotrade_final/venv/lib/python3.11/site-packages/apscheduler/executors/base.py", line 74, in submit_job
    self._do_submit_job(job, run_times)
  File "/Users/ahmed/Downloads/evotrade_final/venv/lib/python3.11/site-packages/apscheduler/executors/pool.py", line 27, in _do_submit_job
    f = self._pool.submit(
        ^^^^^^^^^^^^^^^^^^
  File "/opt/homebrew/Cellar/python@3.11/3.11.13/Frameworks/Python.framework/Versions/3.11/lib/python3.11/concurrent/futures/thread.py", line 167, in submit
    raise RuntimeError('cannot schedule new futures after shutdown')
RuntimeError: cannot schedule new futures after shutdown
2026-04-11 08:29:57,888 [apscheduler.scheduler] ERROR: Error submitting job "TradingEngine._trading_cycle (trigger: interval[0:00:30], next run at: 2026-04-11 08:29:57 PKT)" to executor "default"
Traceback (most recent call last):
  File "/Users/ahmed/Downloads/evotrade_final/venv/lib/python3.11/site-packages/apscheduler/schedulers/base.py", line 1195, in _process_jobs
    executor.submit_job(job, run_times)
  File "/Users/ahmed/Downloads/evotrade_final/venv/lib/python3.11/site-packages/apscheduler/executors/base.py", line 74, in submit_job
    self._do_submit_job(job, run_times)
  File "/Users/ahmed/Downloads/evotrade_final/venv/lib/python3.11/site-packages/apscheduler/executors/pool.py", line 27, in _do_submit_job
    f = self._pool.submit(
        ^^^^^^^^^^^^^^^^^^
  File "/opt/homebrew/Cellar/python@3.11/3.11.13/Frameworks/Python.framework/Versions/3.11/lib/python3.11/concurrent/futures/thread.py", line 167, in submit
    raise RuntimeError('cannot schedule new futures after shutdown')
RuntimeError: cannot schedule new futures after shutdown
2026-04-11 08:30:27,887 [apscheduler.scheduler] ERROR: Error submitting job "TradingEngine._trading_cycle (trigger: interval[0:00:30], next run at: 2026-04-11 08:30:27 PKT)" to executor "default"
Traceback (most recent call last):
  File "/Users/ahmed/Downloads/evotrade_final/venv/lib/python3.11/site-packages/apscheduler/schedulers/base.py", line 1195, in _process_jobs
    executor.submit_job(job, run_times)
  File "/Users/ahmed/Downloads/evotrade_final/venv/lib/python3.11/site-packages/apscheduler/executors/base.py", line 74, in submit_job
    self._do_submit_job(job, run_times)
  File "/Users/ahmed/Downloads/evotrade_final/venv/lib/python3.11/site-packages/apscheduler/executors/pool.py", line 27, in _do_submit_job
    f = self._pool.submit(
        ^^^^^^^^^^^^^^^^^^
  File "/opt/homebrew/Cellar/python@3.11/3.11.13/Frameworks/Python.framework/Versions/3.11/lib/python3.11/concurrent/futures/thread.py", line 167, in submit
    raise RuntimeError('cannot schedule new futures after shutdown')
RuntimeError: cannot schedule new futures after shutdown
2026-04-11 08:30:57,887 [apscheduler.scheduler] ERROR: Error submitting job "TradingEngine._trading_cycle (trigger: interval[0:00:30], next run at: 2026-04-11 08:30:57 PKT)" to executor "default"
Traceback (most recent call last):
  File "/Users/ahmed/Downloads/evotrade_final/venv/lib/python3.11/site-packages/apscheduler/schedulers/base.py", line 1195, in _process_jobs
    executor.submit_job(job, run_times)
  File "/Users/ahmed/Downloads/evotrade_final/venv/lib/python3.11/site-packages/apscheduler/executors/base.py", line 74, in submit_job
    self._do_submit_job(job, run_times)
  File "/Users/ahmed/Downloads/evotrade_final/venv/lib/python3.11/site-packages/apscheduler/executors/pool.py", line 27, in _do_submit_job
    f = self._pool.submit(
        ^^^^^^^^^^^^^^^^^^
  File "/opt/homebrew/Cellar/python@3.11/3.11.13/Frameworks/Python.framework/Versions/3.11/lib/python3.11/concurrent/futures/thread.py", line 167, in submit
    raise RuntimeError('cannot schedule new futures after shutdown')
RuntimeError: cannot schedule new futures after shutdown
2026-04-11 08:31:27,889 [apscheduler.scheduler] ERROR: Error submitting job "TradingEngine._trading_cycle (trigger: interval[0:00:30], next run at: 2026-04-11 08:31:27 PKT)" to executor "default"
Traceback (most recent call last):
  File "/Users/ahmed/Downloads/evotrade_final/venv/lib/python3.11/site-packages/apscheduler/schedulers/base.py", line 1195, in _process_jobs
    executor.submit_job(job, run_times)
  File "/Users/ahmed/Downloads/evotrade_final/venv/lib/python3.11/site-packages/apscheduler/executors/base.py", line 74, in submit_job
    self._do_submit_job(job, run_times)
  File "/Users/ahmed/Downloads/evotrade_final/venv/lib/python3.11/site-packages/apscheduler/executors/pool.py", line 27, in _do_submit_job
    f = self._pool.submit(
        ^^^^^^^^^^^^^^^^^^
  File "/opt/homebrew/Cellar/python@3.11/3.11.13/Frameworks/Python.framework/Versions/3.11/lib/python3.11/concurrent/futures/thread.py", line 167, in submit
    raise RuntimeError('cannot schedule new futures after shutdown')
RuntimeError: cannot schedule new futures after shutdown
2026-04-11 08:31:57,887 [apscheduler.scheduler] ERROR: Error submitting job "TradingEngine._trading_cycle (trigger: interval[0:00:30], next run at: 2026-04-11 08:31:57 PKT)" to executor "default"
Traceback (most recent call last):
  File "/Users/ahmed/Downloads/evotrade_final/venv/lib/python3.11/site-packages/apscheduler/schedulers/base.py", line 1195, in _process_jobs
    executor.submit_job(job, run_times)
  File "/Users/ahmed/Downloads/evotrade_final/venv/lib/python3.11/site-packages/apscheduler/executors/base.py", line 74, in submit_job
    self._do_submit_job(job, run_times)
  File "/Users/ahmed/Downloads/evotrade_final/venv/lib/python3.11/site-packages/apscheduler/executors/pool.py", line 27, in _do_submit_job
    f = self._pool.submit(
        ^^^^^^^^^^^^^^^^^^
  File "/opt/homebrew/Cellar/python@3.11/3.11.13/Frameworks/Python.framework/Versions/3.11/lib/python3.11/concurrent/futures/thread.py", line 167, in submit
    raise RuntimeError('cannot schedule new futures after shutdown')
RuntimeError: cannot schedule new futures after shutdown
2026-04-11 08:32:27,888 [apscheduler.scheduler] ERROR: Error submitting job "TradingEngine._trading_cycle (trigger: interval[0:00:30], next run at: 2026-04-11 08:32:27 PKT)" to executor "default"
Traceback (most recent call last):
  File "/Users/ahmed/Downloads/evotrade_final/venv/lib/python3.11/site-packages/apscheduler/schedulers/base.py", line 1195, in _process_jobs
    executor.submit_job(job, run_times)
  File "/Users/ahmed/Downloads/evotrade_final/venv/lib/python3.11/site-packages/apscheduler/executors/base.py", line 74, in submit_job
    self._do_submit_job(job, run_times)
  File "/Users/ahmed/Downloads/evotrade_final/venv/lib/python3.11/site-packages/apscheduler/executors/pool.py", line 27, in _do_submit_job
    f = self._pool.submit(
        ^^^^^^^^^^^^^^^^^^
  File "/opt/homebrew/Cellar/python@3.11/3.11.13/Frameworks/Python.framework/Versions/3.11/lib/python3.11/concurrent/futures/thread.py", line 167, in submit
    raise RuntimeError('cannot schedule new futures after shutdown')
RuntimeError: cannot schedule new futures after shutdown
2026-04-11 08:32:57,884 [apscheduler.scheduler] ERROR: Error submitting job "TradingEngine._trading_cycle (trigger: interval[0:00:30], next run at: 2026-04-11 08:32:57 PKT)" to executor "default"
Traceback (most recent call last):
  File "/Users/ahmed/Downloads/evotrade_final/venv/lib/python3.11/site-packages/apscheduler/schedulers/base.py", line 1195, in _process_jobs
    executor.submit_job(job, run_times)
  File "/Users/ahmed/Downloads/evotrade_final/venv/lib/python3.11/site-packages/apscheduler/executors/base.py", line 74, in submit_job
    self._do_submit_job(job, run_times)
  File "/Users/ahmed/Downloads/evotrade_final/venv/lib/python3.11/site-packages/apscheduler/executors/pool.py", line 27, in _do_submit_job
    f = self._pool.submit(
        ^^^^^^^^^^^^^^^^^^
  File "/opt/homebrew/Cellar/python@3.11/3.11.13/Frameworks/Python.framework/Versions/3.11/lib/python3.11/concurrent/futures/thread.py", line 167, in submit
    raise RuntimeError('cannot schedule new futures after shutdown')
RuntimeError: cannot schedule new futures after shutdown
2026-04-11 08:33:27,888 [apscheduler.scheduler] ERROR: Error submitting job "TradingEngine._trading_cycle (trigger: interval[0:00:30], next run at: 2026-04-11 08:33:27 PKT)" to executor "default"
Traceback (most recent call last):
  File "/Users/ahmed/Downloads/evotrade_final/venv/lib/python3.11/site-packages/apscheduler/schedulers/base.py", line 1195, in _process_jobs
    executor.submit_job(job, run_times)
  File "/Users/ahmed/Downloads/evotrade_final/venv/lib/python3.11/site-packages/apscheduler/executors/base.py", line 74, in submit_job
    self._do_submit_job(job, run_times)
  File "/Users/ahmed/Downloads/evotrade_final/venv/lib/python3.11/site-packages/apscheduler/executors/pool.py", line 27, in _do_submit_job
    f = self._pool.submit(
        ^^^^^^^^^^^^^^^^^^
  File "/opt/homebrew/Cellar/python@3.11/3.11.13/Frameworks/Python.framework/Versions/3.11/lib/python3.11/concurrent/futures/thread.py", line 167, in submit
    raise RuntimeError('cannot schedule new futures after shutdown')
RuntimeError: cannot schedule new futures after shutdown
2026-04-11 08:33:57,887 [apscheduler.scheduler] ERROR: Error submitting job "TradingEngine._trading_cycle (trigger: interval[0:00:30], next run at: 2026-04-11 08:33:57 PKT)" to executor "default"
Traceback (most recent call last):
  File "/Users/ahmed/Downloads/evotrade_final/venv/lib/python3.11/site-packages/apscheduler/schedulers/base.py", line 1195, in _process_jobs
    executor.submit_job(job, run_times)
  File "/Users/ahmed/Downloads/evotrade_final/venv/lib/python3.11/site-packages/apscheduler/executors/base.py", line 74, in submit_job
    self._do_submit_job(job, run_times)
  File "/Users/ahmed/Downloads/evotrade_final/venv/lib/python3.11/site-packages/apscheduler/executors/pool.py", line 27, in _do_submit_job
    f = self._pool.submit(
        ^^^^^^^^^^^^^^^^^^
  File "/opt/homebrew/Cellar/python@3.11/3.11.13/Frameworks/Python.framework/Versions/3.11/lib/python3.11/concurrent/futures/thread.py", line 167, in submit
    raise RuntimeError('cannot schedule new futures after shutdown')
RuntimeError: cannot schedule new futures after shutdown
2026-04-11 08:34:27,888 [apscheduler.scheduler] ERROR: Error submitting job "TradingEngine._trading_cycle (trigger: interval[0:00:30], next run at: 2026-04-11 08:34:27 PKT)" to executor "default"
Traceback (most recent call last):
  File "/Users/ahmed/Downloads/evotrade_final/venv/lib/python3.11/site-packages/apscheduler/schedulers/base.py", line 1195, in _process_jobs
    executor.submit_job(job, run_times)
  File "/Users/ahmed/Downloads/evotrade_final/venv/lib/python3.11/site-packages/apscheduler/executors/base.py", line 74, in submit_job
    self._do_submit_job(job, run_times)
  File "/Users/ahmed/Downloads/evotrade_final/venv/lib/python3.11/site-packages/apscheduler/executors/pool.py", line 27, in _do_submit_job
    f = self._pool.submit(
        ^^^^^^^^^^^^^^^^^^
  File "/opt/homebrew/Cellar/python@3.11/3.11.13/Frameworks/Python.framework/Versions/3.11/lib/python3.11/concurrent/futures/thread.py", line 167, in submit
    raise RuntimeError('cannot schedule new futures after shutdown')
RuntimeError: cannot schedule new futures after shutdown
2026-04-11 08:34:57,887 [apscheduler.scheduler] ERROR: Error submitting job "TradingEngine._trading_cycle (trigger: interval[0:00:30], next run at: 2026-04-11 08:34:57 PKT)" to executor "default"
Traceback (most recent call last):
  File "/Users/ahmed/Downloads/evotrade_final/venv/lib/python3.11/site-packages/apscheduler/schedulers/base.py", line 1195, in _process_jobs
    executor.submit_job(job, run_times)
  File "/Users/ahmed/Downloads/evotrade_final/venv/lib/python3.11/site-packages/apscheduler/executors/base.py", line 74, in submit_job
    self._do_submit_job(job, run_times)
  File "/Users/ahmed/Downloads/evotrade_final/venv/lib/python3.11/site-packages/apscheduler/executors/pool.py", line 27, in _do_submit_job
    f = self._pool.submit(
        ^^^^^^^^^^^^^^^^^^
  File "/opt/homebrew/Cellar/python@3.11/3.11.13/Frameworks/Python.framework/Versions/3.11/lib/python3.11/concurrent/futures/thread.py", line 167, in submit
    raise RuntimeError('cannot schedule new futures after shutdown')
RuntimeError: cannot schedule new futures after shutdown
2026-04-11 08:35:27,887 [apscheduler.scheduler] ERROR: Error submitting job "TradingEngine._trading_cycle (trigger: interval[0:00:30], next run at: 2026-04-11 08:35:27 PKT)" to executor "default"
Traceback (most recent call last):
  File "/Users/ahmed/Downloads/evotrade_final/venv/lib/python3.11/site-packages/apscheduler/schedulers/base.py", line 1195, in _process_jobs
    executor.submit_job(job, run_times)
  File "/Users/ahmed/Downloads/evotrade_final/venv/lib/python3.11/site-packages/apscheduler/executors/base.py", line 74, in submit_job
    self._do_submit_job(job, run_times)
  File "/Users/ahmed/Downloads/evotrade_final/venv/lib/python3.11/site-packages/apscheduler/executors/pool.py", line 27, in _do_submit_job
    f = self._pool.submit(
        ^^^^^^^^^^^^^^^^^^
  File "/opt/homebrew/Cellar/python@3.11/3.11.13/Frameworks/Python.framework/Versions/3.11/lib/python3.11/concurrent/futures/thread.py", line 167, in submit
    raise RuntimeError('cannot schedule new futures after shutdown')
RuntimeError: cannot schedule new futures after shutdown
2026-04-11 08:35:57,937 [apscheduler.scheduler] ERROR: Error submitting job "TradingEngine._trading_cycle (trigger: interval[0:00:30], next run at: 2026-04-11 08:35:57 PKT)" to executor "default"
Traceback (most recent call last):
  File "/Users/ahmed/Downloads/evotrade_final/venv/lib/python3.11/site-packages/apscheduler/schedulers/base.py", line 1195, in _process_jobs
    executor.submit_job(job, run_times)
  File "/Users/ahmed/Downloads/evotrade_final/venv/lib/python3.11/site-packages/apscheduler/executors/base.py", line 74, in submit_job
    self._do_submit_job(job, run_times)
  File "/Users/ahmed/Downloads/evotrade_final/venv/lib/python3.11/site-packages/apscheduler/executors/pool.py", line 27, in _do_submit_job
    f = self._pool.submit(
        ^^^^^^^^^^^^^^^^^^
  File "/opt/homebrew/Cellar/python@3.11/3.11.13/Frameworks/Python.framework/Versions/3.11/lib/python3.11/concurrent/futures/thread.py", line 167, in submit
    raise RuntimeError('cannot schedule new futures after shutdown')
RuntimeError: cannot schedule new futures after shutdown
2026-04-11 08:36:27,883 [apscheduler.scheduler] ERROR: Error submitting job "TradingEngine._trading_cycle (trigger: interval[0:00:30], next run at: 2026-04-11 08:36:27 PKT)" to executor "default"
Traceback (most recent call last):
  File "/Users/ahmed/Downloads/evotrade_final/venv/lib/python3.11/site-packages/apscheduler/schedulers/base.py", line 1195, in _process_jobs
    executor.submit_job(job, run_times)
  File "/Users/ahmed/Downloads/evotrade_final/venv/lib/python3.11/site-packages/apscheduler/executors/base.py", line 74, in submit_job
    self._do_submit_job(job, run_times)
  File "/Users/ahmed/Downloads/evotrade_final/venv/lib/python3.11/site-packages/apscheduler/executors/pool.py", line 27, in _do_submit_job
    f = self._pool.submit(
        ^^^^^^^^^^^^^^^^^^
  File "/opt/homebrew/Cellar/python@3.11/3.11.13/Frameworks/Python.framework/Versions/3.11/lib/python3.11/concurrent/futures/thread.py", line 167, in submit
    raise RuntimeError('cannot schedule new futures after shutdown')
RuntimeError: cannot schedule new futures after shutdown
2026-04-11 08:36:57,887 [apscheduler.scheduler] ERROR: Error submitting job "TradingEngine._trading_cycle (trigger: interval[0:00:30], next run at: 2026-04-11 08:36:57 PKT)" to executor "default"
Traceback (most recent call last):
  File "/Users/ahmed/Downloads/evotrade_final/venv/lib/python3.11/site-packages/apscheduler/schedulers/base.py", line 1195, in _process_jobs
    executor.submit_job(job, run_times)
  File "/Users/ahmed/Downloads/evotrade_final/venv/lib/python3.11/site-packages/apscheduler/executors/base.py", line 74, in submit_job
    self._do_submit_job(job, run_times)
  File "/Users/ahmed/Downloads/evotrade_final/venv/lib/python3.11/site-packages/apscheduler/executors/pool.py", line 27, in _do_submit_job
    f = self._pool.submit(
        ^^^^^^^^^^^^^^^^^^
  File "/opt/homebrew/Cellar/python@3.11/3.11.13/Frameworks/Python.framework/Versions/3.11/lib/python3.11/concurrent/futures/thread.py", line 167, in submit
    raise RuntimeError('cannot schedule new futures after shutdown')
RuntimeError: cannot schedule new futures after shutdown
2026-04-11 08:37:27,885 [apscheduler.scheduler] ERROR: Error submitting job "TradingEngine._trading_cycle (trigger: interval[0:00:30], next run at: 2026-04-11 08:37:27 PKT)" to executor "default"
Traceback (most recent call last):
  File "/Users/ahmed/Downloads/evotrade_final/venv/lib/python3.11/site-packages/apscheduler/schedulers/base.py", line 1195, in _process_jobs
    executor.submit_job(job, run_times)
  File "/Users/ahmed/Downloads/evotrade_final/venv/lib/python3.11/site-packages/apscheduler/executors/base.py", line 74, in submit_job
    self._do_submit_job(job, run_times)
  File "/Users/ahmed/Downloads/evotrade_final/venv/lib/python3.11/site-packages/apscheduler/executors/pool.py", line 27, in _do_submit_job
    f = self._pool.submit(
        ^^^^^^^^^^^^^^^^^^
  File "/opt/homebrew/Cellar/python@3.11/3.11.13/Frameworks/Python.framework/Versions/3.11/lib/python3.11/concurrent/futures/thread.py", line 167, in submit
    raise RuntimeError('cannot schedule new futures after shutdown')
RuntimeError: cannot schedule new futures after shutdown
2026-04-11 08:37:57,882 [apscheduler.scheduler] ERROR: Error submitting job "TradingEngine._trading_cycle (trigger: interval[0:00:30], next run at: 2026-04-11 08:37:57 PKT)" to executor "default"
Traceback (most recent call last):
  File "/Users/ahmed/Downloads/evotrade_final/venv/lib/python3.11/site-packages/apscheduler/schedulers/base.py", line 1195, in _process_jobs
    executor.submit_job(job, run_times)
  File "/Users/ahmed/Downloads/evotrade_final/venv/lib/python3.11/site-packages/apscheduler/executors/base.py", line 74, in submit_job
    self._do_submit_job(job, run_times)
  File "/Users/ahmed/Downloads/evotrade_final/venv/lib/python3.11/site-packages/apscheduler/executors/pool.py", line 27, in _do_submit_job
    f = self._pool.submit(
        ^^^^^^^^^^^^^^^^^^
  File "/opt/homebrew/Cellar/python@3.11/3.11.13/Frameworks/Python.framework/Versions/3.11/lib/python3.11/concurrent/futures/thread.py", line 167, in submit
    raise RuntimeError('cannot schedule new futures after shutdown')
RuntimeError: cannot schedule new futures after shutdown
2026-04-11 08:38:27,886 [apscheduler.scheduler] ERROR: Error submitting job "TradingEngine._trading_cycle (trigger: interval[0:00:30], next run at: 2026-04-11 08:38:27 PKT)" to executor "default"
Traceback (most recent call last):
  File "/Users/ahmed/Downloads/evotrade_final/venv/lib/python3.11/site-packages/apscheduler/schedulers/base.py", line 1195, in _process_jobs
    executor.submit_job(job, run_times)
  File "/Users/ahmed/Downloads/evotrade_final/venv/lib/python3.11/site-packages/apscheduler/executors/base.py", line 74, in submit_job
    self._do_submit_job(job, run_times)
  File "/Users/ahmed/Downloads/evotrade_final/venv/lib/python3.11/site-packages/apscheduler/executors/pool.py", line 27, in _do_submit_job
    f = self._pool.submit(
        ^^^^^^^^^^^^^^^^^^
  File "/opt/homebrew/Cellar/python@3.11/3.11.13/Frameworks/Python.framework/Versions/3.11/lib/python3.11/concurrent/futures/thread.py", line 167, in submit
    raise RuntimeError('cannot schedule new futures after shutdown')
RuntimeError: cannot schedule new futures after shutdown
2026-04-11 08:38:57,887 [apscheduler.scheduler] ERROR: Error submitting job "TradingEngine._trading_cycle (trigger: interval[0:00:30], next run at: 2026-04-11 08:38:57 PKT)" to executor "default"
Traceback (most recent call last):
  File "/Users/ahmed/Downloads/evotrade_final/venv/lib/python3.11/site-packages/apscheduler/schedulers/base.py", line 1195, in _process_jobs
    executor.submit_job(job, run_times)
  File "/Users/ahmed/Downloads/evotrade_final/venv/lib/python3.11/site-packages/apscheduler/executors/base.py", line 74, in submit_job
    self._do_submit_job(job, run_times)
  File "/Users/ahmed/Downloads/evotrade_final/venv/lib/python3.11/site-packages/apscheduler/executors/pool.py", line 27, in _do_submit_job
    f = self._pool.submit(
        ^^^^^^^^^^^^^^^^^^
  File "/opt/homebrew/Cellar/python@3.11/3.11.13/Frameworks/Python.framework/Versions/3.11/lib/python3.11/concurrent/futures/thread.py", line 167, in submit
    raise RuntimeError('cannot schedule new futures after shutdown')
RuntimeError: cannot schedule new futures after shutdown
2026-04-11 08:39:27,888 [apscheduler.scheduler] ERROR: Error submitting job "TradingEngine._trading_cycle (trigger: interval[0:00:30], next run at: 2026-04-11 08:39:27 PKT)" to executor "default"
Traceback (most recent call last):
  File "/Users/ahmed/Downloads/evotrade_final/venv/lib/python3.11/site-packages/apscheduler/schedulers/base.py", line 1195, in _process_jobs
    executor.submit_job(job, run_times)
  File "/Users/ahmed/Downloads/evotrade_final/venv/lib/python3.11/site-packages/apscheduler/executors/base.py", line 74, in submit_job
    self._do_submit_job(job, run_times)
  File "/Users/ahmed/Downloads/evotrade_final/venv/lib/python3.11/site-packages/apscheduler/executors/pool.py", line 27, in _do_submit_job
    f = self._pool.submit(
        ^^^^^^^^^^^^^^^^^^
  File "/opt/homebrew/Cellar/python@3.11/3.11.13/Frameworks/Python.framework/Versions/3.11/lib/python3.11/concurrent/futures/thread.py", line 167, in submit
    raise RuntimeError('cannot schedule new futures after shutdown')
RuntimeError: cannot schedule new futures after shutdown
2026-04-11 08:39:57,887 [apscheduler.scheduler] ERROR: Error submitting job "TradingEngine._trading_cycle (trigger: interval[0:00:30], next run at: 2026-04-11 08:39:57 PKT)" to executor "default"
Traceback (most recent call last):
  File "/Users/ahmed/Downloads/evotrade_final/venv/lib/python3.11/site-packages/apscheduler/schedulers/base.py", line 1195, in _process_jobs
    executor.submit_job(job, run_times)
  File "/Users/ahmed/Downloads/evotrade_final/venv/lib/python3.11/site-packages/apscheduler/executors/base.py", line 74, in submit_job
    self._do_submit_job(job, run_times)
  File "/Users/ahmed/Downloads/evotrade_final/venv/lib/python3.11/site-packages/apscheduler/executors/pool.py", line 27, in _do_submit_job
    f = self._pool.submit(
        ^^^^^^^^^^^^^^^^^^
  File "/opt/homebrew/Cellar/python@3.11/3.11.13/Frameworks/Python.framework/Versions/3.11/lib/python3.11/concurrent/futures/thread.py", line 167, in submit
    raise RuntimeError('cannot schedule new futures after shutdown')
RuntimeError: cannot schedule new futures after shutdown
2026-04-11 08:40:27,887 [apscheduler.scheduler] ERROR: Error submitting job "TradingEngine._trading_cycle (trigger: interval[0:00:30], next run at: 2026-04-11 08:40:27 PKT)" to executor "default"
Traceback (most recent call last):
  File "/Users/ahmed/Downloads/evotrade_final/venv/lib/python3.11/site-packages/apscheduler/schedulers/base.py", line 1195, in _process_jobs
    executor.submit_job(job, run_times)
  File "/Users/ahmed/Downloads/evotrade_final/venv/lib/python3.11/site-packages/apscheduler/executors/base.py", line 74, in submit_job
    self._do_submit_job(job, run_times)
  File "/Users/ahmed/Downloads/evotrade_final/venv/lib/python3.11/site-packages/apscheduler/executors/pool.py", line 27, in _do_submit_job
    f = self._pool.submit(
        ^^^^^^^^^^^^^^^^^^
  File "/opt/homebrew/Cellar/python@3.11/3.11.13/Frameworks/Python.framework/Versions/3.11/lib/python3.11/concurrent/futures/thread.py", line 167, in submit
    raise RuntimeError('cannot schedule new futures after shutdown')
RuntimeError: cannot schedule new futures after shutdown
2026-04-11 08:40:57,885 [apscheduler.scheduler] ERROR: Error submitting job "TradingEngine._trading_cycle (trigger: interval[0:00:30], next run at: 2026-04-11 08:40:57 PKT)" to executor "default"
Traceback (most recent call last):
  File "/Users/ahmed/Downloads/evotrade_final/venv/lib/python3.11/site-packages/apscheduler/schedulers/base.py", line 1195, in _process_jobs
    executor.submit_job(job, run_times)
  File "/Users/ahmed/Downloads/evotrade_final/venv/lib/python3.11/site-packages/apscheduler/executors/base.py", line 74, in submit_job
    self._do_submit_job(job, run_times)
  File "/Users/ahmed/Downloads/evotrade_final/venv/lib/python3.11/site-packages/apscheduler/executors/pool.py", line 27, in _do_submit_job
    f = self._pool.submit(
        ^^^^^^^^^^^^^^^^^^
  File "/opt/homebrew/Cellar/python@3.11/3.11.13/Frameworks/Python.framework/Versions/3.11/lib/python3.11/concurrent/futures/thread.py", line 167, in submit
    raise RuntimeError('cannot schedule new futures after shutdown')
RuntimeError: cannot schedule new futures after shutdown
2026-04-11 08:41:27,887 [apscheduler.scheduler] ERROR: Error submitting job "TradingEngine._trading_cycle (trigger: interval[0:00:30], next run at: 2026-04-11 08:41:27 PKT)" to executor "default"
Traceback (most recent call last):
  File "/Users/ahmed/Downloads/evotrade_final/venv/lib/python3.11/site-packages/apscheduler/schedulers/base.py", line 1195, in _process_jobs
    executor.submit_job(job, run_times)
  File "/Users/ahmed/Downloads/evotrade_final/venv/lib/python3.11/site-packages/apscheduler/executors/base.py", line 74, in submit_job
    self._do_submit_job(job, run_times)
  File "/Users/ahmed/Downloads/evotrade_final/venv/lib/python3.11/site-packages/apscheduler/executors/pool.py", line 27, in _do_submit_job
    f = self._pool.submit(
        ^^^^^^^^^^^^^^^^^^
  File "/opt/homebrew/Cellar/python@3.11/3.11.13/Frameworks/Python.framework/Versions/3.11/lib/python3.11/concurrent/futures/thread.py", line 167, in submit
    raise RuntimeError('cannot schedule new futures after shutdown')
RuntimeError: cannot schedule new futures after shutdown
2026-04-11 08:41:57,887 [apscheduler.scheduler] ERROR: Error submitting job "TradingEngine._trading_cycle (trigger: interval[0:00:30], next run at: 2026-04-11 08:41:57 PKT)" to executor "default"
Traceback (most recent call last):
  File "/Users/ahmed/Downloads/evotrade_final/venv/lib/python3.11/site-packages/apscheduler/schedulers/base.py", line 1195, in _process_jobs
    executor.submit_job(job, run_times)
  File "/Users/ahmed/Downloads/evotrade_final/venv/lib/python3.11/site-packages/apscheduler/executors/base.py", line 74, in submit_job
    self._do_submit_job(job, run_times)
  File "/Users/ahmed/Downloads/evotrade_final/venv/lib/python3.11/site-packages/apscheduler/executors/pool.py", line 27, in _do_submit_job
    f = self._pool.submit(
        ^^^^^^^^^^^^^^^^^^
  File "/opt/homebrew/Cellar/python@3.11/3.11.13/Frameworks/Python.framework/Versions/3.11/lib/python3.11/concurrent/futures/thread.py", line 167, in submit
    raise RuntimeError('cannot schedule new futures after shutdown')
RuntimeError: cannot schedule new futures after shutdown
2026-04-11 08:42:27,887 [apscheduler.scheduler] ERROR: Error submitting job "TradingEngine._trading_cycle (trigger: interval[0:00:30], next run at: 2026-04-11 08:42:27 PKT)" to executor "default"
Traceback (most recent call last):
  File "/Users/ahmed/Downloads/evotrade_final/venv/lib/python3.11/site-packages/apscheduler/schedulers/base.py", line 1195, in _process_jobs
    executor.submit_job(job, run_times)
  File "/Users/ahmed/Downloads/evotrade_final/venv/lib/python3.11/site-packages/apscheduler/executors/base.py", line 74, in submit_job
    self._do_submit_job(job, run_times)
  File "/Users/ahmed/Downloads/evotrade_final/venv/lib/python3.11/site-packages/apscheduler/executors/pool.py", line 27, in _do_submit_job
    f = self._pool.submit(
        ^^^^^^^^^^^^^^^^^^
  File "/opt/homebrew/Cellar/python@3.11/3.11.13/Frameworks/Python.framework/Versions/3.11/lib/python3.11/concurrent/futures/thread.py", line 167, in submit
    raise RuntimeError('cannot schedule new futures after shutdown')
RuntimeError: cannot schedule new futures after shutdown
2026-04-11 08:42:57,888 [apscheduler.scheduler] ERROR: Error submitting job "TradingEngine._trading_cycle (trigger: interval[0:00:30], next run at: 2026-04-11 08:42:57 PKT)" to executor "default"
Traceback (most recent call last):
  File "/Users/ahmed/Downloads/evotrade_final/venv/lib/python3.11/site-packages/apscheduler/schedulers/base.py", line 1195, in _process_jobs
    executor.submit_job(job, run_times)
  File "/Users/ahmed/Downloads/evotrade_final/venv/lib/python3.11/site-packages/apscheduler/executors/base.py", line 74, in submit_job
    self._do_submit_job(job, run_times)
  File "/Users/ahmed/Downloads/evotrade_final/venv/lib/python3.11/site-packages/apscheduler/executors/pool.py", line 27, in _do_submit_job
    f = self._pool.submit(
        ^^^^^^^^^^^^^^^^^^
  File "/opt/homebrew/Cellar/python@3.11/3.11.13/Frameworks/Python.framework/Versions/3.11/lib/python3.11/concurrent/futures/thread.py", line 167, in submit
    raise RuntimeError('cannot schedule new futures after shutdown')
RuntimeError: cannot schedule new futures after shutdown
2026-04-11 08:43:27,888 [apscheduler.scheduler] ERROR: Error submitting job "TradingEngine._trading_cycle (trigger: interval[0:00:30], next run at: 2026-04-11 08:43:27 PKT)" to executor "default"
Traceback (most recent call last):
  File "/Users/ahmed/Downloads/evotrade_final/venv/lib/python3.11/site-packages/apscheduler/schedulers/base.py", line 1195, in _process_jobs
    executor.submit_job(job, run_times)
  File "/Users/ahmed/Downloads/evotrade_final/venv/lib/python3.11/site-packages/apscheduler/executors/base.py", line 74, in submit_job
    self._do_submit_job(job, run_times)
  File "/Users/ahmed/Downloads/evotrade_final/venv/lib/python3.11/site-packages/apscheduler/executors/pool.py", line 27, in _do_submit_job
    f = self._pool.submit(
        ^^^^^^^^^^^^^^^^^^
  File "/opt/homebrew/Cellar/python@3.11/3.11.13/Frameworks/Python.framework/Versions/3.11/lib/python3.11/concurrent/futures/thread.py", line 167, in submit
    raise RuntimeError('cannot schedule new futures after shutdown')
RuntimeError: cannot schedule new futures after shutdown
2026-04-11 08:43:57,886 [apscheduler.scheduler] ERROR: Error submitting job "TradingEngine._trading_cycle (trigger: interval[0:00:30], next run at: 2026-04-11 08:43:57 PKT)" to executor "default"
Traceback (most recent call last):
  File "/Users/ahmed/Downloads/evotrade_final/venv/lib/python3.11/site-packages/apscheduler/schedulers/base.py", line 1195, in _process_jobs
    executor.submit_job(job, run_times)
  File "/Users/ahmed/Downloads/evotrade_final/venv/lib/python3.11/site-packages/apscheduler/executors/base.py", line 74, in submit_job
    self._do_submit_job(job, run_times)
  File "/Users/ahmed/Downloads/evotrade_final/venv/lib/python3.11/site-packages/apscheduler/executors/pool.py", line 27, in _do_submit_job
    f = self._pool.submit(
        ^^^^^^^^^^^^^^^^^^
  File "/opt/homebrew/Cellar/python@3.11/3.11.13/Frameworks/Python.framework/Versions/3.11/lib/python3.11/concurrent/futures/thread.py", line 167, in submit
    raise RuntimeError('cannot schedule new futures after shutdown')
RuntimeError: cannot schedule new futures after shutdown
2026-04-11 08:44:27,886 [apscheduler.scheduler] ERROR: Error submitting job "TradingEngine._trading_cycle (trigger: interval[0:00:30], next run at: 2026-04-11 08:44:27 PKT)" to executor "default"
Traceback (most recent call last):
  File "/Users/ahmed/Downloads/evotrade_final/venv/lib/python3.11/site-packages/apscheduler/schedulers/base.py", line 1195, in _process_jobs
    executor.submit_job(job, run_times)
  File "/Users/ahmed/Downloads/evotrade_final/venv/lib/python3.11/site-packages/apscheduler/executors/base.py", line 74, in submit_job
    self._do_submit_job(job, run_times)
  File "/Users/ahmed/Downloads/evotrade_final/venv/lib/python3.11/site-packages/apscheduler/executors/pool.py", line 27, in _do_submit_job
    f = self._pool.submit(
        ^^^^^^^^^^^^^^^^^^
  File "/opt/homebrew/Cellar/python@3.11/3.11.13/Frameworks/Python.framework/Versions/3.11/lib/python3.11/concurrent/futures/thread.py", line 167, in submit
    raise RuntimeError('cannot schedule new futures after shutdown')
RuntimeError: cannot schedule new futures after shutdown
2026-04-11 08:44:57,886 [apscheduler.scheduler] ERROR: Error submitting job "TradingEngine._trading_cycle (trigger: interval[0:00:30], next run at: 2026-04-11 08:44:57 PKT)" to executor "default"
Traceback (most recent call last):
  File "/Users/ahmed/Downloads/evotrade_final/venv/lib/python3.11/site-packages/apscheduler/schedulers/base.py", line 1195, in _process_jobs
    executor.submit_job(job, run_times)
  File "/Users/ahmed/Downloads/evotrade_final/venv/lib/python3.11/site-packages/apscheduler/executors/base.py", line 74, in submit_job
    self._do_submit_job(job, run_times)
  File "/Users/ahmed/Downloads/evotrade_final/venv/lib/python3.11/site-packages/apscheduler/executors/pool.py", line 27, in _do_submit_job
    f = self._pool.submit(
        ^^^^^^^^^^^^^^^^^^
  File "/opt/homebrew/Cellar/python@3.11/3.11.13/Frameworks/Python.framework/Versions/3.11/lib/python3.11/concurrent/futures/thread.py", line 167, in submit
    raise RuntimeError('cannot schedule new futures after shutdown')
RuntimeError: cannot schedule new futures after shutdown
2026-04-11 08:45:27,882 [apscheduler.scheduler] ERROR: Error submitting job "TradingEngine._trading_cycle (trigger: interval[0:00:30], next run at: 2026-04-11 08:45:27 PKT)" to executor "default"
Traceback (most recent call last):
  File "/Users/ahmed/Downloads/evotrade_final/venv/lib/python3.11/site-packages/apscheduler/schedulers/base.py", line 1195, in _process_jobs
    executor.submit_job(job, run_times)
  File "/Users/ahmed/Downloads/evotrade_final/venv/lib/python3.11/site-packages/apscheduler/executors/base.py", line 74, in submit_job
    self._do_submit_job(job, run_times)
  File "/Users/ahmed/Downloads/evotrade_final/venv/lib/python3.11/site-packages/apscheduler/executors/pool.py", line 27, in _do_submit_job
    f = self._pool.submit(
        ^^^^^^^^^^^^^^^^^^
  File "/opt/homebrew/Cellar/python@3.11/3.11.13/Frameworks/Python.framework/Versions/3.11/lib/python3.11/concurrent/futures/thread.py", line 167, in submit
    raise RuntimeError('cannot schedule new futures after shutdown')
RuntimeError: cannot schedule new futures after shutdown
2026-04-11 08:45:57,884 [apscheduler.scheduler] ERROR: Error submitting job "TradingEngine._trading_cycle (trigger: interval[0:00:30], next run at: 2026-04-11 08:45:57 PKT)" to executor "default"
Traceback (most recent call last):
  File "/Users/ahmed/Downloads/evotrade_final/venv/lib/python3.11/site-packages/apscheduler/schedulers/base.py", line 1195, in _process_jobs
    executor.submit_job(job, run_times)
  File "/Users/ahmed/Downloads/evotrade_final/venv/lib/python3.11/site-packages/apscheduler/executors/base.py", line 74, in submit_job
    self._do_submit_job(job, run_times)
  File "/Users/ahmed/Downloads/evotrade_final/venv/lib/python3.11/site-packages/apscheduler/executors/pool.py", line 27, in _do_submit_job
    f = self._pool.submit(
        ^^^^^^^^^^^^^^^^^^
  File "/opt/homebrew/Cellar/python@3.11/3.11.13/Frameworks/Python.framework/Versions/3.11/lib/python3.11/concurrent/futures/thread.py", line 167, in submit
    raise RuntimeError('cannot schedule new futures after shutdown')
RuntimeError: cannot schedule new futures after shutdown
2026-04-11 08:46:27,889 [apscheduler.scheduler] ERROR: Error submitting job "TradingEngine._trading_cycle (trigger: interval[0:00:30], next run at: 2026-04-11 08:46:27 PKT)" to executor "default"
Traceback (most recent call last):
  File "/Users/ahmed/Downloads/evotrade_final/venv/lib/python3.11/site-packages/apscheduler/schedulers/base.py", line 1195, in _process_jobs
    executor.submit_job(job, run_times)
  File "/Users/ahmed/Downloads/evotrade_final/venv/lib/python3.11/site-packages/apscheduler/executors/base.py", line 74, in submit_job
    self._do_submit_job(job, run_times)
  File "/Users/ahmed/Downloads/evotrade_final/venv/lib/python3.11/site-packages/apscheduler/executors/pool.py", line 27, in _do_submit_job
    f = self._pool.submit(
        ^^^^^^^^^^^^^^^^^^
  File "/opt/homebrew/Cellar/python@3.11/3.11.13/Frameworks/Python.framework/Versions/3.11/lib/python3.11/concurrent/futures/thread.py", line 167, in submit
    raise RuntimeError('cannot schedule new futures after shutdown')
RuntimeError: cannot schedule new futures after shutdown
2026-04-11 08:46:57,883 [apscheduler.scheduler] ERROR: Error submitting job "TradingEngine._trading_cycle (trigger: interval[0:00:30], next run at: 2026-04-11 08:46:57 PKT)" to executor "default"
Traceback (most recent call last):
  File "/Users/ahmed/Downloads/evotrade_final/venv/lib/python3.11/site-packages/apscheduler/schedulers/base.py", line 1195, in _process_jobs
    executor.submit_job(job, run_times)
  File "/Users/ahmed/Downloads/evotrade_final/venv/lib/python3.11/site-packages/apscheduler/executors/base.py", line 74, in submit_job
    self._do_submit_job(job, run_times)
  File "/Users/ahmed/Downloads/evotrade_final/venv/lib/python3.11/site-packages/apscheduler/executors/pool.py", line 27, in _do_submit_job
    f = self._pool.submit(
        ^^^^^^^^^^^^^^^^^^
  File "/opt/homebrew/Cellar/python@3.11/3.11.13/Frameworks/Python.framework/Versions/3.11/lib/python3.11/concurrent/futures/thread.py", line 167, in submit
    raise RuntimeError('cannot schedule new futures after shutdown')
RuntimeError: cannot schedule new futures after shutdown
2026-04-11 08:47:27,888 [apscheduler.scheduler] ERROR: Error submitting job "TradingEngine._trading_cycle (trigger: interval[0:00:30], next run at: 2026-04-11 08:47:27 PKT)" to executor "default"
Traceback (most recent call last):
  File "/Users/ahmed/Downloads/evotrade_final/venv/lib/python3.11/site-packages/apscheduler/schedulers/base.py", line 1195, in _process_jobs
    executor.submit_job(job, run_times)
  File "/Users/ahmed/Downloads/evotrade_final/venv/lib/python3.11/site-packages/apscheduler/executors/base.py", line 74, in submit_job
    self._do_submit_job(job, run_times)
  File "/Users/ahmed/Downloads/evotrade_final/venv/lib/python3.11/site-packages/apscheduler/executors/pool.py", line 27, in _do_submit_job
    f = self._pool.submit(
        ^^^^^^^^^^^^^^^^^^
  File "/opt/homebrew/Cellar/python@3.11/3.11.13/Frameworks/Python.framework/Versions/3.11/lib/python3.11/concurrent/futures/thread.py", line 167, in submit
    raise RuntimeError('cannot schedule new futures after shutdown')
RuntimeError: cannot schedule new futures after shutdown
2026-04-11 08:47:57,883 [apscheduler.scheduler] ERROR: Error submitting job "TradingEngine._trading_cycle (trigger: interval[0:00:30], next run at: 2026-04-11 08:47:57 PKT)" to executor "default"
Traceback (most recent call last):
  File "/Users/ahmed/Downloads/evotrade_final/venv/lib/python3.11/site-packages/apscheduler/schedulers/base.py", line 1195, in _process_jobs
    executor.submit_job(job, run_times)
  File "/Users/ahmed/Downloads/evotrade_final/venv/lib/python3.11/site-packages/apscheduler/executors/base.py", line 74, in submit_job
    self._do_submit_job(job, run_times)
  File "/Users/ahmed/Downloads/evotrade_final/venv/lib/python3.11/site-packages/apscheduler/executors/pool.py", line 27, in _do_submit_job
    f = self._pool.submit(
        ^^^^^^^^^^^^^^^^^^
  File "/opt/homebrew/Cellar/python@3.11/3.11.13/Frameworks/Python.framework/Versions/3.11/lib/python3.11/concurrent/futures/thread.py", line 167, in submit
    raise RuntimeError('cannot schedule new futures after shutdown')
RuntimeError: cannot schedule new futures after shutdown
2026-04-11 08:48:27,885 [apscheduler.scheduler] ERROR: Error submitting job "TradingEngine._trading_cycle (trigger: interval[0:00:30], next run at: 2026-04-11 08:48:27 PKT)" to executor "default"
Traceback (most recent call last):
  File "/Users/ahmed/Downloads/evotrade_final/venv/lib/python3.11/site-packages/apscheduler/schedulers/base.py", line 1195, in _process_jobs
    executor.submit_job(job, run_times)
  File "/Users/ahmed/Downloads/evotrade_final/venv/lib/python3.11/site-packages/apscheduler/executors/base.py", line 74, in submit_job
    self._do_submit_job(job, run_times)
  File "/Users/ahmed/Downloads/evotrade_final/venv/lib/python3.11/site-packages/apscheduler/executors/pool.py", line 27, in _do_submit_job
    f = self._pool.submit(
        ^^^^^^^^^^^^^^^^^^
  File "/opt/homebrew/Cellar/python@3.11/3.11.13/Frameworks/Python.framework/Versions/3.11/lib/python3.11/concurrent/futures/thread.py", line 167, in submit
    raise RuntimeError('cannot schedule new futures after shutdown')
RuntimeError: cannot schedule new futures after shutdown
2026-04-11 08:48:57,884 [apscheduler.scheduler] ERROR: Error submitting job "TradingEngine._trading_cycle (trigger: interval[0:00:30], next run at: 2026-04-11 08:48:57 PKT)" to executor "default"
Traceback (most recent call last):
  File "/Users/ahmed/Downloads/evotrade_final/venv/lib/python3.11/site-packages/apscheduler/schedulers/base.py", line 1195, in _process_jobs
    executor.submit_job(job, run_times)
  File "/Users/ahmed/Downloads/evotrade_final/venv/lib/python3.11/site-packages/apscheduler/executors/base.py", line 74, in submit_job
    self._do_submit_job(job, run_times)
  File "/Users/ahmed/Downloads/evotrade_final/venv/lib/python3.11/site-packages/apscheduler/executors/pool.py", line 27, in _do_submit_job
    f = self._pool.submit(
        ^^^^^^^^^^^^^^^^^^
  File "/opt/homebrew/Cellar/python@3.11/3.11.13/Frameworks/Python.framework/Versions/3.11/lib/python3.11/concurrent/futures/thread.py", line 167, in submit
    raise RuntimeError('cannot schedule new futures after shutdown')
RuntimeError: cannot schedule new futures after shutdown
2026-04-11 08:49:27,884 [apscheduler.scheduler] ERROR: Error submitting job "TradingEngine._trading_cycle (trigger: interval[0:00:30], next run at: 2026-04-11 08:49:27 PKT)" to executor "default"
Traceback (most recent call last):
  File "/Users/ahmed/Downloads/evotrade_final/venv/lib/python3.11/site-packages/apscheduler/schedulers/base.py", line 1195, in _process_jobs
    executor.submit_job(job, run_times)
  File "/Users/ahmed/Downloads/evotrade_final/venv/lib/python3.11/site-packages/apscheduler/executors/base.py", line 74, in submit_job
    self._do_submit_job(job, run_times)
  File "/Users/ahmed/Downloads/evotrade_final/venv/lib/python3.11/site-packages/apscheduler/executors/pool.py", line 27, in _do_submit_job
    f = self._pool.submit(
        ^^^^^^^^^^^^^^^^^^
  File "/opt/homebrew/Cellar/python@3.11/3.11.13/Frameworks/Python.framework/Versions/3.11/lib/python3.11/concurrent/futures/thread.py", line 167, in submit
    raise RuntimeError('cannot schedule new futures after shutdown')
RuntimeError: cannot schedule new futures after shutdown
2026-04-11 08:49:57,883 [apscheduler.scheduler] ERROR: Error submitting job "TradingEngine._trading_cycle (trigger: interval[0:00:30], next run at: 2026-04-11 08:49:57 PKT)" to executor "default"
Traceback (most recent call last):
  File "/Users/ahmed/Downloads/evotrade_final/venv/lib/python3.11/site-packages/apscheduler/schedulers/base.py", line 1195, in _process_jobs
    executor.submit_job(job, run_times)
  File "/Users/ahmed/Downloads/evotrade_final/venv/lib/python3.11/site-packages/apscheduler/executors/base.py", line 74, in submit_job
    self._do_submit_job(job, run_times)
  File "/Users/ahmed/Downloads/evotrade_final/venv/lib/python3.11/site-packages/apscheduler/executors/pool.py", line 27, in _do_submit_job
    f = self._pool.submit(
        ^^^^^^^^^^^^^^^^^^
  File "/opt/homebrew/Cellar/python@3.11/3.11.13/Frameworks/Python.framework/Versions/3.11/lib/python3.11/concurrent/futures/thread.py", line 167, in submit
    raise RuntimeError('cannot schedule new futures after shutdown')
RuntimeError: cannot schedule new futures after shutdown
2026-04-11 08:50:27,887 [apscheduler.scheduler] ERROR: Error submitting job "TradingEngine._trading_cycle (trigger: interval[0:00:30], next run at: 2026-04-11 08:50:27 PKT)" to executor "default"
Traceback (most recent call last):
  File "/Users/ahmed/Downloads/evotrade_final/venv/lib/python3.11/site-packages/apscheduler/schedulers/base.py", line 1195, in _process_jobs
    executor.submit_job(job, run_times)
  File "/Users/ahmed/Downloads/evotrade_final/venv/lib/python3.11/site-packages/apscheduler/executors/base.py", line 74, in submit_job
    self._do_submit_job(job, run_times)
  File "/Users/ahmed/Downloads/evotrade_final/venv/lib/python3.11/site-packages/apscheduler/executors/pool.py", line 27, in _do_submit_job
    f = self._pool.submit(
        ^^^^^^^^^^^^^^^^^^
  File "/opt/homebrew/Cellar/python@3.11/3.11.13/Frameworks/Python.framework/Versions/3.11/lib/python3.11/concurrent/futures/thread.py", line 167, in submit
    raise RuntimeError('cannot schedule new futures after shutdown')
RuntimeError: cannot schedule new futures after shutdown
2026-04-11 08:50:57,888 [apscheduler.scheduler] ERROR: Error submitting job "TradingEngine._trading_cycle (trigger: interval[0:00:30], next run at: 2026-04-11 08:50:57 PKT)" to executor "default"
Traceback (most recent call last):
  File "/Users/ahmed/Downloads/evotrade_final/venv/lib/python3.11/site-packages/apscheduler/schedulers/base.py", line 1195, in _process_jobs
    executor.submit_job(job, run_times)
  File "/Users/ahmed/Downloads/evotrade_final/venv/lib/python3.11/site-packages/apscheduler/executors/base.py", line 74, in submit_job
    self._do_submit_job(job, run_times)
  File "/Users/ahmed/Downloads/evotrade_final/venv/lib/python3.11/site-packages/apscheduler/executors/pool.py", line 27, in _do_submit_job
    f = self._pool.submit(
        ^^^^^^^^^^^^^^^^^^
  File "/opt/homebrew/Cellar/python@3.11/3.11.13/Frameworks/Python.framework/Versions/3.11/lib/python3.11/concurrent/futures/thread.py", line 167, in submit
    raise RuntimeError('cannot schedule new futures after shutdown')
RuntimeError: cannot schedule new futures after shutdown
2026-04-11 08:51:27,887 [apscheduler.scheduler] ERROR: Error submitting job "TradingEngine._trading_cycle (trigger: interval[0:00:30], next run at: 2026-04-11 08:51:27 PKT)" to executor "default"
Traceback (most recent call last):
  File "/Users/ahmed/Downloads/evotrade_final/venv/lib/python3.11/site-packages/apscheduler/schedulers/base.py", line 1195, in _process_jobs
    executor.submit_job(job, run_times)
  File "/Users/ahmed/Downloads/evotrade_final/venv/lib/python3.11/site-packages/apscheduler/executors/base.py", line 74, in submit_job
    self._do_submit_job(job, run_times)
  File "/Users/ahmed/Downloads/evotrade_final/venv/lib/python3.11/site-packages/apscheduler/executors/pool.py", line 27, in _do_submit_job
    f = self._pool.submit(
        ^^^^^^^^^^^^^^^^^^
  File "/opt/homebrew/Cellar/python@3.11/3.11.13/Frameworks/Python.framework/Versions/3.11/lib/python3.11/concurrent/futures/thread.py", line 167, in submit
    raise RuntimeError('cannot schedule new futures after shutdown')
RuntimeError: cannot schedule new futures after shutdown
2026-04-11 08:51:57,904 [apscheduler.scheduler] ERROR: Error submitting job "TradingEngine._trading_cycle (trigger: interval[0:00:30], next run at: 2026-04-11 08:51:57 PKT)" to executor "default"
Traceback (most recent call last):
  File "/Users/ahmed/Downloads/evotrade_final/venv/lib/python3.11/site-packages/apscheduler/schedulers/base.py", line 1195, in _process_jobs
    executor.submit_job(job, run_times)
  File "/Users/ahmed/Downloads/evotrade_final/venv/lib/python3.11/site-packages/apscheduler/executors/base.py", line 74, in submit_job
    self._do_submit_job(job, run_times)
  File "/Users/ahmed/Downloads/evotrade_final/venv/lib/python3.11/site-packages/apscheduler/executors/pool.py", line 27, in _do_submit_job
    f = self._pool.submit(
        ^^^^^^^^^^^^^^^^^^
  File "/opt/homebrew/Cellar/python@3.11/3.11.13/Frameworks/Python.framework/Versions/3.11/lib/python3.11/concurrent/futures/thread.py", line 167, in submit
    raise RuntimeError('cannot schedule new futures after shutdown')
RuntimeError: cannot schedule new futures after shutdown
2026-04-11 08:52:27,888 [apscheduler.scheduler] ERROR: Error submitting job "TradingEngine._trading_cycle (trigger: interval[0:00:30], next run at: 2026-04-11 08:52:27 PKT)" to executor "default"
Traceback (most recent call last):
  File "/Users/ahmed/Downloads/evotrade_final/venv/lib/python3.11/site-packages/apscheduler/schedulers/base.py", line 1195, in _process_jobs
    executor.submit_job(job, run_times)
  File "/Users/ahmed/Downloads/evotrade_final/venv/lib/python3.11/site-packages/apscheduler/executors/base.py", line 74, in submit_job
    self._do_submit_job(job, run_times)
  File "/Users/ahmed/Downloads/evotrade_final/venv/lib/python3.11/site-packages/apscheduler/executors/pool.py", line 27, in _do_submit_job
    f = self._pool.submit(
        ^^^^^^^^^^^^^^^^^^
  File "/opt/homebrew/Cellar/python@3.11/3.11.13/Frameworks/Python.framework/Versions/3.11/lib/python3.11/concurrent/futures/thread.py", line 167, in submit
    raise RuntimeError('cannot schedule new futures after shutdown')
RuntimeError: cannot schedule new futures after shutdown
2026-04-11 08:52:57,885 [apscheduler.scheduler] ERROR: Error submitting job "TradingEngine._trading_cycle (trigger: interval[0:00:30], next run at: 2026-04-11 08:52:57 PKT)" to executor "default"
Traceback (most recent call last):
  File "/Users/ahmed/Downloads/evotrade_final/venv/lib/python3.11/site-packages/apscheduler/schedulers/base.py", line 1195, in _process_jobs
    executor.submit_job(job, run_times)
  File "/Users/ahmed/Downloads/evotrade_final/venv/lib/python3.11/site-packages/apscheduler/executors/base.py", line 74, in submit_job
    self._do_submit_job(job, run_times)
  File "/Users/ahmed/Downloads/evotrade_final/venv/lib/python3.11/site-packages/apscheduler/executors/pool.py", line 27, in _do_submit_job
    f = self._pool.submit(
        ^^^^^^^^^^^^^^^^^^
  File "/opt/homebrew/Cellar/python@3.11/3.11.13/Frameworks/Python.framework/Versions/3.11/lib/python3.11/concurrent/futures/thread.py", line 167, in submit
    raise RuntimeError('cannot schedule new futures after shutdown')
RuntimeError: cannot schedule new futures after shutdown
2026-04-11 08:53:27,882 [apscheduler.scheduler] ERROR: Error submitting job "TradingEngine._trading_cycle (trigger: interval[0:00:30], next run at: 2026-04-11 08:53:27 PKT)" to executor "default"
Traceback (most recent call last):
  File "/Users/ahmed/Downloads/evotrade_final/venv/lib/python3.11/site-packages/apscheduler/schedulers/base.py", line 1195, in _process_jobs
    executor.submit_job(job, run_times)
  File "/Users/ahmed/Downloads/evotrade_final/venv/lib/python3.11/site-packages/apscheduler/executors/base.py", line 74, in submit_job
    self._do_submit_job(job, run_times)
  File "/Users/ahmed/Downloads/evotrade_final/venv/lib/python3.11/site-packages/apscheduler/executors/pool.py", line 27, in _do_submit_job
    f = self._pool.submit(
        ^^^^^^^^^^^^^^^^^^
  File "/opt/homebrew/Cellar/python@3.11/3.11.13/Frameworks/Python.framework/Versions/3.11/lib/python3.11/concurrent/futures/thread.py", line 167, in submit
    raise RuntimeError('cannot schedule new futures after shutdown')
RuntimeError: cannot schedule new futures after shutdown
2026-04-11 08:53:57,884 [apscheduler.scheduler] ERROR: Error submitting job "TradingEngine._trading_cycle (trigger: interval[0:00:30], next run at: 2026-04-11 08:53:57 PKT)" to executor "default"
Traceback (most recent call last):
  File "/Users/ahmed/Downloads/evotrade_final/venv/lib/python3.11/site-packages/apscheduler/schedulers/base.py", line 1195, in _process_jobs
    executor.submit_job(job, run_times)
  File "/Users/ahmed/Downloads/evotrade_final/venv/lib/python3.11/site-packages/apscheduler/executors/base.py", line 74, in submit_job
    self._do_submit_job(job, run_times)
  File "/Users/ahmed/Downloads/evotrade_final/venv/lib/python3.11/site-packages/apscheduler/executors/pool.py", line 27, in _do_submit_job
    f = self._pool.submit(
        ^^^^^^^^^^^^^^^^^^
  File "/opt/homebrew/Cellar/python@3.11/3.11.13/Frameworks/Python.framework/Versions/3.11/lib/python3.11/concurrent/futures/thread.py", line 167, in submit
    raise RuntimeError('cannot schedule new futures after shutdown')
RuntimeError: cannot schedule new futures after shutdown
2026-04-11 08:54:27,890 [apscheduler.scheduler] ERROR: Error submitting job "TradingEngine._trading_cycle (trigger: interval[0:00:30], next run at: 2026-04-11 08:54:27 PKT)" to executor "default"
Traceback (most recent call last):
  File "/Users/ahmed/Downloads/evotrade_final/venv/lib/python3.11/site-packages/apscheduler/schedulers/base.py", line 1195, in _process_jobs
    executor.submit_job(job, run_times)
  File "/Users/ahmed/Downloads/evotrade_final/venv/lib/python3.11/site-packages/apscheduler/executors/base.py", line 74, in submit_job
    self._do_submit_job(job, run_times)
  File "/Users/ahmed/Downloads/evotrade_final/venv/lib/python3.11/site-packages/apscheduler/executors/pool.py", line 27, in _do_submit_job
    f = self._pool.submit(
        ^^^^^^^^^^^^^^^^^^
  File "/opt/homebrew/Cellar/python@3.11/3.11.13/Frameworks/Python.framework/Versions/3.11/lib/python3.11/concurrent/futures/thread.py", line 167, in submit
    raise RuntimeError('cannot schedule new futures after shutdown')
RuntimeError: cannot schedule new futures after shutdown
2026-04-11 08:54:57,891 [apscheduler.scheduler] ERROR: Error submitting job "TradingEngine._trading_cycle (trigger: interval[0:00:30], next run at: 2026-04-11 08:54:57 PKT)" to executor "default"
Traceback (most recent call last):
  File "/Users/ahmed/Downloads/evotrade_final/venv/lib/python3.11/site-packages/apscheduler/schedulers/base.py", line 1195, in _process_jobs
    executor.submit_job(job, run_times)
  File "/Users/ahmed/Downloads/evotrade_final/venv/lib/python3.11/site-packages/apscheduler/executors/base.py", line 74, in submit_job
    self._do_submit_job(job, run_times)
  File "/Users/ahmed/Downloads/evotrade_final/venv/lib/python3.11/site-packages/apscheduler/executors/pool.py", line 27, in _do_submit_job
    f = self._pool.submit(
        ^^^^^^^^^^^^^^^^^^
  File "/opt/homebrew/Cellar/python@3.11/3.11.13/Frameworks/Python.framework/Versions/3.11/lib/python3.11/concurrent/futures/thread.py", line 167, in submit
    raise RuntimeError('cannot schedule new futures after shutdown')
RuntimeError: cannot schedule new futures after shutdown
2026-04-11 08:55:27,882 [apscheduler.scheduler] ERROR: Error submitting job "TradingEngine._trading_cycle (trigger: interval[0:00:30], next run at: 2026-04-11 08:55:27 PKT)" to executor "default"
Traceback (most recent call last):
  File "/Users/ahmed/Downloads/evotrade_final/venv/lib/python3.11/site-packages/apscheduler/schedulers/base.py", line 1195, in _process_jobs
    executor.submit_job(job, run_times)
  File "/Users/ahmed/Downloads/evotrade_final/venv/lib/python3.11/site-packages/apscheduler/executors/base.py", line 74, in submit_job
    self._do_submit_job(job, run_times)
  File "/Users/ahmed/Downloads/evotrade_final/venv/lib/python3.11/site-packages/apscheduler/executors/pool.py", line 27, in _do_submit_job
    f = self._pool.submit(
        ^^^^^^^^^^^^^^^^^^
  File "/opt/homebrew/Cellar/python@3.11/3.11.13/Frameworks/Python.framework/Versions/3.11/lib/python3.11/concurrent/futures/thread.py", line 167, in submit
    raise RuntimeError('cannot schedule new futures after shutdown')
RuntimeError: cannot schedule new futures after shutdown
2026-04-11 08:55:57,888 [apscheduler.scheduler] ERROR: Error submitting job "TradingEngine._trading_cycle (trigger: interval[0:00:30], next run at: 2026-04-11 08:55:57 PKT)" to executor "default"
Traceback (most recent call last):
  File "/Users/ahmed/Downloads/evotrade_final/venv/lib/python3.11/site-packages/apscheduler/schedulers/base.py", line 1195, in _process_jobs
    executor.submit_job(job, run_times)
  File "/Users/ahmed/Downloads/evotrade_final/venv/lib/python3.11/site-packages/apscheduler/executors/base.py", line 74, in submit_job
    self._do_submit_job(job, run_times)
  File "/Users/ahmed/Downloads/evotrade_final/venv/lib/python3.11/site-packages/apscheduler/executors/pool.py", line 27, in _do_submit_job
    f = self._pool.submit(
        ^^^^^^^^^^^^^^^^^^
  File "/opt/homebrew/Cellar/python@3.11/3.11.13/Frameworks/Python.framework/Versions/3.11/lib/python3.11/concurrent/futures/thread.py", line 167, in submit
    raise RuntimeError('cannot schedule new futures after shutdown')
RuntimeError: cannot schedule new futures after shutdown
2026-04-11 08:56:27,882 [apscheduler.scheduler] ERROR: Error submitting job "TradingEngine._trading_cycle (trigger: interval[0:00:30], next run at: 2026-04-11 08:56:27 PKT)" to executor "default"
Traceback (most recent call last):
  File "/Users/ahmed/Downloads/evotrade_final/venv/lib/python3.11/site-packages/apscheduler/schedulers/base.py", line 1195, in _process_jobs
    executor.submit_job(job, run_times)
  File "/Users/ahmed/Downloads/evotrade_final/venv/lib/python3.11/site-packages/apscheduler/executors/base.py", line 74, in submit_job
    self._do_submit_job(job, run_times)
  File "/Users/ahmed/Downloads/evotrade_final/venv/lib/python3.11/site-packages/apscheduler/executors/pool.py", line 27, in _do_submit_job
    f = self._pool.submit(
        ^^^^^^^^^^^^^^^^^^
  File "/opt/homebrew/Cellar/python@3.11/3.11.13/Frameworks/Python.framework/Versions/3.11/lib/python3.11/concurrent/futures/thread.py", line 167, in submit
    raise RuntimeError('cannot schedule new futures after shutdown')
RuntimeError: cannot schedule new futures after shutdown
2026-04-11 08:56:57,885 [apscheduler.scheduler] ERROR: Error submitting job "TradingEngine._trading_cycle (trigger: interval[0:00:30], next run at: 2026-04-11 08:56:57 PKT)" to executor "default"
Traceback (most recent call last):
  File "/Users/ahmed/Downloads/evotrade_final/venv/lib/python3.11/site-packages/apscheduler/schedulers/base.py", line 1195, in _process_jobs
    executor.submit_job(job, run_times)
  File "/Users/ahmed/Downloads/evotrade_final/venv/lib/python3.11/site-packages/apscheduler/executors/base.py", line 74, in submit_job
    self._do_submit_job(job, run_times)
  File "/Users/ahmed/Downloads/evotrade_final/venv/lib/python3.11/site-packages/apscheduler/executors/pool.py", line 27, in _do_submit_job
    f = self._pool.submit(
        ^^^^^^^^^^^^^^^^^^
  File "/opt/homebrew/Cellar/python@3.11/3.11.13/Frameworks/Python.framework/Versions/3.11/lib/python3.11/concurrent/futures/thread.py", line 167, in submit
    raise RuntimeError('cannot schedule new futures after shutdown')
RuntimeError: cannot schedule new futures after shutdown
2026-04-11 08:57:27,891 [apscheduler.scheduler] ERROR: Error submitting job "TradingEngine._trading_cycle (trigger: interval[0:00:30], next run at: 2026-04-11 08:57:27 PKT)" to executor "default"
Traceback (most recent call last):
  File "/Users/ahmed/Downloads/evotrade_final/venv/lib/python3.11/site-packages/apscheduler/schedulers/base.py", line 1195, in _process_jobs
    executor.submit_job(job, run_times)
  File "/Users/ahmed/Downloads/evotrade_final/venv/lib/python3.11/site-packages/apscheduler/executors/base.py", line 74, in submit_job
    self._do_submit_job(job, run_times)
  File "/Users/ahmed/Downloads/evotrade_final/venv/lib/python3.11/site-packages/apscheduler/executors/pool.py", line 27, in _do_submit_job
    f = self._pool.submit(
        ^^^^^^^^^^^^^^^^^^
  File "/opt/homebrew/Cellar/python@3.11/3.11.13/Frameworks/Python.framework/Versions/3.11/lib/python3.11/concurrent/futures/thread.py", line 167, in submit
    raise RuntimeError('cannot schedule new futures after shutdown')
RuntimeError: cannot schedule new futures after shutdown
2026-04-11 08:57:57,889 [apscheduler.scheduler] ERROR: Error submitting job "TradingEngine._trading_cycle (trigger: interval[0:00:30], next run at: 2026-04-11 08:57:57 PKT)" to executor "default"
Traceback (most recent call last):
  File "/Users/ahmed/Downloads/evotrade_final/venv/lib/python3.11/site-packages/apscheduler/schedulers/base.py", line 1195, in _process_jobs
    executor.submit_job(job, run_times)
  File "/Users/ahmed/Downloads/evotrade_final/venv/lib/python3.11/site-packages/apscheduler/executors/base.py", line 74, in submit_job
    self._do_submit_job(job, run_times)
  File "/Users/ahmed/Downloads/evotrade_final/venv/lib/python3.11/site-packages/apscheduler/executors/pool.py", line 27, in _do_submit_job
    f = self._pool.submit(
        ^^^^^^^^^^^^^^^^^^
  File "/opt/homebrew/Cellar/python@3.11/3.11.13/Frameworks/Python.framework/Versions/3.11/lib/python3.11/concurrent/futures/thread.py", line 167, in submit
    raise RuntimeError('cannot schedule new futures after shutdown')
RuntimeError: cannot schedule new futures after shutdown
2026-04-11 08:58:27,883 [apscheduler.scheduler] ERROR: Error submitting job "TradingEngine._trading_cycle (trigger: interval[0:00:30], next run at: 2026-04-11 08:58:27 PKT)" to executor "default"
Traceback (most recent call last):
  File "/Users/ahmed/Downloads/evotrade_final/venv/lib/python3.11/site-packages/apscheduler/schedulers/base.py", line 1195, in _process_jobs
    executor.submit_job(job, run_times)
  File "/Users/ahmed/Downloads/evotrade_final/venv/lib/python3.11/site-packages/apscheduler/executors/base.py", line 74, in submit_job
    self._do_submit_job(job, run_times)
  File "/Users/ahmed/Downloads/evotrade_final/venv/lib/python3.11/site-packages/apscheduler/executors/pool.py", line 27, in _do_submit_job
    f = self._pool.submit(
        ^^^^^^^^^^^^^^^^^^
  File "/opt/homebrew/Cellar/python@3.11/3.11.13/Frameworks/Python.framework/Versions/3.11/lib/python3.11/concurrent/futures/thread.py", line 167, in submit
    raise RuntimeError('cannot schedule new futures after shutdown')
RuntimeError: cannot schedule new futures after shutdown
2026-04-11 08:58:57,884 [apscheduler.scheduler] ERROR: Error submitting job "TradingEngine._trading_cycle (trigger: interval[0:00:30], next run at: 2026-04-11 08:58:57 PKT)" to executor "default"
Traceback (most recent call last):
  File "/Users/ahmed/Downloads/evotrade_final/venv/lib/python3.11/site-packages/apscheduler/schedulers/base.py", line 1195, in _process_jobs
    executor.submit_job(job, run_times)
  File "/Users/ahmed/Downloads/evotrade_final/venv/lib/python3.11/site-packages/apscheduler/executors/base.py", line 74, in submit_job
    self._do_submit_job(job, run_times)
  File "/Users/ahmed/Downloads/evotrade_final/venv/lib/python3.11/site-packages/apscheduler/executors/pool.py", line 27, in _do_submit_job
    f = self._pool.submit(
        ^^^^^^^^^^^^^^^^^^
  File "/opt/homebrew/Cellar/python@3.11/3.11.13/Frameworks/Python.framework/Versions/3.11/lib/python3.11/concurrent/futures/thread.py", line 167, in submit
    raise RuntimeError('cannot schedule new futures after shutdown')
RuntimeError: cannot schedule new futures after shutdown
2026-04-11 08:59:27,886 [apscheduler.scheduler] ERROR: Error submitting job "TradingEngine._trading_cycle (trigger: interval[0:00:30], next run at: 2026-04-11 08:59:27 PKT)" to executor "default"
Traceback (most recent call last):
  File "/Users/ahmed/Downloads/evotrade_final/venv/lib/python3.11/site-packages/apscheduler/schedulers/base.py", line 1195, in _process_jobs
    executor.submit_job(job, run_times)
  File "/Users/ahmed/Downloads/evotrade_final/venv/lib/python3.11/site-packages/apscheduler/executors/base.py", line 74, in submit_job
    self._do_submit_job(job, run_times)
  File "/Users/ahmed/Downloads/evotrade_final/venv/lib/python3.11/site-packages/apscheduler/executors/pool.py", line 27, in _do_submit_job
    f = self._pool.submit(
        ^^^^^^^^^^^^^^^^^^
  File "/opt/homebrew/Cellar/python@3.11/3.11.13/Frameworks/Python.framework/Versions/3.11/lib/python3.11/concurrent/futures/thread.py", line 167, in submit
    raise RuntimeError('cannot schedule new futures after shutdown')
RuntimeError: cannot schedule new futures after shutdown
2026-04-11 08:59:57,885 [apscheduler.scheduler] ERROR: Error submitting job "TradingEngine._trading_cycle (trigger: interval[0:00:30], next run at: 2026-04-11 08:59:57 PKT)" to executor "default"
Traceback (most recent call last):
  File "/Users/ahmed/Downloads/evotrade_final/venv/lib/python3.11/site-packages/apscheduler/schedulers/base.py", line 1195, in _process_jobs
    executor.submit_job(job, run_times)
  File "/Users/ahmed/Downloads/evotrade_final/venv/lib/python3.11/site-packages/apscheduler/executors/base.py", line 74, in submit_job
    self._do_submit_job(job, run_times)
  File "/Users/ahmed/Downloads/evotrade_final/venv/lib/python3.11/site-packages/apscheduler/executors/pool.py", line 27, in _do_submit_job
    f = self._pool.submit(
        ^^^^^^^^^^^^^^^^^^
  File "/opt/homebrew/Cellar/python@3.11/3.11.13/Frameworks/Python.framework/Versions/3.11/lib/python3.11/concurrent/futures/thread.py", line 167, in submit
    raise RuntimeError('cannot schedule new futures after shutdown')
RuntimeError: cannot schedule new futures after shutdown
2026-04-11 09:00:27,883 [apscheduler.scheduler] ERROR: Error submitting job "TradingEngine._trading_cycle (trigger: interval[0:00:30], next run at: 2026-04-11 09:00:27 PKT)" to executor "default"
Traceback (most recent call last):
  File "/Users/ahmed/Downloads/evotrade_final/venv/lib/python3.11/site-packages/apscheduler/schedulers/base.py", line 1195, in _process_jobs
    executor.submit_job(job, run_times)
  File "/Users/ahmed/Downloads/evotrade_final/venv/lib/python3.11/site-packages/apscheduler/executors/base.py", line 74, in submit_job
    self._do_submit_job(job, run_times)
  File "/Users/ahmed/Downloads/evotrade_final/venv/lib/python3.11/site-packages/apscheduler/executors/pool.py", line 27, in _do_submit_job
    f = self._pool.submit(
        ^^^^^^^^^^^^^^^^^^
  File "/opt/homebrew/Cellar/python@3.11/3.11.13/Frameworks/Python.framework/Versions/3.11/lib/python3.11/concurrent/futures/thread.py", line 167, in submit
    raise RuntimeError('cannot schedule new futures after shutdown')
RuntimeError: cannot schedule new futures after shutdown
2026-04-11 09:00:57,883 [apscheduler.scheduler] ERROR: Error submitting job "TradingEngine._trading_cycle (trigger: interval[0:00:30], next run at: 2026-04-11 09:00:57 PKT)" to executor "default"
Traceback (most recent call last):
  File "/Users/ahmed/Downloads/evotrade_final/venv/lib/python3.11/site-packages/apscheduler/schedulers/base.py", line 1195, in _process_jobs
    executor.submit_job(job, run_times)
  File "/Users/ahmed/Downloads/evotrade_final/venv/lib/python3.11/site-packages/apscheduler/executors/base.py", line 74, in submit_job
    self._do_submit_job(job, run_times)
  File "/Users/ahmed/Downloads/evotrade_final/venv/lib/python3.11/site-packages/apscheduler/executors/pool.py", line 27, in _do_submit_job
    f = self._pool.submit(
        ^^^^^^^^^^^^^^^^^^
  File "/opt/homebrew/Cellar/python@3.11/3.11.13/Frameworks/Python.framework/Versions/3.11/lib/python3.11/concurrent/futures/thread.py", line 167, in submit
    raise RuntimeError('cannot schedule new futures after shutdown')
RuntimeError: cannot schedule new futures after shutdown
2026-04-11 09:01:27,887 [apscheduler.scheduler] ERROR: Error submitting job "TradingEngine._trading_cycle (trigger: interval[0:00:30], next run at: 2026-04-11 09:01:27 PKT)" to executor "default"
Traceback (most recent call last):
  File "/Users/ahmed/Downloads/evotrade_final/venv/lib/python3.11/site-packages/apscheduler/schedulers/base.py", line 1195, in _process_jobs
    executor.submit_job(job, run_times)
  File "/Users/ahmed/Downloads/evotrade_final/venv/lib/python3.11/site-packages/apscheduler/executors/base.py", line 74, in submit_job
    self._do_submit_job(job, run_times)
  File "/Users/ahmed/Downloads/evotrade_final/venv/lib/python3.11/site-packages/apscheduler/executors/pool.py", line 27, in _do_submit_job
    f = self._pool.submit(
        ^^^^^^^^^^^^^^^^^^
  File "/opt/homebrew/Cellar/python@3.11/3.11.13/Frameworks/Python.framework/Versions/3.11/lib/python3.11/concurrent/futures/thread.py", line 167, in submit
    raise RuntimeError('cannot schedule new futures after shutdown')
RuntimeError: cannot schedule new futures after shutdown
2026-04-11 09:01:57,885 [apscheduler.scheduler] ERROR: Error submitting job "TradingEngine._trading_cycle (trigger: interval[0:00:30], next run at: 2026-04-11 09:01:57 PKT)" to executor "default"
Traceback (most recent call last):
  File "/Users/ahmed/Downloads/evotrade_final/venv/lib/python3.11/site-packages/apscheduler/schedulers/base.py", line 1195, in _process_jobs
    executor.submit_job(job, run_times)
  File "/Users/ahmed/Downloads/evotrade_final/venv/lib/python3.11/site-packages/apscheduler/executors/base.py", line 74, in submit_job
    self._do_submit_job(job, run_times)
  File "/Users/ahmed/Downloads/evotrade_final/venv/lib/python3.11/site-packages/apscheduler/executors/pool.py", line 27, in _do_submit_job
    f = self._pool.submit(
        ^^^^^^^^^^^^^^^^^^
  File "/opt/homebrew/Cellar/python@3.11/3.11.13/Frameworks/Python.framework/Versions/3.11/lib/python3.11/concurrent/futures/thread.py", line 167, in submit
    raise RuntimeError('cannot schedule new futures after shutdown')
RuntimeError: cannot schedule new futures after shutdown
2026-04-11 09:02:27,887 [apscheduler.scheduler] ERROR: Error submitting job "TradingEngine._trading_cycle (trigger: interval[0:00:30], next run at: 2026-04-11 09:02:27 PKT)" to executor "default"
Traceback (most recent call last):
  File "/Users/ahmed/Downloads/evotrade_final/venv/lib/python3.11/site-packages/apscheduler/schedulers/base.py", line 1195, in _process_jobs
    executor.submit_job(job, run_times)
  File "/Users/ahmed/Downloads/evotrade_final/venv/lib/python3.11/site-packages/apscheduler/executors/base.py", line 74, in submit_job
    self._do_submit_job(job, run_times)
  File "/Users/ahmed/Downloads/evotrade_final/venv/lib/python3.11/site-packages/apscheduler/executors/pool.py", line 27, in _do_submit_job
    f = self._pool.submit(
        ^^^^^^^^^^^^^^^^^^
  File "/opt/homebrew/Cellar/python@3.11/3.11.13/Frameworks/Python.framework/Versions/3.11/lib/python3.11/concurrent/futures/thread.py", line 167, in submit
    raise RuntimeError('cannot schedule new futures after shutdown')
RuntimeError: cannot schedule new futures after shutdown
2026-04-11 09:02:57,888 [apscheduler.scheduler] ERROR: Error submitting job "TradingEngine._trading_cycle (trigger: interval[0:00:30], next run at: 2026-04-11 09:02:57 PKT)" to executor "default"
Traceback (most recent call last):
  File "/Users/ahmed/Downloads/evotrade_final/venv/lib/python3.11/site-packages/apscheduler/schedulers/base.py", line 1195, in _process_jobs
    executor.submit_job(job, run_times)
  File "/Users/ahmed/Downloads/evotrade_final/venv/lib/python3.11/site-packages/apscheduler/executors/base.py", line 74, in submit_job
    self._do_submit_job(job, run_times)
  File "/Users/ahmed/Downloads/evotrade_final/venv/lib/python3.11/site-packages/apscheduler/executors/pool.py", line 27, in _do_submit_job
    f = self._pool.submit(
        ^^^^^^^^^^^^^^^^^^
  File "/opt/homebrew/Cellar/python@3.11/3.11.13/Frameworks/Python.framework/Versions/3.11/lib/python3.11/concurrent/futures/thread.py", line 167, in submit
    raise RuntimeError('cannot schedule new futures after shutdown')
RuntimeError: cannot schedule new futures after shutdown
2026-04-11 09:03:27,887 [apscheduler.scheduler] ERROR: Error submitting job "TradingEngine._trading_cycle (trigger: interval[0:00:30], next run at: 2026-04-11 09:03:27 PKT)" to executor "default"
Traceback (most recent call last):
  File "/Users/ahmed/Downloads/evotrade_final/venv/lib/python3.11/site-packages/apscheduler/schedulers/base.py", line 1195, in _process_jobs
    executor.submit_job(job, run_times)
  File "/Users/ahmed/Downloads/evotrade_final/venv/lib/python3.11/site-packages/apscheduler/executors/base.py", line 74, in submit_job
    self._do_submit_job(job, run_times)
  File "/Users/ahmed/Downloads/evotrade_final/venv/lib/python3.11/site-packages/apscheduler/executors/pool.py", line 27, in _do_submit_job
    f = self._pool.submit(
        ^^^^^^^^^^^^^^^^^^
  File "/opt/homebrew/Cellar/python@3.11/3.11.13/Frameworks/Python.framework/Versions/3.11/lib/python3.11/concurrent/futures/thread.py", line 167, in submit
    raise RuntimeError('cannot schedule new futures after shutdown')
RuntimeError: cannot schedule new futures after shutdown
2026-04-11 09:03:57,886 [apscheduler.scheduler] ERROR: Error submitting job "TradingEngine._trading_cycle (trigger: interval[0:00:30], next run at: 2026-04-11 09:03:57 PKT)" to executor "default"
Traceback (most recent call last):
  File "/Users/ahmed/Downloads/evotrade_final/venv/lib/python3.11/site-packages/apscheduler/schedulers/base.py", line 1195, in _process_jobs
    executor.submit_job(job, run_times)
  File "/Users/ahmed/Downloads/evotrade_final/venv/lib/python3.11/site-packages/apscheduler/executors/base.py", line 74, in submit_job
    self._do_submit_job(job, run_times)
  File "/Users/ahmed/Downloads/evotrade_final/venv/lib/python3.11/site-packages/apscheduler/executors/pool.py", line 27, in _do_submit_job
    f = self._pool.submit(
        ^^^^^^^^^^^^^^^^^^
  File "/opt/homebrew/Cellar/python@3.11/3.11.13/Frameworks/Python.framework/Versions/3.11/lib/python3.11/concurrent/futures/thread.py", line 167, in submit
    raise RuntimeError('cannot schedule new futures after shutdown')
RuntimeError: cannot schedule new futures after shutdown
2026-04-11 09:04:27,884 [apscheduler.scheduler] ERROR: Error submitting job "TradingEngine._trading_cycle (trigger: interval[0:00:30], next run at: 2026-04-11 09:04:27 PKT)" to executor "default"
Traceback (most recent call last):
  File "/Users/ahmed/Downloads/evotrade_final/venv/lib/python3.11/site-packages/apscheduler/schedulers/base.py", line 1195, in _process_jobs
    executor.submit_job(job, run_times)
  File "/Users/ahmed/Downloads/evotrade_final/venv/lib/python3.11/site-packages/apscheduler/executors/base.py", line 74, in submit_job
    self._do_submit_job(job, run_times)
  File "/Users/ahmed/Downloads/evotrade_final/venv/lib/python3.11/site-packages/apscheduler/executors/pool.py", line 27, in _do_submit_job
    f = self._pool.submit(
        ^^^^^^^^^^^^^^^^^^
  File "/opt/homebrew/Cellar/python@3.11/3.11.13/Frameworks/Python.framework/Versions/3.11/lib/python3.11/concurrent/futures/thread.py", line 167, in submit
    raise RuntimeError('cannot schedule new futures after shutdown')
RuntimeError: cannot schedule new futures after shutdown
2026-04-11 09:04:57,893 [apscheduler.scheduler] ERROR: Error submitting job "TradingEngine._trading_cycle (trigger: interval[0:00:30], next run at: 2026-04-11 09:04:57 PKT)" to executor "default"
Traceback (most recent call last):
  File "/Users/ahmed/Downloads/evotrade_final/venv/lib/python3.11/site-packages/apscheduler/schedulers/base.py", line 1195, in _process_jobs
    executor.submit_job(job, run_times)
  File "/Users/ahmed/Downloads/evotrade_final/venv/lib/python3.11/site-packages/apscheduler/executors/base.py", line 74, in submit_job
    self._do_submit_job(job, run_times)
  File "/Users/ahmed/Downloads/evotrade_final/venv/lib/python3.11/site-packages/apscheduler/executors/pool.py", line 27, in _do_submit_job
    f = self._pool.submit(
        ^^^^^^^^^^^^^^^^^^
  File "/opt/homebrew/Cellar/python@3.11/3.11.13/Frameworks/Python.framework/Versions/3.11/lib/python3.11/concurrent/futures/thread.py", line 167, in submit
    raise RuntimeError('cannot schedule new futures after shutdown')
RuntimeError: cannot schedule new futures after shutdown
2026-04-11 09:05:27,883 [apscheduler.scheduler] ERROR: Error submitting job "TradingEngine._trading_cycle (trigger: interval[0:00:30], next run at: 2026-04-11 09:05:27 PKT)" to executor "default"
Traceback (most recent call last):
  File "/Users/ahmed/Downloads/evotrade_final/venv/lib/python3.11/site-packages/apscheduler/schedulers/base.py", line 1195, in _process_jobs
    executor.submit_job(job, run_times)
  File "/Users/ahmed/Downloads/evotrade_final/venv/lib/python3.11/site-packages/apscheduler/executors/base.py", line 74, in submit_job
    self._do_submit_job(job, run_times)
  File "/Users/ahmed/Downloads/evotrade_final/venv/lib/python3.11/site-packages/apscheduler/executors/pool.py", line 27, in _do_submit_job
    f = self._pool.submit(
        ^^^^^^^^^^^^^^^^^^
  File "/opt/homebrew/Cellar/python@3.11/3.11.13/Frameworks/Python.framework/Versions/3.11/lib/python3.11/concurrent/futures/thread.py", line 167, in submit
    raise RuntimeError('cannot schedule new futures after shutdown')
RuntimeError: cannot schedule new futures after shutdown
2026-04-11 09:05:57,887 [apscheduler.scheduler] ERROR: Error submitting job "TradingEngine._trading_cycle (trigger: interval[0:00:30], next run at: 2026-04-11 09:05:57 PKT)" to executor "default"
Traceback (most recent call last):
  File "/Users/ahmed/Downloads/evotrade_final/venv/lib/python3.11/site-packages/apscheduler/schedulers/base.py", line 1195, in _process_jobs
    executor.submit_job(job, run_times)
  File "/Users/ahmed/Downloads/evotrade_final/venv/lib/python3.11/site-packages/apscheduler/executors/base.py", line 74, in submit_job
    self._do_submit_job(job, run_times)
  File "/Users/ahmed/Downloads/evotrade_final/venv/lib/python3.11/site-packages/apscheduler/executors/pool.py", line 27, in _do_submit_job
    f = self._pool.submit(
        ^^^^^^^^^^^^^^^^^^
  File "/opt/homebrew/Cellar/python@3.11/3.11.13/Frameworks/Python.framework/Versions/3.11/lib/python3.11/concurrent/futures/thread.py", line 167, in submit
    raise RuntimeError('cannot schedule new futures after shutdown')
RuntimeError: cannot schedule new futures after shutdown
2026-04-11 09:06:27,884 [apscheduler.scheduler] ERROR: Error submitting job "TradingEngine._trading_cycle (trigger: interval[0:00:30], next run at: 2026-04-11 09:06:27 PKT)" to executor "default"
Traceback (most recent call last):
  File "/Users/ahmed/Downloads/evotrade_final/venv/lib/python3.11/site-packages/apscheduler/schedulers/base.py", line 1195, in _process_jobs
    executor.submit_job(job, run_times)
  File "/Users/ahmed/Downloads/evotrade_final/venv/lib/python3.11/site-packages/apscheduler/executors/base.py", line 74, in submit_job
    self._do_submit_job(job, run_times)
  File "/Users/ahmed/Downloads/evotrade_final/venv/lib/python3.11/site-packages/apscheduler/executors/pool.py", line 27, in _do_submit_job
    f = self._pool.submit(
        ^^^^^^^^^^^^^^^^^^
  File "/opt/homebrew/Cellar/python@3.11/3.11.13/Frameworks/Python.framework/Versions/3.11/lib/python3.11/concurrent/futures/thread.py", line 167, in submit
    raise RuntimeError('cannot schedule new futures after shutdown')
RuntimeError: cannot schedule new futures after shutdown
2026-04-11 09:06:57,885 [apscheduler.scheduler] ERROR: Error submitting job "TradingEngine._trading_cycle (trigger: interval[0:00:30], next run at: 2026-04-11 09:06:57 PKT)" to executor "default"
Traceback (most recent call last):
  File "/Users/ahmed/Downloads/evotrade_final/venv/lib/python3.11/site-packages/apscheduler/schedulers/base.py", line 1195, in _process_jobs
    executor.submit_job(job, run_times)
  File "/Users/ahmed/Downloads/evotrade_final/venv/lib/python3.11/site-packages/apscheduler/executors/base.py", line 74, in submit_job
    self._do_submit_job(job, run_times)
  File "/Users/ahmed/Downloads/evotrade_final/venv/lib/python3.11/site-packages/apscheduler/executors/pool.py", line 27, in _do_submit_job
    f = self._pool.submit(
        ^^^^^^^^^^^^^^^^^^
  File "/opt/homebrew/Cellar/python@3.11/3.11.13/Frameworks/Python.framework/Versions/3.11/lib/python3.11/concurrent/futures/thread.py", line 167, in submit
    raise RuntimeError('cannot schedule new futures after shutdown')
RuntimeError: cannot schedule new futures after shutdown
2026-04-11 09:07:27,885 [apscheduler.scheduler] ERROR: Error submitting job "TradingEngine._trading_cycle (trigger: interval[0:00:30], next run at: 2026-04-11 09:07:27 PKT)" to executor "default"
Traceback (most recent call last):
  File "/Users/ahmed/Downloads/evotrade_final/venv/lib/python3.11/site-packages/apscheduler/schedulers/base.py", line 1195, in _process_jobs
    executor.submit_job(job, run_times)
  File "/Users/ahmed/Downloads/evotrade_final/venv/lib/python3.11/site-packages/apscheduler/executors/base.py", line 74, in submit_job
    self._do_submit_job(job, run_times)
  File "/Users/ahmed/Downloads/evotrade_final/venv/lib/python3.11/site-packages/apscheduler/executors/pool.py", line 27, in _do_submit_job
    f = self._pool.submit(
        ^^^^^^^^^^^^^^^^^^
  File "/opt/homebrew/Cellar/python@3.11/3.11.13/Frameworks/Python.framework/Versions/3.11/lib/python3.11/concurrent/futures/thread.py", line 167, in submit
    raise RuntimeError('cannot schedule new futures after shutdown')
RuntimeError: cannot schedule new futures after shutdown
2026-04-11 09:07:57,902 [apscheduler.scheduler] ERROR: Error submitting job "TradingEngine._trading_cycle (trigger: interval[0:00:30], next run at: 2026-04-11 09:07:57 PKT)" to executor "default"
Traceback (most recent call last):
  File "/Users/ahmed/Downloads/evotrade_final/venv/lib/python3.11/site-packages/apscheduler/schedulers/base.py", line 1195, in _process_jobs
    executor.submit_job(job, run_times)
  File "/Users/ahmed/Downloads/evotrade_final/venv/lib/python3.11/site-packages/apscheduler/executors/base.py", line 74, in submit_job
    self._do_submit_job(job, run_times)
  File "/Users/ahmed/Downloads/evotrade_final/venv/lib/python3.11/site-packages/apscheduler/executors/pool.py", line 27, in _do_submit_job
    f = self._pool.submit(
        ^^^^^^^^^^^^^^^^^^
  File "/opt/homebrew/Cellar/python@3.11/3.11.13/Frameworks/Python.framework/Versions/3.11/lib/python3.11/concurrent/futures/thread.py", line 167, in submit
    raise RuntimeError('cannot schedule new futures after shutdown')
RuntimeError: cannot schedule new futures after shutdown
2026-04-11 09:08:27,890 [apscheduler.scheduler] ERROR: Error submitting job "TradingEngine._trading_cycle (trigger: interval[0:00:30], next run at: 2026-04-11 09:08:27 PKT)" to executor "default"
Traceback (most recent call last):
  File "/Users/ahmed/Downloads/evotrade_final/venv/lib/python3.11/site-packages/apscheduler/schedulers/base.py", line 1195, in _process_jobs
    executor.submit_job(job, run_times)
  File "/Users/ahmed/Downloads/evotrade_final/venv/lib/python3.11/site-packages/apscheduler/executors/base.py", line 74, in submit_job
    self._do_submit_job(job, run_times)
  File "/Users/ahmed/Downloads/evotrade_final/venv/lib/python3.11/site-packages/apscheduler/executors/pool.py", line 27, in _do_submit_job
    f = self._pool.submit(
        ^^^^^^^^^^^^^^^^^^
  File "/opt/homebrew/Cellar/python@3.11/3.11.13/Frameworks/Python.framework/Versions/3.11/lib/python3.11/concurrent/futures/thread.py", line 167, in submit
    raise RuntimeError('cannot schedule new futures after shutdown')
RuntimeError: cannot schedule new futures after shutdown
2026-04-11 09:08:57,887 [apscheduler.scheduler] ERROR: Error submitting job "TradingEngine._trading_cycle (trigger: interval[0:00:30], next run at: 2026-04-11 09:08:57 PKT)" to executor "default"
Traceback (most recent call last):
  File "/Users/ahmed/Downloads/evotrade_final/venv/lib/python3.11/site-packages/apscheduler/schedulers/base.py", line 1195, in _process_jobs
    executor.submit_job(job, run_times)
  File "/Users/ahmed/Downloads/evotrade_final/venv/lib/python3.11/site-packages/apscheduler/executors/base.py", line 74, in submit_job
    self._do_submit_job(job, run_times)
  File "/Users/ahmed/Downloads/evotrade_final/venv/lib/python3.11/site-packages/apscheduler/executors/pool.py", line 27, in _do_submit_job
    f = self._pool.submit(
        ^^^^^^^^^^^^^^^^^^
  File "/opt/homebrew/Cellar/python@3.11/3.11.13/Frameworks/Python.framework/Versions/3.11/lib/python3.11/concurrent/futures/thread.py", line 167, in submit
    raise RuntimeError('cannot schedule new futures after shutdown')
RuntimeError: cannot schedule new futures after shutdown
2026-04-11 09:09:27,887 [apscheduler.scheduler] ERROR: Error submitting job "TradingEngine._trading_cycle (trigger: interval[0:00:30], next run at: 2026-04-11 09:09:27 PKT)" to executor "default"
Traceback (most recent call last):
  File "/Users/ahmed/Downloads/evotrade_final/venv/lib/python3.11/site-packages/apscheduler/schedulers/base.py", line 1195, in _process_jobs
    executor.submit_job(job, run_times)
  File "/Users/ahmed/Downloads/evotrade_final/venv/lib/python3.11/site-packages/apscheduler/executors/base.py", line 74, in submit_job
    self._do_submit_job(job, run_times)
  File "/Users/ahmed/Downloads/evotrade_final/venv/lib/python3.11/site-packages/apscheduler/executors/pool.py", line 27, in _do_submit_job
    f = self._pool.submit(
        ^^^^^^^^^^^^^^^^^^
  File "/opt/homebrew/Cellar/python@3.11/3.11.13/Frameworks/Python.framework/Versions/3.11/lib/python3.11/concurrent/futures/thread.py", line 167, in submit
    raise RuntimeError('cannot schedule new futures after shutdown')
RuntimeError: cannot schedule new futures after shutdown
2026-04-11 09:09:57,884 [apscheduler.scheduler] ERROR: Error submitting job "TradingEngine._trading_cycle (trigger: interval[0:00:30], next run at: 2026-04-11 09:09:57 PKT)" to executor "default"
Traceback (most recent call last):
  File "/Users/ahmed/Downloads/evotrade_final/venv/lib/python3.11/site-packages/apscheduler/schedulers/base.py", line 1195, in _process_jobs
    executor.submit_job(job, run_times)
  File "/Users/ahmed/Downloads/evotrade_final/venv/lib/python3.11/site-packages/apscheduler/executors/base.py", line 74, in submit_job
    self._do_submit_job(job, run_times)
  File "/Users/ahmed/Downloads/evotrade_final/venv/lib/python3.11/site-packages/apscheduler/executors/pool.py", line 27, in _do_submit_job
    f = self._pool.submit(
        ^^^^^^^^^^^^^^^^^^
  File "/opt/homebrew/Cellar/python@3.11/3.11.13/Frameworks/Python.framework/Versions/3.11/lib/python3.11/concurrent/futures/thread.py", line 167, in submit
    raise RuntimeError('cannot schedule new futures after shutdown')
RuntimeError: cannot schedule new futures after shutdown
2026-04-11 09:10:27,883 [apscheduler.scheduler] ERROR: Error submitting job "TradingEngine._trading_cycle (trigger: interval[0:00:30], next run at: 2026-04-11 09:10:27 PKT)" to executor "default"
Traceback (most recent call last):
  File "/Users/ahmed/Downloads/evotrade_final/venv/lib/python3.11/site-packages/apscheduler/schedulers/base.py", line 1195, in _process_jobs
    executor.submit_job(job, run_times)
  File "/Users/ahmed/Downloads/evotrade_final/venv/lib/python3.11/site-packages/apscheduler/executors/base.py", line 74, in submit_job
    self._do_submit_job(job, run_times)
  File "/Users/ahmed/Downloads/evotrade_final/venv/lib/python3.11/site-packages/apscheduler/executors/pool.py", line 27, in _do_submit_job
    f = self._pool.submit(
        ^^^^^^^^^^^^^^^^^^
  File "/opt/homebrew/Cellar/python@3.11/3.11.13/Frameworks/Python.framework/Versions/3.11/lib/python3.11/concurrent/futures/thread.py", line 167, in submit
    raise RuntimeError('cannot schedule new futures after shutdown')
RuntimeError: cannot schedule new futures after shutdown
2026-04-11 09:10:57,886 [apscheduler.scheduler] ERROR: Error submitting job "TradingEngine._trading_cycle (trigger: interval[0:00:30], next run at: 2026-04-11 09:10:57 PKT)" to executor "default"
Traceback (most recent call last):
  File "/Users/ahmed/Downloads/evotrade_final/venv/lib/python3.11/site-packages/apscheduler/schedulers/base.py", line 1195, in _process_jobs
    executor.submit_job(job, run_times)
  File "/Users/ahmed/Downloads/evotrade_final/venv/lib/python3.11/site-packages/apscheduler/executors/base.py", line 74, in submit_job
    self._do_submit_job(job, run_times)
  File "/Users/ahmed/Downloads/evotrade_final/venv/lib/python3.11/site-packages/apscheduler/executors/pool.py", line 27, in _do_submit_job
    f = self._pool.submit(
        ^^^^^^^^^^^^^^^^^^
  File "/opt/homebrew/Cellar/python@3.11/3.11.13/Frameworks/Python.framework/Versions/3.11/lib/python3.11/concurrent/futures/thread.py", line 167, in submit
    raise RuntimeError('cannot schedule new futures after shutdown')
RuntimeError: cannot schedule new futures after shutdown
2026-04-11 09:11:27,888 [apscheduler.scheduler] ERROR: Error submitting job "TradingEngine._trading_cycle (trigger: interval[0:00:30], next run at: 2026-04-11 09:11:27 PKT)" to executor "default"
Traceback (most recent call last):
  File "/Users/ahmed/Downloads/evotrade_final/venv/lib/python3.11/site-packages/apscheduler/schedulers/base.py", line 1195, in _process_jobs
    executor.submit_job(job, run_times)
  File "/Users/ahmed/Downloads/evotrade_final/venv/lib/python3.11/site-packages/apscheduler/executors/base.py", line 74, in submit_job
    self._do_submit_job(job, run_times)
  File "/Users/ahmed/Downloads/evotrade_final/venv/lib/python3.11/site-packages/apscheduler/executors/pool.py", line 27, in _do_submit_job
    f = self._pool.submit(
        ^^^^^^^^^^^^^^^^^^
  File "/opt/homebrew/Cellar/python@3.11/3.11.13/Frameworks/Python.framework/Versions/3.11/lib/python3.11/concurrent/futures/thread.py", line 167, in submit
    raise RuntimeError('cannot schedule new futures after shutdown')
RuntimeError: cannot schedule new futures after shutdown
2026-04-11 09:11:57,888 [apscheduler.scheduler] ERROR: Error submitting job "TradingEngine._trading_cycle (trigger: interval[0:00:30], next run at: 2026-04-11 09:11:57 PKT)" to executor "default"
Traceback (most recent call last):
  File "/Users/ahmed/Downloads/evotrade_final/venv/lib/python3.11/site-packages/apscheduler/schedulers/base.py", line 1195, in _process_jobs
    executor.submit_job(job, run_times)
  File "/Users/ahmed/Downloads/evotrade_final/venv/lib/python3.11/site-packages/apscheduler/executors/base.py", line 74, in submit_job
    self._do_submit_job(job, run_times)
  File "/Users/ahmed/Downloads/evotrade_final/venv/lib/python3.11/site-packages/apscheduler/executors/pool.py", line 27, in _do_submit_job
    f = self._pool.submit(
        ^^^^^^^^^^^^^^^^^^
  File "/opt/homebrew/Cellar/python@3.11/3.11.13/Frameworks/Python.framework/Versions/3.11/lib/python3.11/concurrent/futures/thread.py", line 167, in submit
    raise RuntimeError('cannot schedule new futures after shutdown')
RuntimeError: cannot schedule new futures after shutdown
2026-04-11 09:12:27,884 [apscheduler.scheduler] ERROR: Error submitting job "TradingEngine._trading_cycle (trigger: interval[0:00:30], next run at: 2026-04-11 09:12:27 PKT)" to executor "default"
Traceback (most recent call last):
  File "/Users/ahmed/Downloads/evotrade_final/venv/lib/python3.11/site-packages/apscheduler/schedulers/base.py", line 1195, in _process_jobs
    executor.submit_job(job, run_times)
  File "/Users/ahmed/Downloads/evotrade_final/venv/lib/python3.11/site-packages/apscheduler/executors/base.py", line 74, in submit_job
    self._do_submit_job(job, run_times)
  File "/Users/ahmed/Downloads/evotrade_final/venv/lib/python3.11/site-packages/apscheduler/executors/pool.py", line 27, in _do_submit_job
    f = self._pool.submit(
        ^^^^^^^^^^^^^^^^^^
  File "/opt/homebrew/Cellar/python@3.11/3.11.13/Frameworks/Python.framework/Versions/3.11/lib/python3.11/concurrent/futures/thread.py", line 167, in submit
    raise RuntimeError('cannot schedule new futures after shutdown')
RuntimeError: cannot schedule new futures after shutdown
2026-04-11 09:12:57,886 [apscheduler.scheduler] ERROR: Error submitting job "TradingEngine._trading_cycle (trigger: interval[0:00:30], next run at: 2026-04-11 09:12:57 PKT)" to executor "default"
Traceback (most recent call last):
  File "/Users/ahmed/Downloads/evotrade_final/venv/lib/python3.11/site-packages/apscheduler/schedulers/base.py", line 1195, in _process_jobs
    executor.submit_job(job, run_times)
  File "/Users/ahmed/Downloads/evotrade_final/venv/lib/python3.11/site-packages/apscheduler/executors/base.py", line 74, in submit_job
    self._do_submit_job(job, run_times)
  File "/Users/ahmed/Downloads/evotrade_final/venv/lib/python3.11/site-packages/apscheduler/executors/pool.py", line 27, in _do_submit_job
    f = self._pool.submit(
        ^^^^^^^^^^^^^^^^^^
  File "/opt/homebrew/Cellar/python@3.11/3.11.13/Frameworks/Python.framework/Versions/3.11/lib/python3.11/concurrent/futures/thread.py", line 167, in submit
    raise RuntimeError('cannot schedule new futures after shutdown')
RuntimeError: cannot schedule new futures after shutdown
2026-04-11 09:13:27,889 [apscheduler.scheduler] ERROR: Error submitting job "TradingEngine._trading_cycle (trigger: interval[0:00:30], next run at: 2026-04-11 09:13:27 PKT)" to executor "default"
Traceback (most recent call last):
  File "/Users/ahmed/Downloads/evotrade_final/venv/lib/python3.11/site-packages/apscheduler/schedulers/base.py", line 1195, in _process_jobs
    executor.submit_job(job, run_times)
  File "/Users/ahmed/Downloads/evotrade_final/venv/lib/python3.11/site-packages/apscheduler/executors/base.py", line 74, in submit_job
    self._do_submit_job(job, run_times)
  File "/Users/ahmed/Downloads/evotrade_final/venv/lib/python3.11/site-packages/apscheduler/executors/pool.py", line 27, in _do_submit_job
    f = self._pool.submit(
        ^^^^^^^^^^^^^^^^^^
  File "/opt/homebrew/Cellar/python@3.11/3.11.13/Frameworks/Python.framework/Versions/3.11/lib/python3.11/concurrent/futures/thread.py", line 167, in submit
    raise RuntimeError('cannot schedule new futures after shutdown')
RuntimeError: cannot schedule new futures after shutdown
2026-04-11 09:13:57,887 [apscheduler.scheduler] ERROR: Error submitting job "TradingEngine._trading_cycle (trigger: interval[0:00:30], next run at: 2026-04-11 09:13:57 PKT)" to executor "default"
Traceback (most recent call last):
  File "/Users/ahmed/Downloads/evotrade_final/venv/lib/python3.11/site-packages/apscheduler/schedulers/base.py", line 1195, in _process_jobs
    executor.submit_job(job, run_times)
  File "/Users/ahmed/Downloads/evotrade_final/venv/lib/python3.11/site-packages/apscheduler/executors/base.py", line 74, in submit_job
    self._do_submit_job(job, run_times)
  File "/Users/ahmed/Downloads/evotrade_final/venv/lib/python3.11/site-packages/apscheduler/executors/pool.py", line 27, in _do_submit_job
    f = self._pool.submit(
        ^^^^^^^^^^^^^^^^^^
  File "/opt/homebrew/Cellar/python@3.11/3.11.13/Frameworks/Python.framework/Versions/3.11/lib/python3.11/concurrent/futures/thread.py", line 167, in submit
    raise RuntimeError('cannot schedule new futures after shutdown')
RuntimeError: cannot schedule new futures after shutdown
2026-04-11 09:14:27,887 [apscheduler.scheduler] ERROR: Error submitting job "TradingEngine._trading_cycle (trigger: interval[0:00:30], next run at: 2026-04-11 09:14:27 PKT)" to executor "default"
Traceback (most recent call last):
  File "/Users/ahmed/Downloads/evotrade_final/venv/lib/python3.11/site-packages/apscheduler/schedulers/base.py", line 1195, in _process_jobs
    executor.submit_job(job, run_times)
  File "/Users/ahmed/Downloads/evotrade_final/venv/lib/python3.11/site-packages/apscheduler/executors/base.py", line 74, in submit_job
    self._do_submit_job(job, run_times)
  File "/Users/ahmed/Downloads/evotrade_final/venv/lib/python3.11/site-packages/apscheduler/executors/pool.py", line 27, in _do_submit_job
    f = self._pool.submit(
        ^^^^^^^^^^^^^^^^^^
  File "/opt/homebrew/Cellar/python@3.11/3.11.13/Frameworks/Python.framework/Versions/3.11/lib/python3.11/concurrent/futures/thread.py", line 167, in submit
    raise RuntimeError('cannot schedule new futures after shutdown')
RuntimeError: cannot schedule new futures after shutdown
2026-04-11 09:14:57,889 [apscheduler.scheduler] ERROR: Error submitting job "TradingEngine._trading_cycle (trigger: interval[0:00:30], next run at: 2026-04-11 09:14:57 PKT)" to executor "default"
Traceback (most recent call last):
  File "/Users/ahmed/Downloads/evotrade_final/venv/lib/python3.11/site-packages/apscheduler/schedulers/base.py", line 1195, in _process_jobs
    executor.submit_job(job, run_times)
  File "/Users/ahmed/Downloads/evotrade_final/venv/lib/python3.11/site-packages/apscheduler/executors/base.py", line 74, in submit_job
    self._do_submit_job(job, run_times)
  File "/Users/ahmed/Downloads/evotrade_final/venv/lib/python3.11/site-packages/apscheduler/executors/pool.py", line 27, in _do_submit_job
    f = self._pool.submit(
        ^^^^^^^^^^^^^^^^^^
  File "/opt/homebrew/Cellar/python@3.11/3.11.13/Frameworks/Python.framework/Versions/3.11/lib/python3.11/concurrent/futures/thread.py", line 167, in submit
    raise RuntimeError('cannot schedule new futures after shutdown')
RuntimeError: cannot schedule new futures after shutdown
2026-04-11 09:15:27,887 [apscheduler.scheduler] ERROR: Error submitting job "TradingEngine._trading_cycle (trigger: interval[0:00:30], next run at: 2026-04-11 09:15:27 PKT)" to executor "default"
Traceback (most recent call last):
  File "/Users/ahmed/Downloads/evotrade_final/venv/lib/python3.11/site-packages/apscheduler/schedulers/base.py", line 1195, in _process_jobs
    executor.submit_job(job, run_times)
  File "/Users/ahmed/Downloads/evotrade_final/venv/lib/python3.11/site-packages/apscheduler/executors/base.py", line 74, in submit_job
    self._do_submit_job(job, run_times)
  File "/Users/ahmed/Downloads/evotrade_final/venv/lib/python3.11/site-packages/apscheduler/executors/pool.py", line 27, in _do_submit_job
    f = self._pool.submit(
        ^^^^^^^^^^^^^^^^^^
  File "/opt/homebrew/Cellar/python@3.11/3.11.13/Frameworks/Python.framework/Versions/3.11/lib/python3.11/concurrent/futures/thread.py", line 167, in submit
    raise RuntimeError('cannot schedule new futures after shutdown')
RuntimeError: cannot schedule new futures after shutdown
2026-04-11 09:32:08,026 [apscheduler.scheduler] ERROR: Error submitting job "TradingEngine._trading_cycle (trigger: interval[0:00:30], next run at: 2026-04-11 09:15:57 PKT)" to executor "default"
Traceback (most recent call last):
  File "/Users/ahmed/Downloads/evotrade_final/venv/lib/python3.11/site-packages/apscheduler/schedulers/base.py", line 1195, in _process_jobs
    executor.submit_job(job, run_times)
  File "/Users/ahmed/Downloads/evotrade_final/venv/lib/python3.11/site-packages/apscheduler/executors/base.py", line 74, in submit_job
    self._do_submit_job(job, run_times)
  File "/Users/ahmed/Downloads/evotrade_final/venv/lib/python3.11/site-packages/apscheduler/executors/pool.py", line 27, in _do_submit_job
    f = self._pool.submit(
        ^^^^^^^^^^^^^^^^^^
  File "/opt/homebrew/Cellar/python@3.11/3.11.13/Frameworks/Python.framework/Versions/3.11/lib/python3.11/concurrent/futures/thread.py", line 167, in submit
    raise RuntimeError('cannot schedule new futures after shutdown')
RuntimeError: cannot schedule new futures after shutdown
2026-04-11 10:07:05,651 [apscheduler.scheduler] ERROR: Error submitting job "TradingEngine._trading_cycle (trigger: interval[0:00:30], next run at: 2026-04-11 09:32:27 PKT)" to executor "default"
Traceback (most recent call last):
  File "/Users/ahmed/Downloads/evotrade_final/venv/lib/python3.11/site-packages/apscheduler/schedulers/base.py", line 1195, in _process_jobs
    executor.submit_job(job, run_times)
  File "/Users/ahmed/Downloads/evotrade_final/venv/lib/python3.11/site-packages/apscheduler/executors/base.py", line 74, in submit_job
    self._do_submit_job(job, run_times)
  File "/Users/ahmed/Downloads/evotrade_final/venv/lib/python3.11/site-packages/apscheduler/executors/pool.py", line 27, in _do_submit_job
    f = self._pool.submit(
        ^^^^^^^^^^^^^^^^^^
  File "/opt/homebrew/Cellar/python@3.11/3.11.13/Frameworks/Python.framework/Versions/3.11/lib/python3.11/concurrent/futures/thread.py", line 167, in submit
    raise RuntimeError('cannot schedule new futures after shutdown')
RuntimeError: cannot schedule new futures after shutdown
2026-04-11 10:07:27,889 [apscheduler.scheduler] ERROR: Error submitting job "TradingEngine._trading_cycle (trigger: interval[0:00:30], next run at: 2026-04-11 10:07:27 PKT)" to executor "default"
Traceback (most recent call last):
  File "/Users/ahmed/Downloads/evotrade_final/venv/lib/python3.11/site-packages/apscheduler/schedulers/base.py", line 1195, in _process_jobs
    executor.submit_job(job, run_times)
  File "/Users/ahmed/Downloads/evotrade_final/venv/lib/python3.11/site-packages/apscheduler/executors/base.py", line 74, in submit_job
    self._do_submit_job(job, run_times)
  File "/Users/ahmed/Downloads/evotrade_final/venv/lib/python3.11/site-packages/apscheduler/executors/pool.py", line 27, in _do_submit_job
    f = self._pool.submit(
        ^^^^^^^^^^^^^^^^^^
  File "/opt/homebrew/Cellar/python@3.11/3.11.13/Frameworks/Python.framework/Versions/3.11/lib/python3.11/concurrent/futures/thread.py", line 167, in submit
    raise RuntimeError('cannot schedule new futures after shutdown')
RuntimeError: cannot schedule new futures after shutdown
2026-04-11 10:11:14,160 [apscheduler.scheduler] ERROR: Error submitting job "TradingEngine._trading_cycle (trigger: interval[0:00:30], next run at: 2026-04-11 10:07:57 PKT)" to executor "default"
Traceback (most recent call last):
  File "/Users/ahmed/Downloads/evotrade_final/venv/lib/python3.11/site-packages/apscheduler/schedulers/base.py", line 1195, in _process_jobs
    executor.submit_job(job, run_times)
  File "/Users/ahmed/Downloads/evotrade_final/venv/lib/python3.11/site-packages/apscheduler/executors/base.py", line 74, in submit_job
    self._do_submit_job(job, run_times)
  File "/Users/ahmed/Downloads/evotrade_final/venv/lib/python3.11/site-packages/apscheduler/executors/pool.py", line 27, in _do_submit_job
    f = self._pool.submit(
        ^^^^^^^^^^^^^^^^^^
  File "/opt/homebrew/Cellar/python@3.11/3.11.13/Frameworks/Python.framework/Versions/3.11/lib/python3.11/concurrent/futures/thread.py", line 167, in submit
    raise RuntimeError('cannot schedule new futures after shutdown')
RuntimeError: cannot schedule new futures after shutdown
2026-04-11 10:13:06,031 [apscheduler.scheduler] ERROR: Error submitting job "TradingEngine._trading_cycle (trigger: interval[0:00:30], next run at: 2026-04-11 10:11:27 PKT)" to executor "default"
Traceback (most recent call last):
  File "/Users/ahmed/Downloads/evotrade_final/venv/lib/python3.11/site-packages/apscheduler/schedulers/base.py", line 1195, in _process_jobs
    executor.submit_job(job, run_times)
  File "/Users/ahmed/Downloads/evotrade_final/venv/lib/python3.11/site-packages/apscheduler/executors/base.py", line 74, in submit_job
    self._do_submit_job(job, run_times)
  File "/Users/ahmed/Downloads/evotrade_final/venv/lib/python3.11/site-packages/apscheduler/executors/pool.py", line 27, in _do_submit_job
    f = self._pool.submit(
        ^^^^^^^^^^^^^^^^^^
  File "/opt/homebrew/Cellar/python@3.11/3.11.13/Frameworks/Python.framework/Versions/3.11/lib/python3.11/concurrent/futures/thread.py", line 167, in submit
    raise RuntimeError('cannot schedule new futures after shutdown')
RuntimeError: cannot schedule new futures after shutdown
2026-04-11 10:15:02,576 [apscheduler.scheduler] ERROR: Error submitting job "TradingEngine._trading_cycle (trigger: interval[0:00:30], next run at: 2026-04-11 10:13:27 PKT)" to executor "default"
Traceback (most recent call last):
  File "/Users/ahmed/Downloads/evotrade_final/venv/lib/python3.11/site-packages/apscheduler/schedulers/base.py", line 1195, in _process_jobs
    executor.submit_job(job, run_times)
  File "/Users/ahmed/Downloads/evotrade_final/venv/lib/python3.11/site-packages/apscheduler/executors/base.py", line 74, in submit_job
    self._do_submit_job(job, run_times)
  File "/Users/ahmed/Downloads/evotrade_final/venv/lib/python3.11/site-packages/apscheduler/executors/pool.py", line 27, in _do_submit_job
    f = self._pool.submit(
        ^^^^^^^^^^^^^^^^^^
  File "/opt/homebrew/Cellar/python@3.11/3.11.13/Frameworks/Python.framework/Versions/3.11/lib/python3.11/concurrent/futures/thread.py", line 167, in submit
    raise RuntimeError('cannot schedule new futures after shutdown')
RuntimeError: cannot schedule new futures after shutdown
2026-04-11 10:19:07,484 [apscheduler.scheduler] ERROR: Error submitting job "TradingEngine._trading_cycle (trigger: interval[0:00:30], next run at: 2026-04-11 10:15:27 PKT)" to executor "default"
Traceback (most recent call last):
  File "/Users/ahmed/Downloads/evotrade_final/venv/lib/python3.11/site-packages/apscheduler/schedulers/base.py", line 1195, in _process_jobs
    executor.submit_job(job, run_times)
  File "/Users/ahmed/Downloads/evotrade_final/venv/lib/python3.11/site-packages/apscheduler/executors/base.py", line 74, in submit_job
    self._do_submit_job(job, run_times)
  File "/Users/ahmed/Downloads/evotrade_final/venv/lib/python3.11/site-packages/apscheduler/executors/pool.py", line 27, in _do_submit_job
    f = self._pool.submit(
        ^^^^^^^^^^^^^^^^^^
  File "/opt/homebrew/Cellar/python@3.11/3.11.13/Frameworks/Python.framework/Versions/3.11/lib/python3.11/concurrent/futures/thread.py", line 167, in submit
    raise RuntimeError('cannot schedule new futures after shutdown')
RuntimeError: cannot schedule new futures after shutdown
2026-04-11 10:19:27,882 [apscheduler.scheduler] ERROR: Error submitting job "TradingEngine._trading_cycle (trigger: interval[0:00:30], next run at: 2026-04-11 10:19:27 PKT)" to executor "default"
Traceback (most recent call last):
  File "/Users/ahmed/Downloads/evotrade_final/venv/lib/python3.11/site-packages/apscheduler/schedulers/base.py", line 1195, in _process_jobs
    executor.submit_job(job, run_times)
  File "/Users/ahmed/Downloads/evotrade_final/venv/lib/python3.11/site-packages/apscheduler/executors/base.py", line 74, in submit_job
    self._do_submit_job(job, run_times)
  File "/Users/ahmed/Downloads/evotrade_final/venv/lib/python3.11/site-packages/apscheduler/executors/pool.py", line 27, in _do_submit_job
    f = self._pool.submit(
        ^^^^^^^^^^^^^^^^^^
  File "/opt/homebrew/Cellar/python@3.11/3.11.13/Frameworks/Python.framework/Versions/3.11/lib/python3.11/concurrent/futures/thread.py", line 167, in submit
    raise RuntimeError('cannot schedule new futures after shutdown')
RuntimeError: cannot schedule new futures after shutdown
2026-04-11 10:24:42,092 [apscheduler.scheduler] ERROR: Error submitting job "TradingEngine._trading_cycle (trigger: interval[0:00:30], next run at: 2026-04-11 10:19:57 PKT)" to executor "default"
Traceback (most recent call last):
  File "/Users/ahmed/Downloads/evotrade_final/venv/lib/python3.11/site-packages/apscheduler/schedulers/base.py", line 1195, in _process_jobs
    executor.submit_job(job, run_times)
  File "/Users/ahmed/Downloads/evotrade_final/venv/lib/python3.11/site-packages/apscheduler/executors/base.py", line 74, in submit_job
    self._do_submit_job(job, run_times)
  File "/Users/ahmed/Downloads/evotrade_final/venv/lib/python3.11/site-packages/apscheduler/executors/pool.py", line 27, in _do_submit_job
    f = self._pool.submit(
        ^^^^^^^^^^^^^^^^^^
  File "/opt/homebrew/Cellar/python@3.11/3.11.13/Frameworks/Python.framework/Versions/3.11/lib/python3.11/concurrent/futures/thread.py", line 167, in submit
    raise RuntimeError('cannot schedule new futures after shutdown')
RuntimeError: cannot schedule new futures after shutdown
2026-04-11 10:24:57,899 [apscheduler.scheduler] ERROR: Error submitting job "TradingEngine._trading_cycle (trigger: interval[0:00:30], next run at: 2026-04-11 10:24:57 PKT)" to executor "default"
Traceback (most recent call last):
  File "/Users/ahmed/Downloads/evotrade_final/venv/lib/python3.11/site-packages/apscheduler/schedulers/base.py", line 1195, in _process_jobs
    executor.submit_job(job, run_times)
  File "/Users/ahmed/Downloads/evotrade_final/venv/lib/python3.11/site-packages/apscheduler/executors/base.py", line 74, in submit_job
    self._do_submit_job(job, run_times)
  File "/Users/ahmed/Downloads/evotrade_final/venv/lib/python3.11/site-packages/apscheduler/executors/pool.py", line 27, in _do_submit_job
    f = self._pool.submit(
        ^^^^^^^^^^^^^^^^^^
  File "/opt/homebrew/Cellar/python@3.11/3.11.13/Frameworks/Python.framework/Versions/3.11/lib/python3.11/concurrent/futures/thread.py", line 167, in submit
    raise RuntimeError('cannot schedule new futures after shutdown')
RuntimeError: cannot schedule new futures after shutdown
2026-04-11 10:30:24,878 [apscheduler.scheduler] ERROR: Error submitting job "TradingEngine._trading_cycle (trigger: interval[0:00:30], next run at: 2026-04-11 10:25:27 PKT)" to executor "default"
Traceback (most recent call last):
  File "/Users/ahmed/Downloads/evotrade_final/venv/lib/python3.11/site-packages/apscheduler/schedulers/base.py", line 1195, in _process_jobs
    executor.submit_job(job, run_times)
  File "/Users/ahmed/Downloads/evotrade_final/venv/lib/python3.11/site-packages/apscheduler/executors/base.py", line 74, in submit_job
    self._do_submit_job(job, run_times)
  File "/Users/ahmed/Downloads/evotrade_final/venv/lib/python3.11/site-packages/apscheduler/executors/pool.py", line 27, in _do_submit_job
    f = self._pool.submit(
        ^^^^^^^^^^^^^^^^^^
  File "/opt/homebrew/Cellar/python@3.11/3.11.13/Frameworks/Python.framework/Versions/3.11/lib/python3.11/concurrent/futures/thread.py", line 167, in submit
    raise RuntimeError('cannot schedule new futures after shutdown')
RuntimeError: cannot schedule new futures after shutdown
2026-04-11 10:30:27,886 [apscheduler.scheduler] ERROR: Error submitting job "TradingEngine._trading_cycle (trigger: interval[0:00:30], next run at: 2026-04-11 10:30:27 PKT)" to executor "default"
Traceback (most recent call last):
  File "/Users/ahmed/Downloads/evotrade_final/venv/lib/python3.11/site-packages/apscheduler/schedulers/base.py", line 1195, in _process_jobs
    executor.submit_job(job, run_times)
  File "/Users/ahmed/Downloads/evotrade_final/venv/lib/python3.11/site-packages/apscheduler/executors/base.py", line 74, in submit_job
    self._do_submit_job(job, run_times)
  File "/Users/ahmed/Downloads/evotrade_final/venv/lib/python3.11/site-packages/apscheduler/executors/pool.py", line 27, in _do_submit_job
    f = self._pool.submit(
        ^^^^^^^^^^^^^^^^^^
  File "/opt/homebrew/Cellar/python@3.11/3.11.13/Frameworks/Python.framework/Versions/3.11/lib/python3.11/concurrent/futures/thread.py", line 167, in submit
    raise RuntimeError('cannot schedule new futures after shutdown')
RuntimeError: cannot schedule new futures after shutdown
2026-04-11 10:51:30,514 [apscheduler.scheduler] ERROR: Error submitting job "TradingEngine._trading_cycle (trigger: interval[0:00:30], next run at: 2026-04-11 10:30:57 PKT)" to executor "default"
Traceback (most recent call last):
  File "/Users/ahmed/Downloads/evotrade_final/venv/lib/python3.11/site-packages/apscheduler/schedulers/base.py", line 1195, in _process_jobs
    executor.submit_job(job, run_times)
  File "/Users/ahmed/Downloads/evotrade_final/venv/lib/python3.11/site-packages/apscheduler/executors/base.py", line 74, in submit_job
    self._do_submit_job(job, run_times)
  File "/Users/ahmed/Downloads/evotrade_final/venv/lib/python3.11/site-packages/apscheduler/executors/pool.py", line 27, in _do_submit_job
    f = self._pool.submit(
        ^^^^^^^^^^^^^^^^^^
  File "/opt/homebrew/Cellar/python@3.11/3.11.13/Frameworks/Python.framework/Versions/3.11/lib/python3.11/concurrent/futures/thread.py", line 167, in submit
    raise RuntimeError('cannot schedule new futures after shutdown')
RuntimeError: cannot schedule new futures after shutdown
2026-04-11 11:16:39,181 [apscheduler.scheduler] ERROR: Error submitting job "TradingEngine._trading_cycle (trigger: interval[0:00:30], next run at: 2026-04-11 10:51:57 PKT)" to executor "default"
Traceback (most recent call last):
  File "/Users/ahmed/Downloads/evotrade_final/venv/lib/python3.11/site-packages/apscheduler/schedulers/base.py", line 1195, in _process_jobs
    executor.submit_job(job, run_times)
  File "/Users/ahmed/Downloads/evotrade_final/venv/lib/python3.11/site-packages/apscheduler/executors/base.py", line 74, in submit_job
    self._do_submit_job(job, run_times)
  File "/Users/ahmed/Downloads/evotrade_final/venv/lib/python3.11/site-packages/apscheduler/executors/pool.py", line 27, in _do_submit_job
    f = self._pool.submit(
        ^^^^^^^^^^^^^^^^^^
  File "/opt/homebrew/Cellar/python@3.11/3.11.13/Frameworks/Python.framework/Versions/3.11/lib/python3.11/concurrent/futures/thread.py", line 167, in submit
    raise RuntimeError('cannot schedule new futures after shutdown')
RuntimeError: cannot schedule new futures after shutdown
2026-04-11 11:47:24,404 [apscheduler.scheduler] ERROR: Error submitting job "TradingEngine._trading_cycle (trigger: interval[0:00:30], next run at: 2026-04-11 11:16:57 PKT)" to executor "default"
Traceback (most recent call last):
  File "/Users/ahmed/Downloads/evotrade_final/venv/lib/python3.11/site-packages/apscheduler/schedulers/base.py", line 1195, in _process_jobs
    executor.submit_job(job, run_times)
  File "/Users/ahmed/Downloads/evotrade_final/venv/lib/python3.11/site-packages/apscheduler/executors/base.py", line 74, in submit_job
    self._do_submit_job(job, run_times)
  File "/Users/ahmed/Downloads/evotrade_final/venv/lib/python3.11/site-packages/apscheduler/executors/pool.py", line 27, in _do_submit_job
    f = self._pool.submit(
        ^^^^^^^^^^^^^^^^^^
  File "/opt/homebrew/Cellar/python@3.11/3.11.13/Frameworks/Python.framework/Versions/3.11/lib/python3.11/concurrent/futures/thread.py", line 167, in submit
    raise RuntimeError('cannot schedule new futures after shutdown')
RuntimeError: cannot schedule new futures after shutdown
2026-04-11 11:47:27,884 [apscheduler.scheduler] ERROR: Error submitting job "TradingEngine._trading_cycle (trigger: interval[0:00:30], next run at: 2026-04-11 11:47:27 PKT)" to executor "default"
Traceback (most recent call last):
  File "/Users/ahmed/Downloads/evotrade_final/venv/lib/python3.11/site-packages/apscheduler/schedulers/base.py", line 1195, in _process_jobs
    executor.submit_job(job, run_times)
  File "/Users/ahmed/Downloads/evotrade_final/venv/lib/python3.11/site-packages/apscheduler/executors/base.py", line 74, in submit_job
    self._do_submit_job(job, run_times)
  File "/Users/ahmed/Downloads/evotrade_final/venv/lib/python3.11/site-packages/apscheduler/executors/pool.py", line 27, in _do_submit_job
    f = self._pool.submit(
        ^^^^^^^^^^^^^^^^^^
  File "/opt/homebrew/Cellar/python@3.11/3.11.13/Frameworks/Python.framework/Versions/3.11/lib/python3.11/concurrent/futures/thread.py", line 167, in submit
    raise RuntimeError('cannot schedule new futures after shutdown')
RuntimeError: cannot schedule new futures after shutdown
2026-04-11 11:47:57,892 [apscheduler.scheduler] ERROR: Error submitting job "TradingEngine._trading_cycle (trigger: interval[0:00:30], next run at: 2026-04-11 11:47:57 PKT)" to executor "default"
Traceback (most recent call last):
  File "/Users/ahmed/Downloads/evotrade_final/venv/lib/python3.11/site-packages/apscheduler/schedulers/base.py", line 1195, in _process_jobs
    executor.submit_job(job, run_times)
  File "/Users/ahmed/Downloads/evotrade_final/venv/lib/python3.11/site-packages/apscheduler/executors/base.py", line 74, in submit_job
    self._do_submit_job(job, run_times)
  File "/Users/ahmed/Downloads/evotrade_final/venv/lib/python3.11/site-packages/apscheduler/executors/pool.py", line 27, in _do_submit_job
    f = self._pool.submit(
        ^^^^^^^^^^^^^^^^^^
  File "/opt/homebrew/Cellar/python@3.11/3.11.13/Frameworks/Python.framework/Versions/3.11/lib/python3.11/concurrent/futures/thread.py", line 167, in submit
    raise RuntimeError('cannot schedule new futures after shutdown')
RuntimeError: cannot schedule new futures after shutdown
2026-04-11 12:17:51,546 [apscheduler.scheduler] ERROR: Error submitting job "TradingEngine._trading_cycle (trigger: interval[0:00:30], next run at: 2026-04-11 11:48:27 PKT)" to executor "default"
Traceback (most recent call last):
  File "/Users/ahmed/Downloads/evotrade_final/venv/lib/python3.11/site-packages/apscheduler/schedulers/base.py", line 1195, in _process_jobs
    executor.submit_job(job, run_times)
  File "/Users/ahmed/Downloads/evotrade_final/venv/lib/python3.11/site-packages/apscheduler/executors/base.py", line 74, in submit_job
    self._do_submit_job(job, run_times)
  File "/Users/ahmed/Downloads/evotrade_final/venv/lib/python3.11/site-packages/apscheduler/executors/pool.py", line 27, in _do_submit_job
    f = self._pool.submit(
        ^^^^^^^^^^^^^^^^^^
  File "/opt/homebrew/Cellar/python@3.11/3.11.13/Frameworks/Python.framework/Versions/3.11/lib/python3.11/concurrent/futures/thread.py", line 167, in submit
    raise RuntimeError('cannot schedule new futures after shutdown')
RuntimeError: cannot schedule new futures after shutdown
2026-04-11 13:11:31,725 [apscheduler.scheduler] ERROR: Error submitting job "TradingEngine._trading_cycle (trigger: interval[0:00:30], next run at: 2026-04-11 12:17:57 PKT)" to executor "default"
Traceback (most recent call last):
  File "/Users/ahmed/Downloads/evotrade_final/venv/lib/python3.11/site-packages/apscheduler/schedulers/base.py", line 1195, in _process_jobs
    executor.submit_job(job, run_times)
  File "/Users/ahmed/Downloads/evotrade_final/venv/lib/python3.11/site-packages/apscheduler/executors/base.py", line 74, in submit_job
    self._do_submit_job(job, run_times)
  File "/Users/ahmed/Downloads/evotrade_final/venv/lib/python3.11/site-packages/apscheduler/executors/pool.py", line 27, in _do_submit_job
    f = self._pool.submit(
        ^^^^^^^^^^^^^^^^^^
  File "/opt/homebrew/Cellar/python@3.11/3.11.13/Frameworks/Python.framework/Versions/3.11/lib/python3.11/concurrent/futures/thread.py", line 167, in submit
    raise RuntimeError('cannot schedule new futures after shutdown')
RuntimeError: cannot schedule new futures after shutdown
2026-04-11 13:11:31,728 [apscheduler.scheduler] ERROR: Error submitting job "TradingEngine._evolution_cycle (trigger: interval[6:00:00], next run at: 2026-04-11 12:36:27 PKT)" to executor "default"
Traceback (most recent call last):
  File "/Users/ahmed/Downloads/evotrade_final/venv/lib/python3.11/site-packages/apscheduler/schedulers/base.py", line 1195, in _process_jobs
    executor.submit_job(job, run_times)
  File "/Users/ahmed/Downloads/evotrade_final/venv/lib/python3.11/site-packages/apscheduler/executors/base.py", line 74, in submit_job
    self._do_submit_job(job, run_times)
  File "/Users/ahmed/Downloads/evotrade_final/venv/lib/python3.11/site-packages/apscheduler/executors/pool.py", line 27, in _do_submit_job
    f = self._pool.submit(
        ^^^^^^^^^^^^^^^^^^
  File "/opt/homebrew/Cellar/python@3.11/3.11.13/Frameworks/Python.framework/Versions/3.11/lib/python3.11/concurrent/futures/thread.py", line 167, in submit
    raise RuntimeError('cannot schedule new futures after shutdown')
RuntimeError: cannot schedule new futures after shutdown
2026-04-11 13:11:57,884 [apscheduler.scheduler] ERROR: Error submitting job "TradingEngine._trading_cycle (trigger: interval[0:00:30], next run at: 2026-04-11 13:11:57 PKT)" to executor "default"
Traceback (most recent call last):
  File "/Users/ahmed/Downloads/evotrade_final/venv/lib/python3.11/site-packages/apscheduler/schedulers/base.py", line 1195, in _process_jobs
    executor.submit_job(job, run_times)
  File "/Users/ahmed/Downloads/evotrade_final/venv/lib/python3.11/site-packages/apscheduler/executors/base.py", line 74, in submit_job
    self._do_submit_job(job, run_times)
  File "/Users/ahmed/Downloads/evotrade_final/venv/lib/python3.11/site-packages/apscheduler/executors/pool.py", line 27, in _do_submit_job
    f = self._pool.submit(
        ^^^^^^^^^^^^^^^^^^
  File "/opt/homebrew/Cellar/python@3.11/3.11.13/Frameworks/Python.framework/Versions/3.11/lib/python3.11/concurrent/futures/thread.py", line 167, in submit
    raise RuntimeError('cannot schedule new futures after shutdown')
RuntimeError: cannot schedule new futures after shutdown
2026-04-11 14:12:34,820 [apscheduler.scheduler] ERROR: Error submitting job "TradingEngine._trading_cycle (trigger: interval[0:00:30], next run at: 2026-04-11 13:12:27 PKT)" to executor "default"
Traceback (most recent call last):
  File "/Users/ahmed/Downloads/evotrade_final/venv/lib/python3.11/site-packages/apscheduler/schedulers/base.py", line 1195, in _process_jobs
    executor.submit_job(job, run_times)
  File "/Users/ahmed/Downloads/evotrade_final/venv/lib/python3.11/site-packages/apscheduler/executors/base.py", line 74, in submit_job
    self._do_submit_job(job, run_times)
  File "/Users/ahmed/Downloads/evotrade_final/venv/lib/python3.11/site-packages/apscheduler/executors/pool.py", line 27, in _do_submit_job
    f = self._pool.submit(
        ^^^^^^^^^^^^^^^^^^
  File "/opt/homebrew/Cellar/python@3.11/3.11.13/Frameworks/Python.framework/Versions/3.11/lib/python3.11/concurrent/futures/thread.py", line 167, in submit
    raise RuntimeError('cannot schedule new futures after shutdown')
RuntimeError: cannot schedule new futures after shutdown
2026-04-11 14:12:57,893 [apscheduler.scheduler] ERROR: Error submitting job "TradingEngine._trading_cycle (trigger: interval[0:00:30], next run at: 2026-04-11 14:12:57 PKT)" to executor "default"
Traceback (most recent call last):
  File "/Users/ahmed/Downloads/evotrade_final/venv/lib/python3.11/site-packages/apscheduler/schedulers/base.py", line 1195, in _process_jobs
    executor.submit_job(job, run_times)
  File "/Users/ahmed/Downloads/evotrade_final/venv/lib/python3.11/site-packages/apscheduler/executors/base.py", line 74, in submit_job
    self._do_submit_job(job, run_times)
  File "/Users/ahmed/Downloads/evotrade_final/venv/lib/python3.11/site-packages/apscheduler/executors/pool.py", line 27, in _do_submit_job
    f = self._pool.submit(
        ^^^^^^^^^^^^^^^^^^
  File "/opt/homebrew/Cellar/python@3.11/3.11.13/Frameworks/Python.framework/Versions/3.11/lib/python3.11/concurrent/futures/thread.py", line 167, in submit
    raise RuntimeError('cannot schedule new futures after shutdown')
RuntimeError: cannot schedule new futures after shutdown
2026-04-11 14:19:52,406 [apscheduler.scheduler] ERROR: Error submitting job "TradingEngine._trading_cycle (trigger: interval[0:00:30], next run at: 2026-04-11 14:13:27 PKT)" to executor "default"
Traceback (most recent call last):
  File "/Users/ahmed/Downloads/evotrade_final/venv/lib/python3.11/site-packages/apscheduler/schedulers/base.py", line 1195, in _process_jobs
    executor.submit_job(job, run_times)
  File "/Users/ahmed/Downloads/evotrade_final/venv/lib/python3.11/site-packages/apscheduler/executors/base.py", line 74, in submit_job
    self._do_submit_job(job, run_times)
  File "/Users/ahmed/Downloads/evotrade_final/venv/lib/python3.11/site-packages/apscheduler/executors/pool.py", line 27, in _do_submit_job
    f = self._pool.submit(
        ^^^^^^^^^^^^^^^^^^
  File "/opt/homebrew/Cellar/python@3.11/3.11.13/Frameworks/Python.framework/Versions/3.11/lib/python3.11/concurrent/futures/thread.py", line 167, in submit
    raise RuntimeError('cannot schedule new futures after shutdown')
RuntimeError: cannot schedule new futures after shutdown
2026-04-11 15:13:36,448 [apscheduler.scheduler] ERROR: Error submitting job "TradingEngine._trading_cycle (trigger: interval[0:00:30], next run at: 2026-04-11 14:19:57 PKT)" to executor "default"
Traceback (most recent call last):
  File "/Users/ahmed/Downloads/evotrade_final/venv/lib/python3.11/site-packages/apscheduler/schedulers/base.py", line 1195, in _process_jobs
    executor.submit_job(job, run_times)
  File "/Users/ahmed/Downloads/evotrade_final/venv/lib/python3.11/site-packages/apscheduler/executors/base.py", line 74, in submit_job
    self._do_submit_job(job, run_times)
  File "/Users/ahmed/Downloads/evotrade_final/venv/lib/python3.11/site-packages/apscheduler/executors/pool.py", line 27, in _do_submit_job
    f = self._pool.submit(
        ^^^^^^^^^^^^^^^^^^
  File "/opt/homebrew/Cellar/python@3.11/3.11.13/Frameworks/Python.framework/Versions/3.11/lib/python3.11/concurrent/futures/thread.py", line 167, in submit
    raise RuntimeError('cannot schedule new futures after shutdown')
RuntimeError: cannot schedule new futures after shutdown
2026-04-11 15:13:57,892 [apscheduler.scheduler] ERROR: Error submitting job "TradingEngine._trading_cycle (trigger: interval[0:00:30], next run at: 2026-04-11 15:13:57 PKT)" to executor "default"
Traceback (most recent call last):
  File "/Users/ahmed/Downloads/evotrade_final/venv/lib/python3.11/site-packages/apscheduler/schedulers/base.py", line 1195, in _process_jobs
    executor.submit_job(job, run_times)
  File "/Users/ahmed/Downloads/evotrade_final/venv/lib/python3.11/site-packages/apscheduler/executors/base.py", line 74, in submit_job
    self._do_submit_job(job, run_times)
  File "/Users/ahmed/Downloads/evotrade_final/venv/lib/python3.11/site-packages/apscheduler/executors/pool.py", line 27, in _do_submit_job
    f = self._pool.submit(
        ^^^^^^^^^^^^^^^^^^
  File "/opt/homebrew/Cellar/python@3.11/3.11.13/Frameworks/Python.framework/Versions/3.11/lib/python3.11/concurrent/futures/thread.py", line 167, in submit
    raise RuntimeError('cannot schedule new futures after shutdown')
RuntimeError: cannot schedule new futures after shutdown
2026-04-11 15:34:49,059 [apscheduler.scheduler] ERROR: Error submitting job "TradingEngine._trading_cycle (trigger: interval[0:00:30], next run at: 2026-04-11 15:14:27 PKT)" to executor "default"
Traceback (most recent call last):
  File "/Users/ahmed/Downloads/evotrade_final/venv/lib/python3.11/site-packages/apscheduler/schedulers/base.py", line 1195, in _process_jobs
    executor.submit_job(job, run_times)
  File "/Users/ahmed/Downloads/evotrade_final/venv/lib/python3.11/site-packages/apscheduler/executors/base.py", line 74, in submit_job
    self._do_submit_job(job, run_times)
  File "/Users/ahmed/Downloads/evotrade_final/venv/lib/python3.11/site-packages/apscheduler/executors/pool.py", line 27, in _do_submit_job
    f = self._pool.submit(
        ^^^^^^^^^^^^^^^^^^
  File "/opt/homebrew/Cellar/python@3.11/3.11.13/Frameworks/Python.framework/Versions/3.11/lib/python3.11/concurrent/futures/thread.py", line 167, in submit
    raise RuntimeError('cannot schedule new futures after shutdown')
RuntimeError: cannot schedule new futures after shutdown
2026-04-11 15:34:57,892 [apscheduler.scheduler] ERROR: Error submitting job "TradingEngine._trading_cycle (trigger: interval[0:00:30], next run at: 2026-04-11 15:34:57 PKT)" to executor "default"
Traceback (most recent call last):
  File "/Users/ahmed/Downloads/evotrade_final/venv/lib/python3.11/site-packages/apscheduler/schedulers/base.py", line 1195, in _process_jobs
    executor.submit_job(job, run_times)
  File "/Users/ahmed/Downloads/evotrade_final/venv/lib/python3.11/site-packages/apscheduler/executors/base.py", line 74, in submit_job
    self._do_submit_job(job, run_times)
  File "/Users/ahmed/Downloads/evotrade_final/venv/lib/python3.11/site-packages/apscheduler/executors/pool.py", line 27, in _do_submit_job
    f = self._pool.submit(
        ^^^^^^^^^^^^^^^^^^
  File "/opt/homebrew/Cellar/python@3.11/3.11.13/Frameworks/Python.framework/Versions/3.11/lib/python3.11/concurrent/futures/thread.py", line 167, in submit
    raise RuntimeError('cannot schedule new futures after shutdown')
RuntimeError: cannot schedule new futures after shutdown
2026-04-11 15:38:54,730 [apscheduler.scheduler] ERROR: Error submitting job "TradingEngine._trading_cycle (trigger: interval[0:00:30], next run at: 2026-04-11 15:35:27 PKT)" to executor "default"
Traceback (most recent call last):
  File "/Users/ahmed/Downloads/evotrade_final/venv/lib/python3.11/site-packages/apscheduler/schedulers/base.py", line 1195, in _process_jobs
    executor.submit_job(job, run_times)
  File "/Users/ahmed/Downloads/evotrade_final/venv/lib/python3.11/site-packages/apscheduler/executors/base.py", line 74, in submit_job
    self._do_submit_job(job, run_times)
  File "/Users/ahmed/Downloads/evotrade_final/venv/lib/python3.11/site-packages/apscheduler/executors/pool.py", line 27, in _do_submit_job
    f = self._pool.submit(
        ^^^^^^^^^^^^^^^^^^
  File "/opt/homebrew/Cellar/python@3.11/3.11.13/Frameworks/Python.framework/Versions/3.11/lib/python3.11/concurrent/futures/thread.py", line 167, in submit
    raise RuntimeError('cannot schedule new futures after shutdown')
RuntimeError: cannot schedule new futures after shutdown
2026-04-11 15:38:57,902 [apscheduler.scheduler] ERROR: Error submitting job "TradingEngine._trading_cycle (trigger: interval[0:00:30], next run at: 2026-04-11 15:38:57 PKT)" to executor "default"
Traceback (most recent call last):
  File "/Users/ahmed/Downloads/evotrade_final/venv/lib/python3.11/site-packages/apscheduler/schedulers/base.py", line 1195, in _process_jobs
    executor.submit_job(job, run_times)
  File "/Users/ahmed/Downloads/evotrade_final/venv/lib/python3.11/site-packages/apscheduler/executors/base.py", line 74, in submit_job
    self._do_submit_job(job, run_times)
  File "/Users/ahmed/Downloads/evotrade_final/venv/lib/python3.11/site-packages/apscheduler/executors/pool.py", line 27, in _do_submit_job
    f = self._pool.submit(
        ^^^^^^^^^^^^^^^^^^
  File "/opt/homebrew/Cellar/python@3.11/3.11.13/Frameworks/Python.framework/Versions/3.11/lib/python3.11/concurrent/futures/thread.py", line 167, in submit
    raise RuntimeError('cannot schedule new futures after shutdown')
RuntimeError: cannot schedule new futures after shutdown
2026-04-11 15:39:27,884 [apscheduler.scheduler] ERROR: Error submitting job "TradingEngine._trading_cycle (trigger: interval[0:00:30], next run at: 2026-04-11 15:39:27 PKT)" to executor "default"
Traceback (most recent call last):
  File "/Users/ahmed/Downloads/evotrade_final/venv/lib/python3.11/site-packages/apscheduler/schedulers/base.py", line 1195, in _process_jobs
    executor.submit_job(job, run_times)
  File "/Users/ahmed/Downloads/evotrade_final/venv/lib/python3.11/site-packages/apscheduler/executors/base.py", line 74, in submit_job
    self._do_submit_job(job, run_times)
  File "/Users/ahmed/Downloads/evotrade_final/venv/lib/python3.11/site-packages/apscheduler/executors/pool.py", line 27, in _do_submit_job
    f = self._pool.submit(
        ^^^^^^^^^^^^^^^^^^
  File "/opt/homebrew/Cellar/python@3.11/3.11.13/Frameworks/Python.framework/Versions/3.11/lib/python3.11/concurrent/futures/thread.py", line 167, in submit
    raise RuntimeError('cannot schedule new futures after shutdown')
RuntimeError: cannot schedule new futures after shutdown
2026-04-11 15:39:57,891 [apscheduler.scheduler] ERROR: Error submitting job "TradingEngine._trading_cycle (trigger: interval[0:00:30], next run at: 2026-04-11 15:39:57 PKT)" to executor "default"
Traceback (most recent call last):
  File "/Users/ahmed/Downloads/evotrade_final/venv/lib/python3.11/site-packages/apscheduler/schedulers/base.py", line 1195, in _process_jobs
    executor.submit_job(job, run_times)
  File "/Users/ahmed/Downloads/evotrade_final/venv/lib/python3.11/site-packages/apscheduler/executors/base.py", line 74, in submit_job
    self._do_submit_job(job, run_times)
  File "/Users/ahmed/Downloads/evotrade_final/venv/lib/python3.11/site-packages/apscheduler/executors/pool.py", line 27, in _do_submit_job
    f = self._pool.submit(
        ^^^^^^^^^^^^^^^^^^
  File "/opt/homebrew/Cellar/python@3.11/3.11.13/Frameworks/Python.framework/Versions/3.11/lib/python3.11/concurrent/futures/thread.py", line 167, in submit
    raise RuntimeError('cannot schedule new futures after shutdown')
RuntimeError: cannot schedule new futures after shutdown
2026-04-11 15:40:27,887 [apscheduler.scheduler] ERROR: Error submitting job "TradingEngine._trading_cycle (trigger: interval[0:00:30], next run at: 2026-04-11 15:40:27 PKT)" to executor "default"
Traceback (most recent call last):
  File "/Users/ahmed/Downloads/evotrade_final/venv/lib/python3.11/site-packages/apscheduler/schedulers/base.py", line 1195, in _process_jobs
    executor.submit_job(job, run_times)
  File "/Users/ahmed/Downloads/evotrade_final/venv/lib/python3.11/site-packages/apscheduler/executors/base.py", line 74, in submit_job
    self._do_submit_job(job, run_times)
  File "/Users/ahmed/Downloads/evotrade_final/venv/lib/python3.11/site-packages/apscheduler/executors/pool.py", line 27, in _do_submit_job
    f = self._pool.submit(
        ^^^^^^^^^^^^^^^^^^
  File "/opt/homebrew/Cellar/python@3.11/3.11.13/Frameworks/Python.framework/Versions/3.11/lib/python3.11/concurrent/futures/thread.py", line 167, in submit
    raise RuntimeError('cannot schedule new futures after shutdown')
RuntimeError: cannot schedule new futures after shutdown
2026-04-11 15:40:57,887 [apscheduler.scheduler] ERROR: Error submitting job "TradingEngine._trading_cycle (trigger: interval[0:00:30], next run at: 2026-04-11 15:40:57 PKT)" to executor "default"
Traceback (most recent call last):
  File "/Users/ahmed/Downloads/evotrade_final/venv/lib/python3.11/site-packages/apscheduler/schedulers/base.py", line 1195, in _process_jobs
    executor.submit_job(job, run_times)
  File "/Users/ahmed/Downloads/evotrade_final/venv/lib/python3.11/site-packages/apscheduler/executors/base.py", line 74, in submit_job
    self._do_submit_job(job, run_times)
  File "/Users/ahmed/Downloads/evotrade_final/venv/lib/python3.11/site-packages/apscheduler/executors/pool.py", line 27, in _do_submit_job
    f = self._pool.submit(
        ^^^^^^^^^^^^^^^^^^
  File "/opt/homebrew/Cellar/python@3.11/3.11.13/Frameworks/Python.framework/Versions/3.11/lib/python3.11/concurrent/futures/thread.py", line 167, in submit
    raise RuntimeError('cannot schedule new futures after shutdown')
RuntimeError: cannot schedule new futures after shutdown
2026-04-11 15:41:27,885 [apscheduler.scheduler] ERROR: Error submitting job "TradingEngine._trading_cycle (trigger: interval[0:00:30], next run at: 2026-04-11 15:41:27 PKT)" to executor "default"
Traceback (most recent call last):
  File "/Users/ahmed/Downloads/evotrade_final/venv/lib/python3.11/site-packages/apscheduler/schedulers/base.py", line 1195, in _process_jobs
    executor.submit_job(job, run_times)
  File "/Users/ahmed/Downloads/evotrade_final/venv/lib/python3.11/site-packages/apscheduler/executors/base.py", line 74, in submit_job
    self._do_submit_job(job, run_times)
  File "/Users/ahmed/Downloads/evotrade_final/venv/lib/python3.11/site-packages/apscheduler/executors/pool.py", line 27, in _do_submit_job
    f = self._pool.submit(
        ^^^^^^^^^^^^^^^^^^
  File "/opt/homebrew/Cellar/python@3.11/3.11.13/Frameworks/Python.framework/Versions/3.11/lib/python3.11/concurrent/futures/thread.py", line 167, in submit
    raise RuntimeError('cannot schedule new futures after shutdown')
RuntimeError: cannot schedule new futures after shutdown
2026-04-11 15:41:57,887 [apscheduler.scheduler] ERROR: Error submitting job "TradingEngine._trading_cycle (trigger: interval[0:00:30], next run at: 2026-04-11 15:41:57 PKT)" to executor "default"
Traceback (most recent call last):
  File "/Users/ahmed/Downloads/evotrade_final/venv/lib/python3.11/site-packages/apscheduler/schedulers/base.py", line 1195, in _process_jobs
    executor.submit_job(job, run_times)
  File "/Users/ahmed/Downloads/evotrade_final/venv/lib/python3.11/site-packages/apscheduler/executors/base.py", line 74, in submit_job
    self._do_submit_job(job, run_times)
  File "/Users/ahmed/Downloads/evotrade_final/venv/lib/python3.11/site-packages/apscheduler/executors/pool.py", line 27, in _do_submit_job
    f = self._pool.submit(
        ^^^^^^^^^^^^^^^^^^
  File "/opt/homebrew/Cellar/python@3.11/3.11.13/Frameworks/Python.framework/Versions/3.11/lib/python3.11/concurrent/futures/thread.py", line 167, in submit
    raise RuntimeError('cannot schedule new futures after shutdown')
RuntimeError: cannot schedule new futures after shutdown
2026-04-11 15:42:27,888 [apscheduler.scheduler] ERROR: Error submitting job "TradingEngine._trading_cycle (trigger: interval[0:00:30], next run at: 2026-04-11 15:42:27 PKT)" to executor "default"
Traceback (most recent call last):
  File "/Users/ahmed/Downloads/evotrade_final/venv/lib/python3.11/site-packages/apscheduler/schedulers/base.py", line 1195, in _process_jobs
    executor.submit_job(job, run_times)
  File "/Users/ahmed/Downloads/evotrade_final/venv/lib/python3.11/site-packages/apscheduler/executors/base.py", line 74, in submit_job
    self._do_submit_job(job, run_times)
  File "/Users/ahmed/Downloads/evotrade_final/venv/lib/python3.11/site-packages/apscheduler/executors/pool.py", line 27, in _do_submit_job
    f = self._pool.submit(
        ^^^^^^^^^^^^^^^^^^
  File "/opt/homebrew/Cellar/python@3.11/3.11.13/Frameworks/Python.framework/Versions/3.11/lib/python3.11/concurrent/futures/thread.py", line 167, in submit
    raise RuntimeError('cannot schedule new futures after shutdown')
RuntimeError: cannot schedule new futures after shutdown
2026-04-11 15:42:57,892 [apscheduler.scheduler] ERROR: Error submitting job "TradingEngine._trading_cycle (trigger: interval[0:00:30], next run at: 2026-04-11 15:42:57 PKT)" to executor "default"
Traceback (most recent call last):
  File "/Users/ahmed/Downloads/evotrade_final/venv/lib/python3.11/site-packages/apscheduler/schedulers/base.py", line 1195, in _process_jobs
    executor.submit_job(job, run_times)
  File "/Users/ahmed/Downloads/evotrade_final/venv/lib/python3.11/site-packages/apscheduler/executors/base.py", line 74, in submit_job
    self._do_submit_job(job, run_times)
  File "/Users/ahmed/Downloads/evotrade_final/venv/lib/python3.11/site-packages/apscheduler/executors/pool.py", line 27, in _do_submit_job
    f = self._pool.submit(
        ^^^^^^^^^^^^^^^^^^
  File "/opt/homebrew/Cellar/python@3.11/3.11.13/Frameworks/Python.framework/Versions/3.11/lib/python3.11/concurrent/futures/thread.py", line 167, in submit
    raise RuntimeError('cannot schedule new futures after shutdown')
RuntimeError: cannot schedule new futures after shutdown
2026-04-11 15:43:27,887 [apscheduler.scheduler] ERROR: Error submitting job "TradingEngine._trading_cycle (trigger: interval[0:00:30], next run at: 2026-04-11 15:43:27 PKT)" to executor "default"
Traceback (most recent call last):
  File "/Users/ahmed/Downloads/evotrade_final/venv/lib/python3.11/site-packages/apscheduler/schedulers/base.py", line 1195, in _process_jobs
    executor.submit_job(job, run_times)
  File "/Users/ahmed/Downloads/evotrade_final/venv/lib/python3.11/site-packages/apscheduler/executors/base.py", line 74, in submit_job
    self._do_submit_job(job, run_times)
  File "/Users/ahmed/Downloads/evotrade_final/venv/lib/python3.11/site-packages/apscheduler/executors/pool.py", line 27, in _do_submit_job
    f = self._pool.submit(
        ^^^^^^^^^^^^^^^^^^
  File "/opt/homebrew/Cellar/python@3.11/3.11.13/Frameworks/Python.framework/Versions/3.11/lib/python3.11/concurrent/futures/thread.py", line 167, in submit
    raise RuntimeError('cannot schedule new futures after shutdown')
RuntimeError: cannot schedule new futures after shutdown
2026-04-11 15:43:57,882 [apscheduler.scheduler] ERROR: Error submitting job "TradingEngine._trading_cycle (trigger: interval[0:00:30], next run at: 2026-04-11 15:43:57 PKT)" to executor "default"
Traceback (most recent call last):
  File "/Users/ahmed/Downloads/evotrade_final/venv/lib/python3.11/site-packages/apscheduler/schedulers/base.py", line 1195, in _process_jobs
    executor.submit_job(job, run_times)
  File "/Users/ahmed/Downloads/evotrade_final/venv/lib/python3.11/site-packages/apscheduler/executors/base.py", line 74, in submit_job
    self._do_submit_job(job, run_times)
  File "/Users/ahmed/Downloads/evotrade_final/venv/lib/python3.11/site-packages/apscheduler/executors/pool.py", line 27, in _do_submit_job
    f = self._pool.submit(
        ^^^^^^^^^^^^^^^^^^
  File "/opt/homebrew/Cellar/python@3.11/3.11.13/Frameworks/Python.framework/Versions/3.11/lib/python3.11/concurrent/futures/thread.py", line 167, in submit
    raise RuntimeError('cannot schedule new futures after shutdown')
RuntimeError: cannot schedule new futures after shutdown
2026-04-11 15:44:27,885 [apscheduler.scheduler] ERROR: Error submitting job "TradingEngine._trading_cycle (trigger: interval[0:00:30], next run at: 2026-04-11 15:44:27 PKT)" to executor "default"
Traceback (most recent call last):
  File "/Users/ahmed/Downloads/evotrade_final/venv/lib/python3.11/site-packages/apscheduler/schedulers/base.py", line 1195, in _process_jobs
    executor.submit_job(job, run_times)
  File "/Users/ahmed/Downloads/evotrade_final/venv/lib/python3.11/site-packages/apscheduler/executors/base.py", line 74, in submit_job
    self._do_submit_job(job, run_times)
  File "/Users/ahmed/Downloads/evotrade_final/venv/lib/python3.11/site-packages/apscheduler/executors/pool.py", line 27, in _do_submit_job
    f = self._pool.submit(
        ^^^^^^^^^^^^^^^^^^
  File "/opt/homebrew/Cellar/python@3.11/3.11.13/Frameworks/Python.framework/Versions/3.11/lib/python3.11/concurrent/futures/thread.py", line 167, in submit
    raise RuntimeError('cannot schedule new futures after shutdown')
RuntimeError: cannot schedule new futures after shutdown
2026-04-11 15:44:57,887 [apscheduler.scheduler] ERROR: Error submitting job "TradingEngine._trading_cycle (trigger: interval[0:00:30], next run at: 2026-04-11 15:44:57 PKT)" to executor "default"
Traceback (most recent call last):
  File "/Users/ahmed/Downloads/evotrade_final/venv/lib/python3.11/site-packages/apscheduler/schedulers/base.py", line 1195, in _process_jobs
    executor.submit_job(job, run_times)
  File "/Users/ahmed/Downloads/evotrade_final/venv/lib/python3.11/site-packages/apscheduler/executors/base.py", line 74, in submit_job
    self._do_submit_job(job, run_times)
  File "/Users/ahmed/Downloads/evotrade_final/venv/lib/python3.11/site-packages/apscheduler/executors/pool.py", line 27, in _do_submit_job
    f = self._pool.submit(
        ^^^^^^^^^^^^^^^^^^
  File "/opt/homebrew/Cellar/python@3.11/3.11.13/Frameworks/Python.framework/Versions/3.11/lib/python3.11/concurrent/futures/thread.py", line 167, in submit
    raise RuntimeError('cannot schedule new futures after shutdown')
RuntimeError: cannot schedule new futures after shutdown
2026-04-11 15:45:27,882 [apscheduler.scheduler] ERROR: Error submitting job "TradingEngine._trading_cycle (trigger: interval[0:00:30], next run at: 2026-04-11 15:45:27 PKT)" to executor "default"
Traceback (most recent call last):
  File "/Users/ahmed/Downloads/evotrade_final/venv/lib/python3.11/site-packages/apscheduler/schedulers/base.py", line 1195, in _process_jobs
    executor.submit_job(job, run_times)
  File "/Users/ahmed/Downloads/evotrade_final/venv/lib/python3.11/site-packages/apscheduler/executors/base.py", line 74, in submit_job
    self._do_submit_job(job, run_times)
  File "/Users/ahmed/Downloads/evotrade_final/venv/lib/python3.11/site-packages/apscheduler/executors/pool.py", line 27, in _do_submit_job
    f = self._pool.submit(
        ^^^^^^^^^^^^^^^^^^
  File "/opt/homebrew/Cellar/python@3.11/3.11.13/Frameworks/Python.framework/Versions/3.11/lib/python3.11/concurrent/futures/thread.py", line 167, in submit
    raise RuntimeError('cannot schedule new futures after shutdown')
RuntimeError: cannot schedule new futures after shutdown
2026-04-11 15:45:57,887 [apscheduler.scheduler] ERROR: Error submitting job "TradingEngine._trading_cycle (trigger: interval[0:00:30], next run at: 2026-04-11 15:45:57 PKT)" to executor "default"
Traceback (most recent call last):
  File "/Users/ahmed/Downloads/evotrade_final/venv/lib/python3.11/site-packages/apscheduler/schedulers/base.py", line 1195, in _process_jobs
    executor.submit_job(job, run_times)
  File "/Users/ahmed/Downloads/evotrade_final/venv/lib/python3.11/site-packages/apscheduler/executors/base.py", line 74, in submit_job
    self._do_submit_job(job, run_times)
  File "/Users/ahmed/Downloads/evotrade_final/venv/lib/python3.11/site-packages/apscheduler/executors/pool.py", line 27, in _do_submit_job
    f = self._pool.submit(
        ^^^^^^^^^^^^^^^^^^
  File "/opt/homebrew/Cellar/python@3.11/3.11.13/Frameworks/Python.framework/Versions/3.11/lib/python3.11/concurrent/futures/thread.py", line 167, in submit
    raise RuntimeError('cannot schedule new futures after shutdown')
RuntimeError: cannot schedule new futures after shutdown
2026-04-11 15:46:27,887 [apscheduler.scheduler] ERROR: Error submitting job "TradingEngine._trading_cycle (trigger: interval[0:00:30], next run at: 2026-04-11 15:46:27 PKT)" to executor "default"
Traceback (most recent call last):
  File "/Users/ahmed/Downloads/evotrade_final/venv/lib/python3.11/site-packages/apscheduler/schedulers/base.py", line 1195, in _process_jobs
    executor.submit_job(job, run_times)
  File "/Users/ahmed/Downloads/evotrade_final/venv/lib/python3.11/site-packages/apscheduler/executors/base.py", line 74, in submit_job
    self._do_submit_job(job, run_times)
  File "/Users/ahmed/Downloads/evotrade_final/venv/lib/python3.11/site-packages/apscheduler/executors/pool.py", line 27, in _do_submit_job
    f = self._pool.submit(
        ^^^^^^^^^^^^^^^^^^
  File "/opt/homebrew/Cellar/python@3.11/3.11.13/Frameworks/Python.framework/Versions/3.11/lib/python3.11/concurrent/futures/thread.py", line 167, in submit
    raise RuntimeError('cannot schedule new futures after shutdown')
RuntimeError: cannot schedule new futures after shutdown
2026-04-11 15:46:57,883 [apscheduler.scheduler] ERROR: Error submitting job "TradingEngine._trading_cycle (trigger: interval[0:00:30], next run at: 2026-04-11 15:46:57 PKT)" to executor "default"
Traceback (most recent call last):
  File "/Users/ahmed/Downloads/evotrade_final/venv/lib/python3.11/site-packages/apscheduler/schedulers/base.py", line 1195, in _process_jobs
    executor.submit_job(job, run_times)
  File "/Users/ahmed/Downloads/evotrade_final/venv/lib/python3.11/site-packages/apscheduler/executors/base.py", line 74, in submit_job
    self._do_submit_job(job, run_times)
  File "/Users/ahmed/Downloads/evotrade_final/venv/lib/python3.11/site-packages/apscheduler/executors/pool.py", line 27, in _do_submit_job
    f = self._pool.submit(
        ^^^^^^^^^^^^^^^^^^
  File "/opt/homebrew/Cellar/python@3.11/3.11.13/Frameworks/Python.framework/Versions/3.11/lib/python3.11/concurrent/futures/thread.py", line 167, in submit
    raise RuntimeError('cannot schedule new futures after shutdown')
RuntimeError: cannot schedule new futures after shutdown
2026-04-11 15:47:27,883 [apscheduler.scheduler] ERROR: Error submitting job "TradingEngine._trading_cycle (trigger: interval[0:00:30], next run at: 2026-04-11 15:47:27 PKT)" to executor "default"
Traceback (most recent call last):
  File "/Users/ahmed/Downloads/evotrade_final/venv/lib/python3.11/site-packages/apscheduler/schedulers/base.py", line 1195, in _process_jobs
    executor.submit_job(job, run_times)
  File "/Users/ahmed/Downloads/evotrade_final/venv/lib/python3.11/site-packages/apscheduler/executors/base.py", line 74, in submit_job
    self._do_submit_job(job, run_times)
  File "/Users/ahmed/Downloads/evotrade_final/venv/lib/python3.11/site-packages/apscheduler/executors/pool.py", line 27, in _do_submit_job
    f = self._pool.submit(
        ^^^^^^^^^^^^^^^^^^
  File "/opt/homebrew/Cellar/python@3.11/3.11.13/Frameworks/Python.framework/Versions/3.11/lib/python3.11/concurrent/futures/thread.py", line 167, in submit
    raise RuntimeError('cannot schedule new futures after shutdown')
RuntimeError: cannot schedule new futures after shutdown
2026-04-11 15:47:57,886 [apscheduler.scheduler] ERROR: Error submitting job "TradingEngine._trading_cycle (trigger: interval[0:00:30], next run at: 2026-04-11 15:47:57 PKT)" to executor "default"
Traceback (most recent call last):
  File "/Users/ahmed/Downloads/evotrade_final/venv/lib/python3.11/site-packages/apscheduler/schedulers/base.py", line 1195, in _process_jobs
    executor.submit_job(job, run_times)
  File "/Users/ahmed/Downloads/evotrade_final/venv/lib/python3.11/site-packages/apscheduler/executors/base.py", line 74, in submit_job
    self._do_submit_job(job, run_times)
  File "/Users/ahmed/Downloads/evotrade_final/venv/lib/python3.11/site-packages/apscheduler/executors/pool.py", line 27, in _do_submit_job
    f = self._pool.submit(
        ^^^^^^^^^^^^^^^^^^
  File "/opt/homebrew/Cellar/python@3.11/3.11.13/Frameworks/Python.framework/Versions/3.11/lib/python3.11/concurrent/futures/thread.py", line 167, in submit
    raise RuntimeError('cannot schedule new futures after shutdown')
RuntimeError: cannot schedule new futures after shutdown
2026-04-11 15:48:27,883 [apscheduler.scheduler] ERROR: Error submitting job "TradingEngine._trading_cycle (trigger: interval[0:00:30], next run at: 2026-04-11 15:48:27 PKT)" to executor "default"
Traceback (most recent call last):
  File "/Users/ahmed/Downloads/evotrade_final/venv/lib/python3.11/site-packages/apscheduler/schedulers/base.py", line 1195, in _process_jobs
    executor.submit_job(job, run_times)
  File "/Users/ahmed/Downloads/evotrade_final/venv/lib/python3.11/site-packages/apscheduler/executors/base.py", line 74, in submit_job
    self._do_submit_job(job, run_times)
  File "/Users/ahmed/Downloads/evotrade_final/venv/lib/python3.11/site-packages/apscheduler/executors/pool.py", line 27, in _do_submit_job
    f = self._pool.submit(
        ^^^^^^^^^^^^^^^^^^
  File "/opt/homebrew/Cellar/python@3.11/3.11.13/Frameworks/Python.framework/Versions/3.11/lib/python3.11/concurrent/futures/thread.py", line 167, in submit
    raise RuntimeError('cannot schedule new futures after shutdown')
RuntimeError: cannot schedule new futures after shutdown
2026-04-11 15:48:57,883 [apscheduler.scheduler] ERROR: Error submitting job "TradingEngine._trading_cycle (trigger: interval[0:00:30], next run at: 2026-04-11 15:48:57 PKT)" to executor "default"
Traceback (most recent call last):
  File "/Users/ahmed/Downloads/evotrade_final/venv/lib/python3.11/site-packages/apscheduler/schedulers/base.py", line 1195, in _process_jobs
    executor.submit_job(job, run_times)
  File "/Users/ahmed/Downloads/evotrade_final/venv/lib/python3.11/site-packages/apscheduler/executors/base.py", line 74, in submit_job
    self._do_submit_job(job, run_times)
  File "/Users/ahmed/Downloads/evotrade_final/venv/lib/python3.11/site-packages/apscheduler/executors/pool.py", line 27, in _do_submit_job
    f = self._pool.submit(
        ^^^^^^^^^^^^^^^^^^
  File "/opt/homebrew/Cellar/python@3.11/3.11.13/Frameworks/Python.framework/Versions/3.11/lib/python3.11/concurrent/futures/thread.py", line 167, in submit
    raise RuntimeError('cannot schedule new futures after shutdown')
RuntimeError: cannot schedule new futures after shutdown
2026-04-11 15:49:27,883 [apscheduler.scheduler] ERROR: Error submitting job "TradingEngine._trading_cycle (trigger: interval[0:00:30], next run at: 2026-04-11 15:49:27 PKT)" to executor "default"
Traceback (most recent call last):
  File "/Users/ahmed/Downloads/evotrade_final/venv/lib/python3.11/site-packages/apscheduler/schedulers/base.py", line 1195, in _process_jobs
    executor.submit_job(job, run_times)
  File "/Users/ahmed/Downloads/evotrade_final/venv/lib/python3.11/site-packages/apscheduler/executors/base.py", line 74, in submit_job
    self._do_submit_job(job, run_times)
  File "/Users/ahmed/Downloads/evotrade_final/venv/lib/python3.11/site-packages/apscheduler/executors/pool.py", line 27, in _do_submit_job
    f = self._pool.submit(
        ^^^^^^^^^^^^^^^^^^
  File "/opt/homebrew/Cellar/python@3.11/3.11.13/Frameworks/Python.framework/Versions/3.11/lib/python3.11/concurrent/futures/thread.py", line 167, in submit
    raise RuntimeError('cannot schedule new futures after shutdown')
RuntimeError: cannot schedule new futures after shutdown
2026-04-11 15:49:57,887 [apscheduler.scheduler] ERROR: Error submitting job "TradingEngine._trading_cycle (trigger: interval[0:00:30], next run at: 2026-04-11 15:49:57 PKT)" to executor "default"
Traceback (most recent call last):
  File "/Users/ahmed/Downloads/evotrade_final/venv/lib/python3.11/site-packages/apscheduler/schedulers/base.py", line 1195, in _process_jobs
    executor.submit_job(job, run_times)
  File "/Users/ahmed/Downloads/evotrade_final/venv/lib/python3.11/site-packages/apscheduler/executors/base.py", line 74, in submit_job
    self._do_submit_job(job, run_times)
  File "/Users/ahmed/Downloads/evotrade_final/venv/lib/python3.11/site-packages/apscheduler/executors/pool.py", line 27, in _do_submit_job
    f = self._pool.submit(
        ^^^^^^^^^^^^^^^^^^
  File "/opt/homebrew/Cellar/python@3.11/3.11.13/Frameworks/Python.framework/Versions/3.11/lib/python3.11/concurrent/futures/thread.py", line 167, in submit
    raise RuntimeError('cannot schedule new futures after shutdown')
RuntimeError: cannot schedule new futures after shutdown
2026-04-11 15:50:27,883 [apscheduler.scheduler] ERROR: Error submitting job "TradingEngine._trading_cycle (trigger: interval[0:00:30], next run at: 2026-04-11 15:50:27 PKT)" to executor "default"
Traceback (most recent call last):
  File "/Users/ahmed/Downloads/evotrade_final/venv/lib/python3.11/site-packages/apscheduler/schedulers/base.py", line 1195, in _process_jobs
    executor.submit_job(job, run_times)
  File "/Users/ahmed/Downloads/evotrade_final/venv/lib/python3.11/site-packages/apscheduler/executors/base.py", line 74, in submit_job
    self._do_submit_job(job, run_times)
  File "/Users/ahmed/Downloads/evotrade_final/venv/lib/python3.11/site-packages/apscheduler/executors/pool.py", line 27, in _do_submit_job
    f = self._pool.submit(
        ^^^^^^^^^^^^^^^^^^
  File "/opt/homebrew/Cellar/python@3.11/3.11.13/Frameworks/Python.framework/Versions/3.11/lib/python3.11/concurrent/futures/thread.py", line 167, in submit
    raise RuntimeError('cannot schedule new futures after shutdown')
RuntimeError: cannot schedule new futures after shutdown
2026-04-11 15:50:57,886 [apscheduler.scheduler] ERROR: Error submitting job "TradingEngine._trading_cycle (trigger: interval[0:00:30], next run at: 2026-04-11 15:50:57 PKT)" to executor "default"
Traceback (most recent call last):
  File "/Users/ahmed/Downloads/evotrade_final/venv/lib/python3.11/site-packages/apscheduler/schedulers/base.py", line 1195, in _process_jobs
    executor.submit_job(job, run_times)
  File "/Users/ahmed/Downloads/evotrade_final/venv/lib/python3.11/site-packages/apscheduler/executors/base.py", line 74, in submit_job
    self._do_submit_job(job, run_times)
  File "/Users/ahmed/Downloads/evotrade_final/venv/lib/python3.11/site-packages/apscheduler/executors/pool.py", line 27, in _do_submit_job
    f = self._pool.submit(
        ^^^^^^^^^^^^^^^^^^
  File "/opt/homebrew/Cellar/python@3.11/3.11.13/Frameworks/Python.framework/Versions/3.11/lib/python3.11/concurrent/futures/thread.py", line 167, in submit
    raise RuntimeError('cannot schedule new futures after shutdown')
RuntimeError: cannot schedule new futures after shutdown
2026-04-11 15:51:27,886 [apscheduler.scheduler] ERROR: Error submitting job "TradingEngine._trading_cycle (trigger: interval[0:00:30], next run at: 2026-04-11 15:51:27 PKT)" to executor "default"
Traceback (most recent call last):
  File "/Users/ahmed/Downloads/evotrade_final/venv/lib/python3.11/site-packages/apscheduler/schedulers/base.py", line 1195, in _process_jobs
    executor.submit_job(job, run_times)
  File "/Users/ahmed/Downloads/evotrade_final/venv/lib/python3.11/site-packages/apscheduler/executors/base.py", line 74, in submit_job
    self._do_submit_job(job, run_times)
  File "/Users/ahmed/Downloads/evotrade_final/venv/lib/python3.11/site-packages/apscheduler/executors/pool.py", line 27, in _do_submit_job
    f = self._pool.submit(
        ^^^^^^^^^^^^^^^^^^
  File "/opt/homebrew/Cellar/python@3.11/3.11.13/Frameworks/Python.framework/Versions/3.11/lib/python3.11/concurrent/futures/thread.py", line 167, in submit
    raise RuntimeError('cannot schedule new futures after shutdown')
RuntimeError: cannot schedule new futures after shutdown
2026-04-11 15:51:57,882 [apscheduler.scheduler] ERROR: Error submitting job "TradingEngine._trading_cycle (trigger: interval[0:00:30], next run at: 2026-04-11 15:51:57 PKT)" to executor "default"
Traceback (most recent call last):
  File "/Users/ahmed/Downloads/evotrade_final/venv/lib/python3.11/site-packages/apscheduler/schedulers/base.py", line 1195, in _process_jobs
    executor.submit_job(job, run_times)
  File "/Users/ahmed/Downloads/evotrade_final/venv/lib/python3.11/site-packages/apscheduler/executors/base.py", line 74, in submit_job
    self._do_submit_job(job, run_times)
  File "/Users/ahmed/Downloads/evotrade_final/venv/lib/python3.11/site-packages/apscheduler/executors/pool.py", line 27, in _do_submit_job
    f = self._pool.submit(
        ^^^^^^^^^^^^^^^^^^
  File "/opt/homebrew/Cellar/python@3.11/3.11.13/Frameworks/Python.framework/Versions/3.11/lib/python3.11/concurrent/futures/thread.py", line 167, in submit
    raise RuntimeError('cannot schedule new futures after shutdown')
RuntimeError: cannot schedule new futures after shutdown
2026-04-11 15:52:27,886 [apscheduler.scheduler] ERROR: Error submitting job "TradingEngine._trading_cycle (trigger: interval[0:00:30], next run at: 2026-04-11 15:52:27 PKT)" to executor "default"
Traceback (most recent call last):
  File "/Users/ahmed/Downloads/evotrade_final/venv/lib/python3.11/site-packages/apscheduler/schedulers/base.py", line 1195, in _process_jobs
    executor.submit_job(job, run_times)
  File "/Users/ahmed/Downloads/evotrade_final/venv/lib/python3.11/site-packages/apscheduler/executors/base.py", line 74, in submit_job
    self._do_submit_job(job, run_times)
  File "/Users/ahmed/Downloads/evotrade_final/venv/lib/python3.11/site-packages/apscheduler/executors/pool.py", line 27, in _do_submit_job
    f = self._pool.submit(
        ^^^^^^^^^^^^^^^^^^
  File "/opt/homebrew/Cellar/python@3.11/3.11.13/Frameworks/Python.framework/Versions/3.11/lib/python3.11/concurrent/futures/thread.py", line 167, in submit
    raise RuntimeError('cannot schedule new futures after shutdown')
RuntimeError: cannot schedule new futures after shutdown
2026-04-11 15:52:57,884 [apscheduler.scheduler] ERROR: Error submitting job "TradingEngine._trading_cycle (trigger: interval[0:00:30], next run at: 2026-04-11 15:52:57 PKT)" to executor "default"
Traceback (most recent call last):
  File "/Users/ahmed/Downloads/evotrade_final/venv/lib/python3.11/site-packages/apscheduler/schedulers/base.py", line 1195, in _process_jobs
    executor.submit_job(job, run_times)
  File "/Users/ahmed/Downloads/evotrade_final/venv/lib/python3.11/site-packages/apscheduler/executors/base.py", line 74, in submit_job
    self._do_submit_job(job, run_times)
  File "/Users/ahmed/Downloads/evotrade_final/venv/lib/python3.11/site-packages/apscheduler/executors/pool.py", line 27, in _do_submit_job
    f = self._pool.submit(
        ^^^^^^^^^^^^^^^^^^
  File "/opt/homebrew/Cellar/python@3.11/3.11.13/Frameworks/Python.framework/Versions/3.11/lib/python3.11/concurrent/futures/thread.py", line 167, in submit
    raise RuntimeError('cannot schedule new futures after shutdown')
RuntimeError: cannot schedule new futures after shutdown
2026-04-11 15:53:27,884 [apscheduler.scheduler] ERROR: Error submitting job "TradingEngine._trading_cycle (trigger: interval[0:00:30], next run at: 2026-04-11 15:53:27 PKT)" to executor "default"
Traceback (most recent call last):
  File "/Users/ahmed/Downloads/evotrade_final/venv/lib/python3.11/site-packages/apscheduler/schedulers/base.py", line 1195, in _process_jobs
    executor.submit_job(job, run_times)
  File "/Users/ahmed/Downloads/evotrade_final/venv/lib/python3.11/site-packages/apscheduler/executors/base.py", line 74, in submit_job
    self._do_submit_job(job, run_times)
  File "/Users/ahmed/Downloads/evotrade_final/venv/lib/python3.11/site-packages/apscheduler/executors/pool.py", line 27, in _do_submit_job
    f = self._pool.submit(
        ^^^^^^^^^^^^^^^^^^
  File "/opt/homebrew/Cellar/python@3.11/3.11.13/Frameworks/Python.framework/Versions/3.11/lib/python3.11/concurrent/futures/thread.py", line 167, in submit
    raise RuntimeError('cannot schedule new futures after shutdown')
RuntimeError: cannot schedule new futures after shutdown
2026-04-11 15:53:57,883 [apscheduler.scheduler] ERROR: Error submitting job "TradingEngine._trading_cycle (trigger: interval[0:00:30], next run at: 2026-04-11 15:53:57 PKT)" to executor "default"
Traceback (most recent call last):
  File "/Users/ahmed/Downloads/evotrade_final/venv/lib/python3.11/site-packages/apscheduler/schedulers/base.py", line 1195, in _process_jobs
    executor.submit_job(job, run_times)
  File "/Users/ahmed/Downloads/evotrade_final/venv/lib/python3.11/site-packages/apscheduler/executors/base.py", line 74, in submit_job
    self._do_submit_job(job, run_times)
  File "/Users/ahmed/Downloads/evotrade_final/venv/lib/python3.11/site-packages/apscheduler/executors/pool.py", line 27, in _do_submit_job
    f = self._pool.submit(
        ^^^^^^^^^^^^^^^^^^
  File "/opt/homebrew/Cellar/python@3.11/3.11.13/Frameworks/Python.framework/Versions/3.11/lib/python3.11/concurrent/futures/thread.py", line 167, in submit
    raise RuntimeError('cannot schedule new futures after shutdown')
RuntimeError: cannot schedule new futures after shutdown
2026-04-11 15:54:27,887 [apscheduler.scheduler] ERROR: Error submitting job "TradingEngine._trading_cycle (trigger: interval[0:00:30], next run at: 2026-04-11 15:54:27 PKT)" to executor "default"
Traceback (most recent call last):
  File "/Users/ahmed/Downloads/evotrade_final/venv/lib/python3.11/site-packages/apscheduler/schedulers/base.py", line 1195, in _process_jobs
    executor.submit_job(job, run_times)
  File "/Users/ahmed/Downloads/evotrade_final/venv/lib/python3.11/site-packages/apscheduler/executors/base.py", line 74, in submit_job
    self._do_submit_job(job, run_times)
  File "/Users/ahmed/Downloads/evotrade_final/venv/lib/python3.11/site-packages/apscheduler/executors/pool.py", line 27, in _do_submit_job
    f = self._pool.submit(
        ^^^^^^^^^^^^^^^^^^
  File "/opt/homebrew/Cellar/python@3.11/3.11.13/Frameworks/Python.framework/Versions/3.11/lib/python3.11/concurrent/futures/thread.py", line 167, in submit
    raise RuntimeError('cannot schedule new futures after shutdown')
RuntimeError: cannot schedule new futures after shutdown
2026-04-11 15:54:57,887 [apscheduler.scheduler] ERROR: Error submitting job "TradingEngine._trading_cycle (trigger: interval[0:00:30], next run at: 2026-04-11 15:54:57 PKT)" to executor "default"
Traceback (most recent call last):
  File "/Users/ahmed/Downloads/evotrade_final/venv/lib/python3.11/site-packages/apscheduler/schedulers/base.py", line 1195, in _process_jobs
    executor.submit_job(job, run_times)
  File "/Users/ahmed/Downloads/evotrade_final/venv/lib/python3.11/site-packages/apscheduler/executors/base.py", line 74, in submit_job
    self._do_submit_job(job, run_times)
  File "/Users/ahmed/Downloads/evotrade_final/venv/lib/python3.11/site-packages/apscheduler/executors/pool.py", line 27, in _do_submit_job
    f = self._pool.submit(
        ^^^^^^^^^^^^^^^^^^
  File "/opt/homebrew/Cellar/python@3.11/3.11.13/Frameworks/Python.framework/Versions/3.11/lib/python3.11/concurrent/futures/thread.py", line 167, in submit
    raise RuntimeError('cannot schedule new futures after shutdown')
RuntimeError: cannot schedule new futures after shutdown
2026-04-11 15:55:27,884 [apscheduler.scheduler] ERROR: Error submitting job "TradingEngine._trading_cycle (trigger: interval[0:00:30], next run at: 2026-04-11 15:55:27 PKT)" to executor "default"
Traceback (most recent call last):
  File "/Users/ahmed/Downloads/evotrade_final/venv/lib/python3.11/site-packages/apscheduler/schedulers/base.py", line 1195, in _process_jobs
    executor.submit_job(job, run_times)
  File "/Users/ahmed/Downloads/evotrade_final/venv/lib/python3.11/site-packages/apscheduler/executors/base.py", line 74, in submit_job
    self._do_submit_job(job, run_times)
  File "/Users/ahmed/Downloads/evotrade_final/venv/lib/python3.11/site-packages/apscheduler/executors/pool.py", line 27, in _do_submit_job
    f = self._pool.submit(
        ^^^^^^^^^^^^^^^^^^
  File "/opt/homebrew/Cellar/python@3.11/3.11.13/Frameworks/Python.framework/Versions/3.11/lib/python3.11/concurrent/futures/thread.py", line 167, in submit
    raise RuntimeError('cannot schedule new futures after shutdown')
RuntimeError: cannot schedule new futures after shutdown
2026-04-11 15:55:57,882 [apscheduler.scheduler] ERROR: Error submitting job "TradingEngine._trading_cycle (trigger: interval[0:00:30], next run at: 2026-04-11 15:55:57 PKT)" to executor "default"
Traceback (most recent call last):
  File "/Users/ahmed/Downloads/evotrade_final/venv/lib/python3.11/site-packages/apscheduler/schedulers/base.py", line 1195, in _process_jobs
    executor.submit_job(job, run_times)
  File "/Users/ahmed/Downloads/evotrade_final/venv/lib/python3.11/site-packages/apscheduler/executors/base.py", line 74, in submit_job
    self._do_submit_job(job, run_times)
  File "/Users/ahmed/Downloads/evotrade_final/venv/lib/python3.11/site-packages/apscheduler/executors/pool.py", line 27, in _do_submit_job
    f = self._pool.submit(
        ^^^^^^^^^^^^^^^^^^
  File "/opt/homebrew/Cellar/python@3.11/3.11.13/Frameworks/Python.framework/Versions/3.11/lib/python3.11/concurrent/futures/thread.py", line 167, in submit
    raise RuntimeError('cannot schedule new futures after shutdown')
RuntimeError: cannot schedule new futures after shutdown
2026-04-11 15:56:27,885 [apscheduler.scheduler] ERROR: Error submitting job "TradingEngine._trading_cycle (trigger: interval[0:00:30], next run at: 2026-04-11 15:56:27 PKT)" to executor "default"
Traceback (most recent call last):
  File "/Users/ahmed/Downloads/evotrade_final/venv/lib/python3.11/site-packages/apscheduler/schedulers/base.py", line 1195, in _process_jobs
    executor.submit_job(job, run_times)
  File "/Users/ahmed/Downloads/evotrade_final/venv/lib/python3.11/site-packages/apscheduler/executors/base.py", line 74, in submit_job
    self._do_submit_job(job, run_times)
  File "/Users/ahmed/Downloads/evotrade_final/venv/lib/python3.11/site-packages/apscheduler/executors/pool.py", line 27, in _do_submit_job
    f = self._pool.submit(
        ^^^^^^^^^^^^^^^^^^
  File "/opt/homebrew/Cellar/python@3.11/3.11.13/Frameworks/Python.framework/Versions/3.11/lib/python3.11/concurrent/futures/thread.py", line 167, in submit
    raise RuntimeError('cannot schedule new futures after shutdown')
RuntimeError: cannot schedule new futures after shutdown
2026-04-11 15:56:57,887 [apscheduler.scheduler] ERROR: Error submitting job "TradingEngine._trading_cycle (trigger: interval[0:00:30], next run at: 2026-04-11 15:56:57 PKT)" to executor "default"
Traceback (most recent call last):
  File "/Users/ahmed/Downloads/evotrade_final/venv/lib/python3.11/site-packages/apscheduler/schedulers/base.py", line 1195, in _process_jobs
    executor.submit_job(job, run_times)
  File "/Users/ahmed/Downloads/evotrade_final/venv/lib/python3.11/site-packages/apscheduler/executors/base.py", line 74, in submit_job
    self._do_submit_job(job, run_times)
  File "/Users/ahmed/Downloads/evotrade_final/venv/lib/python3.11/site-packages/apscheduler/executors/pool.py", line 27, in _do_submit_job
    f = self._pool.submit(
        ^^^^^^^^^^^^^^^^^^
  File "/opt/homebrew/Cellar/python@3.11/3.11.13/Frameworks/Python.framework/Versions/3.11/lib/python3.11/concurrent/futures/thread.py", line 167, in submit
    raise RuntimeError('cannot schedule new futures after shutdown')
RuntimeError: cannot schedule new futures after shutdown
2026-04-11 15:57:27,890 [apscheduler.scheduler] ERROR: Error submitting job "TradingEngine._trading_cycle (trigger: interval[0:00:30], next run at: 2026-04-11 15:57:27 PKT)" to executor "default"
Traceback (most recent call last):
  File "/Users/ahmed/Downloads/evotrade_final/venv/lib/python3.11/site-packages/apscheduler/schedulers/base.py", line 1195, in _process_jobs
    executor.submit_job(job, run_times)
  File "/Users/ahmed/Downloads/evotrade_final/venv/lib/python3.11/site-packages/apscheduler/executors/base.py", line 74, in submit_job
    self._do_submit_job(job, run_times)
  File "/Users/ahmed/Downloads/evotrade_final/venv/lib/python3.11/site-packages/apscheduler/executors/pool.py", line 27, in _do_submit_job
    f = self._pool.submit(
        ^^^^^^^^^^^^^^^^^^
  File "/opt/homebrew/Cellar/python@3.11/3.11.13/Frameworks/Python.framework/Versions/3.11/lib/python3.11/concurrent/futures/thread.py", line 167, in submit
    raise RuntimeError('cannot schedule new futures after shutdown')
RuntimeError: cannot schedule new futures after shutdown
2026-04-11 15:57:57,885 [apscheduler.scheduler] ERROR: Error submitting job "TradingEngine._trading_cycle (trigger: interval[0:00:30], next run at: 2026-04-11 15:57:57 PKT)" to executor "default"
Traceback (most recent call last):
  File "/Users/ahmed/Downloads/evotrade_final/venv/lib/python3.11/site-packages/apscheduler/schedulers/base.py", line 1195, in _process_jobs
    executor.submit_job(job, run_times)
  File "/Users/ahmed/Downloads/evotrade_final/venv/lib/python3.11/site-packages/apscheduler/executors/base.py", line 74, in submit_job
    self._do_submit_job(job, run_times)
  File "/Users/ahmed/Downloads/evotrade_final/venv/lib/python3.11/site-packages/apscheduler/executors/pool.py", line 27, in _do_submit_job
    f = self._pool.submit(
        ^^^^^^^^^^^^^^^^^^
  File "/opt/homebrew/Cellar/python@3.11/3.11.13/Frameworks/Python.framework/Versions/3.11/lib/python3.11/concurrent/futures/thread.py", line 167, in submit
    raise RuntimeError('cannot schedule new futures after shutdown')
RuntimeError: cannot schedule new futures after shutdown
2026-04-11 15:58:27,890 [apscheduler.scheduler] ERROR: Error submitting job "TradingEngine._trading_cycle (trigger: interval[0:00:30], next run at: 2026-04-11 15:58:27 PKT)" to executor "default"
Traceback (most recent call last):
  File "/Users/ahmed/Downloads/evotrade_final/venv/lib/python3.11/site-packages/apscheduler/schedulers/base.py", line 1195, in _process_jobs
    executor.submit_job(job, run_times)
  File "/Users/ahmed/Downloads/evotrade_final/venv/lib/python3.11/site-packages/apscheduler/executors/base.py", line 74, in submit_job
    self._do_submit_job(job, run_times)
  File "/Users/ahmed/Downloads/evotrade_final/venv/lib/python3.11/site-packages/apscheduler/executors/pool.py", line 27, in _do_submit_job
    f = self._pool.submit(
        ^^^^^^^^^^^^^^^^^^
  File "/opt/homebrew/Cellar/python@3.11/3.11.13/Frameworks/Python.framework/Versions/3.11/lib/python3.11/concurrent/futures/thread.py", line 167, in submit
    raise RuntimeError('cannot schedule new futures after shutdown')
RuntimeError: cannot schedule new futures after shutdown
2026-04-11 15:58:57,886 [apscheduler.scheduler] ERROR: Error submitting job "TradingEngine._trading_cycle (trigger: interval[0:00:30], next run at: 2026-04-11 15:58:57 PKT)" to executor "default"
Traceback (most recent call last):
  File "/Users/ahmed/Downloads/evotrade_final/venv/lib/python3.11/site-packages/apscheduler/schedulers/base.py", line 1195, in _process_jobs
    executor.submit_job(job, run_times)
  File "/Users/ahmed/Downloads/evotrade_final/venv/lib/python3.11/site-packages/apscheduler/executors/base.py", line 74, in submit_job
    self._do_submit_job(job, run_times)
  File "/Users/ahmed/Downloads/evotrade_final/venv/lib/python3.11/site-packages/apscheduler/executors/pool.py", line 27, in _do_submit_job
    f = self._pool.submit(
        ^^^^^^^^^^^^^^^^^^
  File "/opt/homebrew/Cellar/python@3.11/3.11.13/Frameworks/Python.framework/Versions/3.11/lib/python3.11/concurrent/futures/thread.py", line 167, in submit
    raise RuntimeError('cannot schedule new futures after shutdown')
RuntimeError: cannot schedule new futures after shutdown
2026-04-11 15:59:27,887 [apscheduler.scheduler] ERROR: Error submitting job "TradingEngine._trading_cycle (trigger: interval[0:00:30], next run at: 2026-04-11 15:59:27 PKT)" to executor "default"
Traceback (most recent call last):
  File "/Users/ahmed/Downloads/evotrade_final/venv/lib/python3.11/site-packages/apscheduler/schedulers/base.py", line 1195, in _process_jobs
    executor.submit_job(job, run_times)
  File "/Users/ahmed/Downloads/evotrade_final/venv/lib/python3.11/site-packages/apscheduler/executors/base.py", line 74, in submit_job
    self._do_submit_job(job, run_times)
  File "/Users/ahmed/Downloads/evotrade_final/venv/lib/python3.11/site-packages/apscheduler/executors/pool.py", line 27, in _do_submit_job
    f = self._pool.submit(
        ^^^^^^^^^^^^^^^^^^
  File "/opt/homebrew/Cellar/python@3.11/3.11.13/Frameworks/Python.framework/Versions/3.11/lib/python3.11/concurrent/futures/thread.py", line 167, in submit
    raise RuntimeError('cannot schedule new futures after shutdown')
RuntimeError: cannot schedule new futures after shutdown
2026-04-11 15:59:57,891 [apscheduler.scheduler] ERROR: Error submitting job "TradingEngine._trading_cycle (trigger: interval[0:00:30], next run at: 2026-04-11 15:59:57 PKT)" to executor "default"
Traceback (most recent call last):
  File "/Users/ahmed/Downloads/evotrade_final/venv/lib/python3.11/site-packages/apscheduler/schedulers/base.py", line 1195, in _process_jobs
    executor.submit_job(job, run_times)
  File "/Users/ahmed/Downloads/evotrade_final/venv/lib/python3.11/site-packages/apscheduler/executors/base.py", line 74, in submit_job
    self._do_submit_job(job, run_times)
  File "/Users/ahmed/Downloads/evotrade_final/venv/lib/python3.11/site-packages/apscheduler/executors/pool.py", line 27, in _do_submit_job
    f = self._pool.submit(
        ^^^^^^^^^^^^^^^^^^
  File "/opt/homebrew/Cellar/python@3.11/3.11.13/Frameworks/Python.framework/Versions/3.11/lib/python3.11/concurrent/futures/thread.py", line 167, in submit
    raise RuntimeError('cannot schedule new futures after shutdown')
RuntimeError: cannot schedule new futures after shutdown
2026-04-11 16:00:27,887 [apscheduler.scheduler] ERROR: Error submitting job "TradingEngine._trading_cycle (trigger: interval[0:00:30], next run at: 2026-04-11 16:00:27 PKT)" to executor "default"
Traceback (most recent call last):
  File "/Users/ahmed/Downloads/evotrade_final/venv/lib/python3.11/site-packages/apscheduler/schedulers/base.py", line 1195, in _process_jobs
    executor.submit_job(job, run_times)
  File "/Users/ahmed/Downloads/evotrade_final/venv/lib/python3.11/site-packages/apscheduler/executors/base.py", line 74, in submit_job
    self._do_submit_job(job, run_times)
  File "/Users/ahmed/Downloads/evotrade_final/venv/lib/python3.11/site-packages/apscheduler/executors/pool.py", line 27, in _do_submit_job
    f = self._pool.submit(
        ^^^^^^^^^^^^^^^^^^
  File "/opt/homebrew/Cellar/python@3.11/3.11.13/Frameworks/Python.framework/Versions/3.11/lib/python3.11/concurrent/futures/thread.py", line 167, in submit
    raise RuntimeError('cannot schedule new futures after shutdown')
RuntimeError: cannot schedule new futures after shutdown
2026-04-11 16:00:57,888 [apscheduler.scheduler] ERROR: Error submitting job "TradingEngine._trading_cycle (trigger: interval[0:00:30], next run at: 2026-04-11 16:00:57 PKT)" to executor "default"
Traceback (most recent call last):
  File "/Users/ahmed/Downloads/evotrade_final/venv/lib/python3.11/site-packages/apscheduler/schedulers/base.py", line 1195, in _process_jobs
    executor.submit_job(job, run_times)
  File "/Users/ahmed/Downloads/evotrade_final/venv/lib/python3.11/site-packages/apscheduler/executors/base.py", line 74, in submit_job
    self._do_submit_job(job, run_times)
  File "/Users/ahmed/Downloads/evotrade_final/venv/lib/python3.11/site-packages/apscheduler/executors/pool.py", line 27, in _do_submit_job
    f = self._pool.submit(
        ^^^^^^^^^^^^^^^^^^
  File "/opt/homebrew/Cellar/python@3.11/3.11.13/Frameworks/Python.framework/Versions/3.11/lib/python3.11/concurrent/futures/thread.py", line 167, in submit
    raise RuntimeError('cannot schedule new futures after shutdown')
RuntimeError: cannot schedule new futures after shutdown
2026-04-11 16:01:57,616 [apscheduler.scheduler] ERROR: Error submitting job "TradingEngine._trading_cycle (trigger: interval[0:00:30], next run at: 2026-04-11 16:01:27 PKT)" to executor "default"
Traceback (most recent call last):
  File "/Users/ahmed/Downloads/evotrade_final/venv/lib/python3.11/site-packages/apscheduler/schedulers/base.py", line 1195, in _process_jobs
    executor.submit_job(job, run_times)
  File "/Users/ahmed/Downloads/evotrade_final/venv/lib/python3.11/site-packages/apscheduler/executors/base.py", line 74, in submit_job
    self._do_submit_job(job, run_times)
  File "/Users/ahmed/Downloads/evotrade_final/venv/lib/python3.11/site-packages/apscheduler/executors/pool.py", line 27, in _do_submit_job
    f = self._pool.submit(
        ^^^^^^^^^^^^^^^^^^
  File "/opt/homebrew/Cellar/python@3.11/3.11.13/Frameworks/Python.framework/Versions/3.11/lib/python3.11/concurrent/futures/thread.py", line 167, in submit
    raise RuntimeError('cannot schedule new futures after shutdown')
RuntimeError: cannot schedule new futures after shutdown
2026-04-11 16:01:57,887 [apscheduler.scheduler] ERROR: Error submitting job "TradingEngine._trading_cycle (trigger: interval[0:00:30], next run at: 2026-04-11 16:01:57 PKT)" to executor "default"
Traceback (most recent call last):
  File "/Users/ahmed/Downloads/evotrade_final/venv/lib/python3.11/site-packages/apscheduler/schedulers/base.py", line 1195, in _process_jobs
    executor.submit_job(job, run_times)
  File "/Users/ahmed/Downloads/evotrade_final/venv/lib/python3.11/site-packages/apscheduler/executors/base.py", line 74, in submit_job
    self._do_submit_job(job, run_times)
  File "/Users/ahmed/Downloads/evotrade_final/venv/lib/python3.11/site-packages/apscheduler/executors/pool.py", line 27, in _do_submit_job
    f = self._pool.submit(
        ^^^^^^^^^^^^^^^^^^
  File "/opt/homebrew/Cellar/python@3.11/3.11.13/Frameworks/Python.framework/Versions/3.11/lib/python3.11/concurrent/futures/thread.py", line 167, in submit
    raise RuntimeError('cannot schedule new futures after shutdown')
RuntimeError: cannot schedule new futures after shutdown
2026-04-11 16:56:16,795 [apscheduler.scheduler] ERROR: Error submitting job "TradingEngine._trading_cycle (trigger: interval[0:00:30], next run at: 2026-04-11 16:02:27 PKT)" to executor "default"
Traceback (most recent call last):
  File "/Users/ahmed/Downloads/evotrade_final/venv/lib/python3.11/site-packages/apscheduler/schedulers/base.py", line 1195, in _process_jobs
    executor.submit_job(job, run_times)
  File "/Users/ahmed/Downloads/evotrade_final/venv/lib/python3.11/site-packages/apscheduler/executors/base.py", line 74, in submit_job
    self._do_submit_job(job, run_times)
  File "/Users/ahmed/Downloads/evotrade_final/venv/lib/python3.11/site-packages/apscheduler/executors/pool.py", line 27, in _do_submit_job
    f = self._pool.submit(
        ^^^^^^^^^^^^^^^^^^
  File "/opt/homebrew/Cellar/python@3.11/3.11.13/Frameworks/Python.framework/Versions/3.11/lib/python3.11/concurrent/futures/thread.py", line 167, in submit
    raise RuntimeError('cannot schedule new futures after shutdown')
RuntimeError: cannot schedule new futures after shutdown
2026-04-11 17:15:30,766 [apscheduler.scheduler] ERROR: Error submitting job "TradingEngine._trading_cycle (trigger: interval[0:00:30], next run at: 2026-04-11 16:56:27 PKT)" to executor "default"
Traceback (most recent call last):
  File "/Users/ahmed/Downloads/evotrade_final/venv/lib/python3.11/site-packages/apscheduler/schedulers/base.py", line 1195, in _process_jobs
    executor.submit_job(job, run_times)
  File "/Users/ahmed/Downloads/evotrade_final/venv/lib/python3.11/site-packages/apscheduler/executors/base.py", line 74, in submit_job
    self._do_submit_job(job, run_times)
  File "/Users/ahmed/Downloads/evotrade_final/venv/lib/python3.11/site-packages/apscheduler/executors/pool.py", line 27, in _do_submit_job
    f = self._pool.submit(
        ^^^^^^^^^^^^^^^^^^
  File "/opt/homebrew/Cellar/python@3.11/3.11.13/Frameworks/Python.framework/Versions/3.11/lib/python3.11/concurrent/futures/thread.py", line 167, in submit
    raise RuntimeError('cannot schedule new futures after shutdown')
RuntimeError: cannot schedule new futures after shutdown
2026-04-11 17:25:15,188 [apscheduler.scheduler] ERROR: Error submitting job "TradingEngine._trading_cycle (trigger: interval[0:00:30], next run at: 2026-04-11 17:15:57 PKT)" to executor "default"
Traceback (most recent call last):
  File "/Users/ahmed/Downloads/evotrade_final/venv/lib/python3.11/site-packages/apscheduler/schedulers/base.py", line 1195, in _process_jobs
    executor.submit_job(job, run_times)
  File "/Users/ahmed/Downloads/evotrade_final/venv/lib/python3.11/site-packages/apscheduler/executors/base.py", line 74, in submit_job
    self._do_submit_job(job, run_times)
  File "/Users/ahmed/Downloads/evotrade_final/venv/lib/python3.11/site-packages/apscheduler/executors/pool.py", line 27, in _do_submit_job
    f = self._pool.submit(
        ^^^^^^^^^^^^^^^^^^
  File "/opt/homebrew/Cellar/python@3.11/3.11.13/Frameworks/Python.framework/Versions/3.11/lib/python3.11/concurrent/futures/thread.py", line 167, in submit
    raise RuntimeError('cannot schedule new futures after shutdown')
RuntimeError: cannot schedule new futures after shutdown
2026-04-11 17:25:27,896 [apscheduler.scheduler] ERROR: Error submitting job "TradingEngine._trading_cycle (trigger: interval[0:00:30], next run at: 2026-04-11 17:25:27 PKT)" to executor "default"
Traceback (most recent call last):
  File "/Users/ahmed/Downloads/evotrade_final/venv/lib/python3.11/site-packages/apscheduler/schedulers/base.py", line 1195, in _process_jobs
    executor.submit_job(job, run_times)
  File "/Users/ahmed/Downloads/evotrade_final/venv/lib/python3.11/site-packages/apscheduler/executors/base.py", line 74, in submit_job
    self._do_submit_job(job, run_times)
  File "/Users/ahmed/Downloads/evotrade_final/venv/lib/python3.11/site-packages/apscheduler/executors/pool.py", line 27, in _do_submit_job
    f = self._pool.submit(
        ^^^^^^^^^^^^^^^^^^
  File "/opt/homebrew/Cellar/python@3.11/3.11.13/Frameworks/Python.framework/Versions/3.11/lib/python3.11/concurrent/futures/thread.py", line 167, in submit
    raise RuntimeError('cannot schedule new futures after shutdown')
RuntimeError: cannot schedule new futures after shutdown
2026-04-11 18:02:21,555 [apscheduler.scheduler] ERROR: Error submitting job "TradingEngine._trading_cycle (trigger: interval[0:00:30], next run at: 2026-04-11 17:25:57 PKT)" to executor "default"
Traceback (most recent call last):
  File "/Users/ahmed/Downloads/evotrade_final/venv/lib/python3.11/site-packages/apscheduler/schedulers/base.py", line 1195, in _process_jobs
    executor.submit_job(job, run_times)
  File "/Users/ahmed/Downloads/evotrade_final/venv/lib/python3.11/site-packages/apscheduler/executors/base.py", line 74, in submit_job
    self._do_submit_job(job, run_times)
  File "/Users/ahmed/Downloads/evotrade_final/venv/lib/python3.11/site-packages/apscheduler/executors/pool.py", line 27, in _do_submit_job
    f = self._pool.submit(
        ^^^^^^^^^^^^^^^^^^
  File "/opt/homebrew/Cellar/python@3.11/3.11.13/Frameworks/Python.framework/Versions/3.11/lib/python3.11/concurrent/futures/thread.py", line 167, in submit
    raise RuntimeError('cannot schedule new futures after shutdown')
RuntimeError: cannot schedule new futures after shutdown
2026-04-11 19:03:06,317 [apscheduler.scheduler] ERROR: Error submitting job "TradingEngine._trading_cycle (trigger: interval[0:00:30], next run at: 2026-04-11 18:02:27 PKT)" to executor "default"
Traceback (most recent call last):
  File "/Users/ahmed/Downloads/evotrade_final/venv/lib/python3.11/site-packages/apscheduler/schedulers/base.py", line 1195, in _process_jobs
    executor.submit_job(job, run_times)
  File "/Users/ahmed/Downloads/evotrade_final/venv/lib/python3.11/site-packages/apscheduler/executors/base.py", line 74, in submit_job
    self._do_submit_job(job, run_times)
  File "/Users/ahmed/Downloads/evotrade_final/venv/lib/python3.11/site-packages/apscheduler/executors/pool.py", line 27, in _do_submit_job
    f = self._pool.submit(
        ^^^^^^^^^^^^^^^^^^
  File "/opt/homebrew/Cellar/python@3.11/3.11.13/Frameworks/Python.framework/Versions/3.11/lib/python3.11/concurrent/futures/thread.py", line 167, in submit
    raise RuntimeError('cannot schedule new futures after shutdown')
RuntimeError: cannot schedule new futures after shutdown
2026-04-11 19:03:06,319 [apscheduler.scheduler] ERROR: Error submitting job "TradingEngine._evolution_cycle (trigger: interval[6:00:00], next run at: 2026-04-11 18:36:27 PKT)" to executor "default"
Traceback (most recent call last):
  File "/Users/ahmed/Downloads/evotrade_final/venv/lib/python3.11/site-packages/apscheduler/schedulers/base.py", line 1195, in _process_jobs
    executor.submit_job(job, run_times)
  File "/Users/ahmed/Downloads/evotrade_final/venv/lib/python3.11/site-packages/apscheduler/executors/base.py", line 74, in submit_job
    self._do_submit_job(job, run_times)
  File "/Users/ahmed/Downloads/evotrade_final/venv/lib/python3.11/site-packages/apscheduler/executors/pool.py", line 27, in _do_submit_job
    f = self._pool.submit(
        ^^^^^^^^^^^^^^^^^^
  File "/opt/homebrew/Cellar/python@3.11/3.11.13/Frameworks/Python.framework/Versions/3.11/lib/python3.11/concurrent/futures/thread.py", line 167, in submit
    raise RuntimeError('cannot schedule new futures after shutdown')
RuntimeError: cannot schedule new futures after shutdown
2026-04-11 19:03:27,895 [apscheduler.scheduler] ERROR: Error submitting job "TradingEngine._trading_cycle (trigger: interval[0:00:30], next run at: 2026-04-11 19:03:27 PKT)" to executor "default"
Traceback (most recent call last):
  File "/Users/ahmed/Downloads/evotrade_final/venv/lib/python3.11/site-packages/apscheduler/schedulers/base.py", line 1195, in _process_jobs
    executor.submit_job(job, run_times)
  File "/Users/ahmed/Downloads/evotrade_final/venv/lib/python3.11/site-packages/apscheduler/executors/base.py", line 74, in submit_job
    self._do_submit_job(job, run_times)
  File "/Users/ahmed/Downloads/evotrade_final/venv/lib/python3.11/site-packages/apscheduler/executors/pool.py", line 27, in _do_submit_job
    f = self._pool.submit(
        ^^^^^^^^^^^^^^^^^^
  File "/opt/homebrew/Cellar/python@3.11/3.11.13/Frameworks/Python.framework/Versions/3.11/lib/python3.11/concurrent/futures/thread.py", line 167, in submit
    raise RuntimeError('cannot schedule new futures after shutdown')
RuntimeError: cannot schedule new futures after shutdown
2026-04-11 21:05:06,625 [apscheduler.scheduler] ERROR: Error submitting job "TradingEngine._trading_cycle (trigger: interval[0:00:30], next run at: 2026-04-11 19:03:57 PKT)" to executor "default"
Traceback (most recent call last):
  File "/Users/ahmed/Downloads/evotrade_final/venv/lib/python3.11/site-packages/apscheduler/schedulers/base.py", line 1195, in _process_jobs
    executor.submit_job(job, run_times)
  File "/Users/ahmed/Downloads/evotrade_final/venv/lib/python3.11/site-packages/apscheduler/executors/base.py", line 74, in submit_job
    self._do_submit_job(job, run_times)
  File "/Users/ahmed/Downloads/evotrade_final/venv/lib/python3.11/site-packages/apscheduler/executors/pool.py", line 27, in _do_submit_job
    f = self._pool.submit(
        ^^^^^^^^^^^^^^^^^^
  File "/opt/homebrew/Cellar/python@3.11/3.11.13/Frameworks/Python.framework/Versions/3.11/lib/python3.11/concurrent/futures/thread.py", line 167, in submit
    raise RuntimeError('cannot schedule new futures after shutdown')
RuntimeError: cannot schedule new futures after shutdown
2026-04-11 21:05:27,893 [apscheduler.scheduler] ERROR: Error submitting job "TradingEngine._trading_cycle (trigger: interval[0:00:30], next run at: 2026-04-11 21:05:27 PKT)" to executor "default"
Traceback (most recent call last):
  File "/Users/ahmed/Downloads/evotrade_final/venv/lib/python3.11/site-packages/apscheduler/schedulers/base.py", line 1195, in _process_jobs
    executor.submit_job(job, run_times)
  File "/Users/ahmed/Downloads/evotrade_final/venv/lib/python3.11/site-packages/apscheduler/executors/base.py", line 74, in submit_job
    self._do_submit_job(job, run_times)
  File "/Users/ahmed/Downloads/evotrade_final/venv/lib/python3.11/site-packages/apscheduler/executors/pool.py", line 27, in _do_submit_job
    f = self._pool.submit(
        ^^^^^^^^^^^^^^^^^^
  File "/opt/homebrew/Cellar/python@3.11/3.11.13/Frameworks/Python.framework/Versions/3.11/lib/python3.11/concurrent/futures/thread.py", line 167, in submit
    raise RuntimeError('cannot schedule new futures after shutdown')
RuntimeError: cannot schedule new futures after shutdown
2026-04-11 22:01:25,450 [apscheduler.scheduler] ERROR: Error submitting job "TradingEngine._trading_cycle (trigger: interval[0:00:30], next run at: 2026-04-11 21:05:57 PKT)" to executor "default"
Traceback (most recent call last):
  File "/Users/ahmed/Downloads/evotrade_final/venv/lib/python3.11/site-packages/apscheduler/schedulers/base.py", line 1195, in _process_jobs
    executor.submit_job(job, run_times)
  File "/Users/ahmed/Downloads/evotrade_final/venv/lib/python3.11/site-packages/apscheduler/executors/base.py", line 74, in submit_job
    self._do_submit_job(job, run_times)
  File "/Users/ahmed/Downloads/evotrade_final/venv/lib/python3.11/site-packages/apscheduler/executors/pool.py", line 27, in _do_submit_job
    f = self._pool.submit(
        ^^^^^^^^^^^^^^^^^^
  File "/opt/homebrew/Cellar/python@3.11/3.11.13/Frameworks/Python.framework/Versions/3.11/lib/python3.11/concurrent/futures/thread.py", line 167, in submit
    raise RuntimeError('cannot schedule new futures after shutdown')
RuntimeError: cannot schedule new futures after shutdown
2026-04-11 22:01:27,892 [apscheduler.scheduler] ERROR: Error submitting job "TradingEngine._trading_cycle (trigger: interval[0:00:30], next run at: 2026-04-11 22:01:27 PKT)" to executor "default"
Traceback (most recent call last):
  File "/Users/ahmed/Downloads/evotrade_final/venv/lib/python3.11/site-packages/apscheduler/schedulers/base.py", line 1195, in _process_jobs
    executor.submit_job(job, run_times)
  File "/Users/ahmed/Downloads/evotrade_final/venv/lib/python3.11/site-packages/apscheduler/executors/base.py", line 74, in submit_job
    self._do_submit_job(job, run_times)
  File "/Users/ahmed/Downloads/evotrade_final/venv/lib/python3.11/site-packages/apscheduler/executors/pool.py", line 27, in _do_submit_job
    f = self._pool.submit(
        ^^^^^^^^^^^^^^^^^^
  File "/opt/homebrew/Cellar/python@3.11/3.11.13/Frameworks/Python.framework/Versions/3.11/lib/python3.11/concurrent/futures/thread.py", line 167, in submit
    raise RuntimeError('cannot schedule new futures after shutdown')
RuntimeError: cannot schedule new futures after shutdown
2026-04-11 22:21:52,404 [apscheduler.scheduler] ERROR: Error submitting job "TradingEngine._trading_cycle (trigger: interval[0:00:30], next run at: 2026-04-11 22:01:57 PKT)" to executor "default"
Traceback (most recent call last):
  File "/Users/ahmed/Downloads/evotrade_final/venv/lib/python3.11/site-packages/apscheduler/schedulers/base.py", line 1195, in _process_jobs
    executor.submit_job(job, run_times)
  File "/Users/ahmed/Downloads/evotrade_final/venv/lib/python3.11/site-packages/apscheduler/executors/base.py", line 74, in submit_job
    self._do_submit_job(job, run_times)
  File "/Users/ahmed/Downloads/evotrade_final/venv/lib/python3.11/site-packages/apscheduler/executors/pool.py", line 27, in _do_submit_job
    f = self._pool.submit(
        ^^^^^^^^^^^^^^^^^^
  File "/opt/homebrew/Cellar/python@3.11/3.11.13/Frameworks/Python.framework/Versions/3.11/lib/python3.11/concurrent/futures/thread.py", line 167, in submit
    raise RuntimeError('cannot schedule new futures after shutdown')
RuntimeError: cannot schedule new futures after shutdown
2026-04-11 22:21:57,893 [apscheduler.scheduler] ERROR: Error submitting job "TradingEngine._trading_cycle (trigger: interval[0:00:30], next run at: 2026-04-11 22:21:57 PKT)" to executor "default"
Traceback (most recent call last):
  File "/Users/ahmed/Downloads/evotrade_final/venv/lib/python3.11/site-packages/apscheduler/schedulers/base.py", line 1195, in _process_jobs
    executor.submit_job(job, run_times)
  File "/Users/ahmed/Downloads/evotrade_final/venv/lib/python3.11/site-packages/apscheduler/executors/base.py", line 74, in submit_job
    self._do_submit_job(job, run_times)
  File "/Users/ahmed/Downloads/evotrade_final/venv/lib/python3.11/site-packages/apscheduler/executors/pool.py", line 27, in _do_submit_job
    f = self._pool.submit(
        ^^^^^^^^^^^^^^^^^^
  File "/opt/homebrew/Cellar/python@3.11/3.11.13/Frameworks/Python.framework/Versions/3.11/lib/python3.11/concurrent/futures/thread.py", line 167, in submit
    raise RuntimeError('cannot schedule new futures after shutdown')
RuntimeError: cannot schedule new futures after shutdown
2026-04-11 23:07:10,947 [apscheduler.scheduler] ERROR: Error submitting job "TradingEngine._trading_cycle (trigger: interval[0:00:30], next run at: 2026-04-11 22:22:27 PKT)" to executor "default"
Traceback (most recent call last):
  File "/Users/ahmed/Downloads/evotrade_final/venv/lib/python3.11/site-packages/apscheduler/schedulers/base.py", line 1195, in _process_jobs
    executor.submit_job(job, run_times)
  File "/Users/ahmed/Downloads/evotrade_final/venv/lib/python3.11/site-packages/apscheduler/executors/base.py", line 74, in submit_job
    self._do_submit_job(job, run_times)
  File "/Users/ahmed/Downloads/evotrade_final/venv/lib/python3.11/site-packages/apscheduler/executors/pool.py", line 27, in _do_submit_job
    f = self._pool.submit(
        ^^^^^^^^^^^^^^^^^^
  File "/opt/homebrew/Cellar/python@3.11/3.11.13/Frameworks/Python.framework/Versions/3.11/lib/python3.11/concurrent/futures/thread.py", line 167, in submit
    raise RuntimeError('cannot schedule new futures after shutdown')
RuntimeError: cannot schedule new futures after shutdown
2026-04-11 23:07:27,893 [apscheduler.scheduler] ERROR: Error submitting job "TradingEngine._trading_cycle (trigger: interval[0:00:30], next run at: 2026-04-11 23:07:27 PKT)" to executor "default"
Traceback (most recent call last):
  File "/Users/ahmed/Downloads/evotrade_final/venv/lib/python3.11/site-packages/apscheduler/schedulers/base.py", line 1195, in _process_jobs
    executor.submit_job(job, run_times)
  File "/Users/ahmed/Downloads/evotrade_final/venv/lib/python3.11/site-packages/apscheduler/executors/base.py", line 74, in submit_job
    self._do_submit_job(job, run_times)
  File "/Users/ahmed/Downloads/evotrade_final/venv/lib/python3.11/site-packages/apscheduler/executors/pool.py", line 27, in _do_submit_job
    f = self._pool.submit(
        ^^^^^^^^^^^^^^^^^^
  File "/opt/homebrew/Cellar/python@3.11/3.11.13/Frameworks/Python.framework/Versions/3.11/lib/python3.11/concurrent/futures/thread.py", line 167, in submit
    raise RuntimeError('cannot schedule new futures after shutdown')
RuntimeError: cannot schedule new futures after shutdown
2026-04-12 00:01:32,168 [apscheduler.scheduler] ERROR: Error submitting job "TradingEngine._trading_cycle (trigger: interval[0:00:30], next run at: 2026-04-11 23:07:57 PKT)" to executor "default"
Traceback (most recent call last):
  File "/Users/ahmed/Downloads/evotrade_final/venv/lib/python3.11/site-packages/apscheduler/schedulers/base.py", line 1195, in _process_jobs
    executor.submit_job(job, run_times)
  File "/Users/ahmed/Downloads/evotrade_final/venv/lib/python3.11/site-packages/apscheduler/executors/base.py", line 74, in submit_job
    self._do_submit_job(job, run_times)
  File "/Users/ahmed/Downloads/evotrade_final/venv/lib/python3.11/site-packages/apscheduler/executors/pool.py", line 27, in _do_submit_job
    f = self._pool.submit(
        ^^^^^^^^^^^^^^^^^^
  File "/opt/homebrew/Cellar/python@3.11/3.11.13/Frameworks/Python.framework/Versions/3.11/lib/python3.11/concurrent/futures/thread.py", line 167, in submit
    raise RuntimeError('cannot schedule new futures after shutdown')
RuntimeError: cannot schedule new futures after shutdown
2026-04-12 01:02:10,849 [apscheduler.scheduler] ERROR: Error submitting job "TradingEngine._trading_cycle (trigger: interval[0:00:30], next run at: 2026-04-12 00:01:57 PKT)" to executor "default"
Traceback (most recent call last):
  File "/Users/ahmed/Downloads/evotrade_final/venv/lib/python3.11/site-packages/apscheduler/schedulers/base.py", line 1195, in _process_jobs
    executor.submit_job(job, run_times)
  File "/Users/ahmed/Downloads/evotrade_final/venv/lib/python3.11/site-packages/apscheduler/executors/base.py", line 74, in submit_job
    self._do_submit_job(job, run_times)
  File "/Users/ahmed/Downloads/evotrade_final/venv/lib/python3.11/site-packages/apscheduler/executors/pool.py", line 27, in _do_submit_job
    f = self._pool.submit(
        ^^^^^^^^^^^^^^^^^^
  File "/opt/homebrew/Cellar/python@3.11/3.11.13/Frameworks/Python.framework/Versions/3.11/lib/python3.11/concurrent/futures/thread.py", line 167, in submit
    raise RuntimeError('cannot schedule new futures after shutdown')
RuntimeError: cannot schedule new futures after shutdown
2026-04-12 01:02:10,852 [apscheduler.scheduler] ERROR: Error submitting job "TradingEngine._evolution_cycle (trigger: interval[6:00:00], next run at: 2026-04-12 00:36:27 PKT)" to executor "default"
Traceback (most recent call last):
  File "/Users/ahmed/Downloads/evotrade_final/venv/lib/python3.11/site-packages/apscheduler/schedulers/base.py", line 1195, in _process_jobs
    executor.submit_job(job, run_times)
  File "/Users/ahmed/Downloads/evotrade_final/venv/lib/python3.11/site-packages/apscheduler/executors/base.py", line 74, in submit_job
    self._do_submit_job(job, run_times)
  File "/Users/ahmed/Downloads/evotrade_final/venv/lib/python3.11/site-packages/apscheduler/executors/pool.py", line 27, in _do_submit_job
    f = self._pool.submit(
        ^^^^^^^^^^^^^^^^^^
  File "/opt/homebrew/Cellar/python@3.11/3.11.13/Frameworks/Python.framework/Versions/3.11/lib/python3.11/concurrent/futures/thread.py", line 167, in submit
    raise RuntimeError('cannot schedule new futures after shutdown')
RuntimeError: cannot schedule new futures after shutdown
2026-04-12 01:02:28,035 [apscheduler.scheduler] ERROR: Error submitting job "TradingEngine._trading_cycle (trigger: interval[0:00:30], next run at: 2026-04-12 01:02:27 PKT)" to executor "default"
Traceback (most recent call last):
  File "/Users/ahmed/Downloads/evotrade_final/venv/lib/python3.11/site-packages/apscheduler/schedulers/base.py", line 1195, in _process_jobs
    executor.submit_job(job, run_times)
  File "/Users/ahmed/Downloads/evotrade_final/venv/lib/python3.11/site-packages/apscheduler/executors/base.py", line 74, in submit_job
    self._do_submit_job(job, run_times)
  File "/Users/ahmed/Downloads/evotrade_final/venv/lib/python3.11/site-packages/apscheduler/executors/pool.py", line 27, in _do_submit_job
    f = self._pool.submit(
        ^^^^^^^^^^^^^^^^^^
  File "/opt/homebrew/Cellar/python@3.11/3.11.13/Frameworks/Python.framework/Versions/3.11/lib/python3.11/concurrent/futures/thread.py", line 167, in submit
    raise RuntimeError('cannot schedule new futures after shutdown')
RuntimeError: cannot schedule new futures after shutdown
2026-04-12 01:09:24,936 [apscheduler.scheduler] ERROR: Error submitting job "TradingEngine._trading_cycle (trigger: interval[0:00:30], next run at: 2026-04-12 01:02:57 PKT)" to executor "default"
Traceback (most recent call last):
  File "/Users/ahmed/Downloads/evotrade_final/venv/lib/python3.11/site-packages/apscheduler/schedulers/base.py", line 1195, in _process_jobs
    executor.submit_job(job, run_times)
  File "/Users/ahmed/Downloads/evotrade_final/venv/lib/python3.11/site-packages/apscheduler/executors/base.py", line 74, in submit_job
    self._do_submit_job(job, run_times)
  File "/Users/ahmed/Downloads/evotrade_final/venv/lib/python3.11/site-packages/apscheduler/executors/pool.py", line 27, in _do_submit_job
    f = self._pool.submit(
        ^^^^^^^^^^^^^^^^^^
  File "/opt/homebrew/Cellar/python@3.11/3.11.13/Frameworks/Python.framework/Versions/3.11/lib/python3.11/concurrent/futures/thread.py", line 167, in submit
    raise RuntimeError('cannot schedule new futures after shutdown')
RuntimeError: cannot schedule new futures after shutdown
2026-04-12 01:09:27,888 [apscheduler.scheduler] ERROR: Error submitting job "TradingEngine._trading_cycle (trigger: interval[0:00:30], next run at: 2026-04-12 01:09:27 PKT)" to executor "default"
Traceback (most recent call last):
  File "/Users/ahmed/Downloads/evotrade_final/venv/lib/python3.11/site-packages/apscheduler/schedulers/base.py", line 1195, in _process_jobs
    executor.submit_job(job, run_times)
  File "/Users/ahmed/Downloads/evotrade_final/venv/lib/python3.11/site-packages/apscheduler/executors/base.py", line 74, in submit_job
    self._do_submit_job(job, run_times)
  File "/Users/ahmed/Downloads/evotrade_final/venv/lib/python3.11/site-packages/apscheduler/executors/pool.py", line 27, in _do_submit_job
    f = self._pool.submit(
        ^^^^^^^^^^^^^^^^^^
  File "/opt/homebrew/Cellar/python@3.11/3.11.13/Frameworks/Python.framework/Versions/3.11/lib/python3.11/concurrent/futures/thread.py", line 167, in submit
    raise RuntimeError('cannot schedule new futures after shutdown')
RuntimeError: cannot schedule new futures after shutdown
2026-04-12 02:10:09,250 [apscheduler.scheduler] ERROR: Error submitting job "TradingEngine._trading_cycle (trigger: interval[0:00:30], next run at: 2026-04-12 01:09:57 PKT)" to executor "default"
Traceback (most recent call last):
  File "/Users/ahmed/Downloads/evotrade_final/venv/lib/python3.11/site-packages/apscheduler/schedulers/base.py", line 1195, in _process_jobs
    executor.submit_job(job, run_times)
  File "/Users/ahmed/Downloads/evotrade_final/venv/lib/python3.11/site-packages/apscheduler/executors/base.py", line 74, in submit_job
    self._do_submit_job(job, run_times)
  File "/Users/ahmed/Downloads/evotrade_final/venv/lib/python3.11/site-packages/apscheduler/executors/pool.py", line 27, in _do_submit_job
    f = self._pool.submit(
        ^^^^^^^^^^^^^^^^^^
  File "/opt/homebrew/Cellar/python@3.11/3.11.13/Frameworks/Python.framework/Versions/3.11/lib/python3.11/concurrent/futures/thread.py", line 167, in submit
    raise RuntimeError('cannot schedule new futures after shutdown')
RuntimeError: cannot schedule new futures after shutdown
2026-04-12 02:10:27,953 [apscheduler.scheduler] ERROR: Error submitting job "TradingEngine._trading_cycle (trigger: interval[0:00:30], next run at: 2026-04-12 02:10:27 PKT)" to executor "default"
Traceback (most recent call last):
  File "/Users/ahmed/Downloads/evotrade_final/venv/lib/python3.11/site-packages/apscheduler/schedulers/base.py", line 1195, in _process_jobs
    executor.submit_job(job, run_times)
  File "/Users/ahmed/Downloads/evotrade_final/venv/lib/python3.11/site-packages/apscheduler/executors/base.py", line 74, in submit_job
    self._do_submit_job(job, run_times)
  File "/Users/ahmed/Downloads/evotrade_final/venv/lib/python3.11/site-packages/apscheduler/executors/pool.py", line 27, in _do_submit_job
    f = self._pool.submit(
        ^^^^^^^^^^^^^^^^^^
  File "/opt/homebrew/Cellar/python@3.11/3.11.13/Frameworks/Python.framework/Versions/3.11/lib/python3.11/concurrent/futures/thread.py", line 167, in submit
    raise RuntimeError('cannot schedule new futures after shutdown')
RuntimeError: cannot schedule new futures after shutdown
2026-04-12 02:21:05,494 [apscheduler.scheduler] ERROR: Error submitting job "TradingEngine._trading_cycle (trigger: interval[0:00:30], next run at: 2026-04-12 02:10:57 PKT)" to executor "default"
Traceback (most recent call last):
  File "/Users/ahmed/Downloads/evotrade_final/venv/lib/python3.11/site-packages/apscheduler/schedulers/base.py", line 1195, in _process_jobs
    executor.submit_job(job, run_times)
  File "/Users/ahmed/Downloads/evotrade_final/venv/lib/python3.11/site-packages/apscheduler/executors/base.py", line 74, in submit_job
    self._do_submit_job(job, run_times)
  File "/Users/ahmed/Downloads/evotrade_final/venv/lib/python3.11/site-packages/apscheduler/executors/pool.py", line 27, in _do_submit_job
    f = self._pool.submit(
        ^^^^^^^^^^^^^^^^^^
  File "/opt/homebrew/Cellar/python@3.11/3.11.13/Frameworks/Python.framework/Versions/3.11/lib/python3.11/concurrent/futures/thread.py", line 167, in submit
    raise RuntimeError('cannot schedule new futures after shutdown')
RuntimeError: cannot schedule new futures after shutdown
2026-04-12 02:21:24,109 [apscheduler.scheduler] INFO: Scheduler has been shut down
2026-04-12 02:21:28,428 [apscheduler.scheduler] INFO: Adding job tentatively -- it will be properly scheduled when the scheduler starts
2026-04-12 02:21:28,429 [apscheduler.scheduler] INFO: Adding job tentatively -- it will be properly scheduled when the scheduler starts
2026-04-12 02:21:28,432 [apscheduler.scheduler] INFO: Added job "TradingEngine._trading_cycle" to job store "default"
2026-04-12 02:21:28,432 [apscheduler.scheduler] INFO: Added job "TradingEngine._evolution_cycle" to job store "default"
2026-04-12 02:21:28,433 [apscheduler.scheduler] INFO: Scheduler started
2026-04-12 02:21:58,423 [apscheduler.scheduler] ERROR: Error submitting job "TradingEngine._trading_cycle (trigger: interval[0:00:30], next run at: 2026-04-12 02:21:58 PKT)" to executor "default"
Traceback (most recent call last):
  File "/Users/ahmed/Downloads/evotrade_final/venv/lib/python3.11/site-packages/apscheduler/schedulers/base.py", line 1195, in _process_jobs
    executor.submit_job(job, run_times)
  File "/Users/ahmed/Downloads/evotrade_final/venv/lib/python3.11/site-packages/apscheduler/executors/base.py", line 74, in submit_job
    self._do_submit_job(job, run_times)
  File "/Users/ahmed/Downloads/evotrade_final/venv/lib/python3.11/site-packages/apscheduler/executors/pool.py", line 27, in _do_submit_job
    f = self._pool.submit(
        ^^^^^^^^^^^^^^^^^^
  File "/opt/homebrew/Cellar/python@3.11/3.11.13/Frameworks/Python.framework/Versions/3.11/lib/python3.11/concurrent/futures/thread.py", line 167, in submit
    raise RuntimeError('cannot schedule new futures after shutdown')
RuntimeError: cannot schedule new futures after shutdown
2026-04-12 02:22:28,420 [apscheduler.scheduler] ERROR: Error submitting job "TradingEngine._trading_cycle (trigger: interval[0:00:30], next run at: 2026-04-12 02:22:28 PKT)" to executor "default"
Traceback (most recent call last):
  File "/Users/ahmed/Downloads/evotrade_final/venv/lib/python3.11/site-packages/apscheduler/schedulers/base.py", line 1195, in _process_jobs
    executor.submit_job(job, run_times)
  File "/Users/ahmed/Downloads/evotrade_final/venv/lib/python3.11/site-packages/apscheduler/executors/base.py", line 74, in submit_job
    self._do_submit_job(job, run_times)
  File "/Users/ahmed/Downloads/evotrade_final/venv/lib/python3.11/site-packages/apscheduler/executors/pool.py", line 27, in _do_submit_job
    f = self._pool.submit(
        ^^^^^^^^^^^^^^^^^^
  File "/opt/homebrew/Cellar/python@3.11/3.11.13/Frameworks/Python.framework/Versions/3.11/lib/python3.11/concurrent/futures/thread.py", line 167, in submit
    raise RuntimeError('cannot schedule new futures after shutdown')
RuntimeError: cannot schedule new futures after shutdown
2026-04-12 02:22:58,422 [apscheduler.scheduler] ERROR: Error submitting job "TradingEngine._trading_cycle (trigger: interval[0:00:30], next run at: 2026-04-12 02:22:58 PKT)" to executor "default"
Traceback (most recent call last):
  File "/Users/ahmed/Downloads/evotrade_final/venv/lib/python3.11/site-packages/apscheduler/schedulers/base.py", line 1195, in _process_jobs
    executor.submit_job(job, run_times)
  File "/Users/ahmed/Downloads/evotrade_final/venv/lib/python3.11/site-packages/apscheduler/executors/base.py", line 74, in submit_job
    self._do_submit_job(job, run_times)
  File "/Users/ahmed/Downloads/evotrade_final/venv/lib/python3.11/site-packages/apscheduler/executors/pool.py", line 27, in _do_submit_job
    f = self._pool.submit(
        ^^^^^^^^^^^^^^^^^^
  File "/opt/homebrew/Cellar/python@3.11/3.11.13/Frameworks/Python.framework/Versions/3.11/lib/python3.11/concurrent/futures/thread.py", line 167, in submit
    raise RuntimeError('cannot schedule new futures after shutdown')
RuntimeError: cannot schedule new futures after shutdown
2026-04-12 02:23:28,420 [apscheduler.scheduler] ERROR: Error submitting job "TradingEngine._trading_cycle (trigger: interval[0:00:30], next run at: 2026-04-12 02:23:28 PKT)" to executor "default"
Traceback (most recent call last):
  File "/Users/ahmed/Downloads/evotrade_final/venv/lib/python3.11/site-packages/apscheduler/schedulers/base.py", line 1195, in _process_jobs
    executor.submit_job(job, run_times)
  File "/Users/ahmed/Downloads/evotrade_final/venv/lib/python3.11/site-packages/apscheduler/executors/base.py", line 74, in submit_job
    self._do_submit_job(job, run_times)
  File "/Users/ahmed/Downloads/evotrade_final/venv/lib/python3.11/site-packages/apscheduler/executors/pool.py", line 27, in _do_submit_job
    f = self._pool.submit(
        ^^^^^^^^^^^^^^^^^^
  File "/opt/homebrew/Cellar/python@3.11/3.11.13/Frameworks/Python.framework/Versions/3.11/lib/python3.11/concurrent/futures/thread.py", line 167, in submit
    raise RuntimeError('cannot schedule new futures after shutdown')
RuntimeError: cannot schedule new futures after shutdown
2026-04-12 02:23:58,426 [apscheduler.scheduler] ERROR: Error submitting job "TradingEngine._trading_cycle (trigger: interval[0:00:30], next run at: 2026-04-12 02:23:58 PKT)" to executor "default"
Traceback (most recent call last):
  File "/Users/ahmed/Downloads/evotrade_final/venv/lib/python3.11/site-packages/apscheduler/schedulers/base.py", line 1195, in _process_jobs
    executor.submit_job(job, run_times)
  File "/Users/ahmed/Downloads/evotrade_final/venv/lib/python3.11/site-packages/apscheduler/executors/base.py", line 74, in submit_job
    self._do_submit_job(job, run_times)
  File "/Users/ahmed/Downloads/evotrade_final/venv/lib/python3.11/site-packages/apscheduler/executors/pool.py", line 27, in _do_submit_job
    f = self._pool.submit(
        ^^^^^^^^^^^^^^^^^^
  File "/opt/homebrew/Cellar/python@3.11/3.11.13/Frameworks/Python.framework/Versions/3.11/lib/python3.11/concurrent/futures/thread.py", line 167, in submit
    raise RuntimeError('cannot schedule new futures after shutdown')
RuntimeError: cannot schedule new futures after shutdown
2026-04-12 02:24:28,423 [apscheduler.scheduler] ERROR: Error submitting job "TradingEngine._trading_cycle (trigger: interval[0:00:30], next run at: 2026-04-12 02:24:28 PKT)" to executor "default"
Traceback (most recent call last):
  File "/Users/ahmed/Downloads/evotrade_final/venv/lib/python3.11/site-packages/apscheduler/schedulers/base.py", line 1195, in _process_jobs
    executor.submit_job(job, run_times)
  File "/Users/ahmed/Downloads/evotrade_final/venv/lib/python3.11/site-packages/apscheduler/executors/base.py", line 74, in submit_job
    self._do_submit_job(job, run_times)
  File "/Users/ahmed/Downloads/evotrade_final/venv/lib/python3.11/site-packages/apscheduler/executors/pool.py", line 27, in _do_submit_job
    f = self._pool.submit(
        ^^^^^^^^^^^^^^^^^^
  File "/opt/homebrew/Cellar/python@3.11/3.11.13/Frameworks/Python.framework/Versions/3.11/lib/python3.11/concurrent/futures/thread.py", line 167, in submit
    raise RuntimeError('cannot schedule new futures after shutdown')
RuntimeError: cannot schedule new futures after shutdown
2026-04-12 02:24:58,420 [apscheduler.scheduler] ERROR: Error submitting job "TradingEngine._trading_cycle (trigger: interval[0:00:30], next run at: 2026-04-12 02:24:58 PKT)" to executor "default"
Traceback (most recent call last):
  File "/Users/ahmed/Downloads/evotrade_final/venv/lib/python3.11/site-packages/apscheduler/schedulers/base.py", line 1195, in _process_jobs
    executor.submit_job(job, run_times)
  File "/Users/ahmed/Downloads/evotrade_final/venv/lib/python3.11/site-packages/apscheduler/executors/base.py", line 74, in submit_job
    self._do_submit_job(job, run_times)
  File "/Users/ahmed/Downloads/evotrade_final/venv/lib/python3.11/site-packages/apscheduler/executors/pool.py", line 27, in _do_submit_job
    f = self._pool.submit(
        ^^^^^^^^^^^^^^^^^^
  File "/opt/homebrew/Cellar/python@3.11/3.11.13/Frameworks/Python.framework/Versions/3.11/lib/python3.11/concurrent/futures/thread.py", line 167, in submit
    raise RuntimeError('cannot schedule new futures after shutdown')
RuntimeError: cannot schedule new futures after shutdown
2026-04-12 02:25:28,418 [apscheduler.scheduler] ERROR: Error submitting job "TradingEngine._trading_cycle (trigger: interval[0:00:30], next run at: 2026-04-12 02:25:28 PKT)" to executor "default"
Traceback (most recent call last):
  File "/Users/ahmed/Downloads/evotrade_final/venv/lib/python3.11/site-packages/apscheduler/schedulers/base.py", line 1195, in _process_jobs
    executor.submit_job(job, run_times)
  File "/Users/ahmed/Downloads/evotrade_final/venv/lib/python3.11/site-packages/apscheduler/executors/base.py", line 74, in submit_job
    self._do_submit_job(job, run_times)
  File "/Users/ahmed/Downloads/evotrade_final/venv/lib/python3.11/site-packages/apscheduler/executors/pool.py", line 27, in _do_submit_job
    f = self._pool.submit(
        ^^^^^^^^^^^^^^^^^^
  File "/opt/homebrew/Cellar/python@3.11/3.11.13/Frameworks/Python.framework/Versions/3.11/lib/python3.11/concurrent/futures/thread.py", line 167, in submit
    raise RuntimeError('cannot schedule new futures after shutdown')
RuntimeError: cannot schedule new futures after shutdown
2026-04-12 02:25:58,422 [apscheduler.scheduler] ERROR: Error submitting job "TradingEngine._trading_cycle (trigger: interval[0:00:30], next run at: 2026-04-12 02:25:58 PKT)" to executor "default"
Traceback (most recent call last):
  File "/Users/ahmed/Downloads/evotrade_final/venv/lib/python3.11/site-packages/apscheduler/schedulers/base.py", line 1195, in _process_jobs
    executor.submit_job(job, run_times)
  File "/Users/ahmed/Downloads/evotrade_final/venv/lib/python3.11/site-packages/apscheduler/executors/base.py", line 74, in submit_job
    self._do_submit_job(job, run_times)
  File "/Users/ahmed/Downloads/evotrade_final/venv/lib/python3.11/site-packages/apscheduler/executors/pool.py", line 27, in _do_submit_job
    f = self._pool.submit(
        ^^^^^^^^^^^^^^^^^^
  File "/opt/homebrew/Cellar/python@3.11/3.11.13/Frameworks/Python.framework/Versions/3.11/lib/python3.11/concurrent/futures/thread.py", line 167, in submit
    raise RuntimeError('cannot schedule new futures after shutdown')
RuntimeError: cannot schedule new futures after shutdown
2026-04-12 02:26:28,440 [apscheduler.scheduler] ERROR: Error submitting job "TradingEngine._trading_cycle (trigger: interval[0:00:30], next run at: 2026-04-12 02:26:28 PKT)" to executor "default"
Traceback (most recent call last):
  File "/Users/ahmed/Downloads/evotrade_final/venv/lib/python3.11/site-packages/apscheduler/schedulers/base.py", line 1195, in _process_jobs
    executor.submit_job(job, run_times)
  File "/Users/ahmed/Downloads/evotrade_final/venv/lib/python3.11/site-packages/apscheduler/executors/base.py", line 74, in submit_job
    self._do_submit_job(job, run_times)
  File "/Users/ahmed/Downloads/evotrade_final/venv/lib/python3.11/site-packages/apscheduler/executors/pool.py", line 27, in _do_submit_job
    f = self._pool.submit(
        ^^^^^^^^^^^^^^^^^^
  File "/opt/homebrew/Cellar/python@3.11/3.11.13/Frameworks/Python.framework/Versions/3.11/lib/python3.11/concurrent/futures/thread.py", line 167, in submit
    raise RuntimeError('cannot schedule new futures after shutdown')
RuntimeError: cannot schedule new futures after shutdown
2026-04-12 02:26:58,439 [apscheduler.scheduler] ERROR: Error submitting job "TradingEngine._trading_cycle (trigger: interval[0:00:30], next run at: 2026-04-12 02:26:58 PKT)" to executor "default"
Traceback (most recent call last):
  File "/Users/ahmed/Downloads/evotrade_final/venv/lib/python3.11/site-packages/apscheduler/schedulers/base.py", line 1195, in _process_jobs
    executor.submit_job(job, run_times)
  File "/Users/ahmed/Downloads/evotrade_final/venv/lib/python3.11/site-packages/apscheduler/executors/base.py", line 74, in submit_job
    self._do_submit_job(job, run_times)
  File "/Users/ahmed/Downloads/evotrade_final/venv/lib/python3.11/site-packages/apscheduler/executors/pool.py", line 27, in _do_submit_job
    f = self._pool.submit(
        ^^^^^^^^^^^^^^^^^^
  File "/opt/homebrew/Cellar/python@3.11/3.11.13/Frameworks/Python.framework/Versions/3.11/lib/python3.11/concurrent/futures/thread.py", line 167, in submit
    raise RuntimeError('cannot schedule new futures after shutdown')
RuntimeError: cannot schedule new futures after shutdown
2026-04-12 02:27:28,421 [apscheduler.scheduler] ERROR: Error submitting job "TradingEngine._trading_cycle (trigger: interval[0:00:30], next run at: 2026-04-12 02:27:28 PKT)" to executor "default"
Traceback (most recent call last):
  File "/Users/ahmed/Downloads/evotrade_final/venv/lib/python3.11/site-packages/apscheduler/schedulers/base.py", line 1195, in _process_jobs
    executor.submit_job(job, run_times)
  File "/Users/ahmed/Downloads/evotrade_final/venv/lib/python3.11/site-packages/apscheduler/executors/base.py", line 74, in submit_job
    self._do_submit_job(job, run_times)
  File "/Users/ahmed/Downloads/evotrade_final/venv/lib/python3.11/site-packages/apscheduler/executors/pool.py", line 27, in _do_submit_job
    f = self._pool.submit(
        ^^^^^^^^^^^^^^^^^^
  File "/opt/homebrew/Cellar/python@3.11/3.11.13/Frameworks/Python.framework/Versions/3.11/lib/python3.11/concurrent/futures/thread.py", line 167, in submit
    raise RuntimeError('cannot schedule new futures after shutdown')
RuntimeError: cannot schedule new futures after shutdown
2026-04-12 02:27:58,419 [apscheduler.scheduler] ERROR: Error submitting job "TradingEngine._trading_cycle (trigger: interval[0:00:30], next run at: 2026-04-12 02:27:58 PKT)" to executor "default"
Traceback (most recent call last):
  File "/Users/ahmed/Downloads/evotrade_final/venv/lib/python3.11/site-packages/apscheduler/schedulers/base.py", line 1195, in _process_jobs
    executor.submit_job(job, run_times)
  File "/Users/ahmed/Downloads/evotrade_final/venv/lib/python3.11/site-packages/apscheduler/executors/base.py", line 74, in submit_job
    self._do_submit_job(job, run_times)
  File "/Users/ahmed/Downloads/evotrade_final/venv/lib/python3.11/site-packages/apscheduler/executors/pool.py", line 27, in _do_submit_job
    f = self._pool.submit(
        ^^^^^^^^^^^^^^^^^^
  File "/opt/homebrew/Cellar/python@3.11/3.11.13/Frameworks/Python.framework/Versions/3.11/lib/python3.11/concurrent/futures/thread.py", line 167, in submit
    raise RuntimeError('cannot schedule new futures after shutdown')
RuntimeError: cannot schedule new futures after shutdown
2026-04-12 02:28:28,421 [apscheduler.scheduler] ERROR: Error submitting job "TradingEngine._trading_cycle (trigger: interval[0:00:30], next run at: 2026-04-12 02:28:28 PKT)" to executor "default"
Traceback (most recent call last):
  File "/Users/ahmed/Downloads/evotrade_final/venv/lib/python3.11/site-packages/apscheduler/schedulers/base.py", line 1195, in _process_jobs
    executor.submit_job(job, run_times)
  File "/Users/ahmed/Downloads/evotrade_final/venv/lib/python3.11/site-packages/apscheduler/executors/base.py", line 74, in submit_job
    self._do_submit_job(job, run_times)
  File "/Users/ahmed/Downloads/evotrade_final/venv/lib/python3.11/site-packages/apscheduler/executors/pool.py", line 27, in _do_submit_job
    f = self._pool.submit(
        ^^^^^^^^^^^^^^^^^^
  File "/opt/homebrew/Cellar/python@3.11/3.11.13/Frameworks/Python.framework/Versions/3.11/lib/python3.11/concurrent/futures/thread.py", line 167, in submit
    raise RuntimeError('cannot schedule new futures after shutdown')
RuntimeError: cannot schedule new futures after shutdown
2026-04-12 02:28:58,429 [apscheduler.scheduler] ERROR: Error submitting job "TradingEngine._trading_cycle (trigger: interval[0:00:30], next run at: 2026-04-12 02:28:58 PKT)" to executor "default"
Traceback (most recent call last):
  File "/Users/ahmed/Downloads/evotrade_final/venv/lib/python3.11/site-packages/apscheduler/schedulers/base.py", line 1195, in _process_jobs
    executor.submit_job(job, run_times)
  File "/Users/ahmed/Downloads/evotrade_final/venv/lib/python3.11/site-packages/apscheduler/executors/base.py", line 74, in submit_job
    self._do_submit_job(job, run_times)
  File "/Users/ahmed/Downloads/evotrade_final/venv/lib/python3.11/site-packages/apscheduler/executors/pool.py", line 27, in _do_submit_job
    f = self._pool.submit(
        ^^^^^^^^^^^^^^^^^^
  File "/opt/homebrew/Cellar/python@3.11/3.11.13/Frameworks/Python.framework/Versions/3.11/lib/python3.11/concurrent/futures/thread.py", line 167, in submit
    raise RuntimeError('cannot schedule new futures after shutdown')
RuntimeError: cannot schedule new futures after shutdown
2026-04-12 02:29:28,424 [apscheduler.scheduler] ERROR: Error submitting job "TradingEngine._trading_cycle (trigger: interval[0:00:30], next run at: 2026-04-12 02:29:28 PKT)" to executor "default"
Traceback (most recent call last):
  File "/Users/ahmed/Downloads/evotrade_final/venv/lib/python3.11/site-packages/apscheduler/schedulers/base.py", line 1195, in _process_jobs
    executor.submit_job(job, run_times)
  File "/Users/ahmed/Downloads/evotrade_final/venv/lib/python3.11/site-packages/apscheduler/executors/base.py", line 74, in submit_job
    self._do_submit_job(job, run_times)
  File "/Users/ahmed/Downloads/evotrade_final/venv/lib/python3.11/site-packages/apscheduler/executors/pool.py", line 27, in _do_submit_job
    f = self._pool.submit(
        ^^^^^^^^^^^^^^^^^^
  File "/opt/homebrew/Cellar/python@3.11/3.11.13/Frameworks/Python.framework/Versions/3.11/lib/python3.11/concurrent/futures/thread.py", line 167, in submit
    raise RuntimeError('cannot schedule new futures after shutdown')
RuntimeError: cannot schedule new futures after shutdown
2026-04-12 02:29:58,422 [apscheduler.scheduler] ERROR: Error submitting job "TradingEngine._trading_cycle (trigger: interval[0:00:30], next run at: 2026-04-12 02:29:58 PKT)" to executor "default"
Traceback (most recent call last):
  File "/Users/ahmed/Downloads/evotrade_final/venv/lib/python3.11/site-packages/apscheduler/schedulers/base.py", line 1195, in _process_jobs
    executor.submit_job(job, run_times)
  File "/Users/ahmed/Downloads/evotrade_final/venv/lib/python3.11/site-packages/apscheduler/executors/base.py", line 74, in submit_job
    self._do_submit_job(job, run_times)
  File "/Users/ahmed/Downloads/evotrade_final/venv/lib/python3.11/site-packages/apscheduler/executors/pool.py", line 27, in _do_submit_job
    f = self._pool.submit(
        ^^^^^^^^^^^^^^^^^^
  File "/opt/homebrew/Cellar/python@3.11/3.11.13/Frameworks/Python.framework/Versions/3.11/lib/python3.11/concurrent/futures/thread.py", line 167, in submit
    raise RuntimeError('cannot schedule new futures after shutdown')
RuntimeError: cannot schedule new futures after shutdown
2026-04-12 02:30:28,422 [apscheduler.scheduler] ERROR: Error submitting job "TradingEngine._trading_cycle (trigger: interval[0:00:30], next run at: 2026-04-12 02:30:28 PKT)" to executor "default"
Traceback (most recent call last):
  File "/Users/ahmed/Downloads/evotrade_final/venv/lib/python3.11/site-packages/apscheduler/schedulers/base.py", line 1195, in _process_jobs
    executor.submit_job(job, run_times)
  File "/Users/ahmed/Downloads/evotrade_final/venv/lib/python3.11/site-packages/apscheduler/executors/base.py", line 74, in submit_job
    self._do_submit_job(job, run_times)
  File "/Users/ahmed/Downloads/evotrade_final/venv/lib/python3.11/site-packages/apscheduler/executors/pool.py", line 27, in _do_submit_job
    f = self._pool.submit(
        ^^^^^^^^^^^^^^^^^^
  File "/opt/homebrew/Cellar/python@3.11/3.11.13/Frameworks/Python.framework/Versions/3.11/lib/python3.11/concurrent/futures/thread.py", line 167, in submit
    raise RuntimeError('cannot schedule new futures after shutdown')
RuntimeError: cannot schedule new futures after shutdown
2026-04-12 02:30:58,417 [apscheduler.scheduler] ERROR: Error submitting job "TradingEngine._trading_cycle (trigger: interval[0:00:30], next run at: 2026-04-12 02:30:58 PKT)" to executor "default"
Traceback (most recent call last):
  File "/Users/ahmed/Downloads/evotrade_final/venv/lib/python3.11/site-packages/apscheduler/schedulers/base.py", line 1195, in _process_jobs
    executor.submit_job(job, run_times)
  File "/Users/ahmed/Downloads/evotrade_final/venv/lib/python3.11/site-packages/apscheduler/executors/base.py", line 74, in submit_job
    self._do_submit_job(job, run_times)
  File "/Users/ahmed/Downloads/evotrade_final/venv/lib/python3.11/site-packages/apscheduler/executors/pool.py", line 27, in _do_submit_job
    f = self._pool.submit(
        ^^^^^^^^^^^^^^^^^^
  File "/opt/homebrew/Cellar/python@3.11/3.11.13/Frameworks/Python.framework/Versions/3.11/lib/python3.11/concurrent/futures/thread.py", line 167, in submit
    raise RuntimeError('cannot schedule new futures after shutdown')
RuntimeError: cannot schedule new futures after shutdown
2026-04-12 02:31:28,422 [apscheduler.scheduler] ERROR: Error submitting job "TradingEngine._trading_cycle (trigger: interval[0:00:30], next run at: 2026-04-12 02:31:28 PKT)" to executor "default"
Traceback (most recent call last):
  File "/Users/ahmed/Downloads/evotrade_final/venv/lib/python3.11/site-packages/apscheduler/schedulers/base.py", line 1195, in _process_jobs
    executor.submit_job(job, run_times)
  File "/Users/ahmed/Downloads/evotrade_final/venv/lib/python3.11/site-packages/apscheduler/executors/base.py", line 74, in submit_job
    self._do_submit_job(job, run_times)
  File "/Users/ahmed/Downloads/evotrade_final/venv/lib/python3.11/site-packages/apscheduler/executors/pool.py", line 27, in _do_submit_job
    f = self._pool.submit(
        ^^^^^^^^^^^^^^^^^^
  File "/opt/homebrew/Cellar/python@3.11/3.11.13/Frameworks/Python.framework/Versions/3.11/lib/python3.11/concurrent/futures/thread.py", line 167, in submit
    raise RuntimeError('cannot schedule new futures after shutdown')
RuntimeError: cannot schedule new futures after shutdown
2026-04-12 02:31:58,423 [apscheduler.scheduler] ERROR: Error submitting job "TradingEngine._trading_cycle (trigger: interval[0:00:30], next run at: 2026-04-12 02:31:58 PKT)" to executor "default"
Traceback (most recent call last):
  File "/Users/ahmed/Downloads/evotrade_final/venv/lib/python3.11/site-packages/apscheduler/schedulers/base.py", line 1195, in _process_jobs
    executor.submit_job(job, run_times)
  File "/Users/ahmed/Downloads/evotrade_final/venv/lib/python3.11/site-packages/apscheduler/executors/base.py", line 74, in submit_job
    self._do_submit_job(job, run_times)
  File "/Users/ahmed/Downloads/evotrade_final/venv/lib/python3.11/site-packages/apscheduler/executors/pool.py", line 27, in _do_submit_job
    f = self._pool.submit(
        ^^^^^^^^^^^^^^^^^^
  File "/opt/homebrew/Cellar/python@3.11/3.11.13/Frameworks/Python.framework/Versions/3.11/lib/python3.11/concurrent/futures/thread.py", line 167, in submit
    raise RuntimeError('cannot schedule new futures after shutdown')
RuntimeError: cannot schedule new futures after shutdown
2026-04-12 02:32:28,418 [apscheduler.scheduler] ERROR: Error submitting job "TradingEngine._trading_cycle (trigger: interval[0:00:30], next run at: 2026-04-12 02:32:28 PKT)" to executor "default"
Traceback (most recent call last):
  File "/Users/ahmed/Downloads/evotrade_final/venv/lib/python3.11/site-packages/apscheduler/schedulers/base.py", line 1195, in _process_jobs
    executor.submit_job(job, run_times)
  File "/Users/ahmed/Downloads/evotrade_final/venv/lib/python3.11/site-packages/apscheduler/executors/base.py", line 74, in submit_job
    self._do_submit_job(job, run_times)
  File "/Users/ahmed/Downloads/evotrade_final/venv/lib/python3.11/site-packages/apscheduler/executors/pool.py", line 27, in _do_submit_job
    f = self._pool.submit(
        ^^^^^^^^^^^^^^^^^^
  File "/opt/homebrew/Cellar/python@3.11/3.11.13/Frameworks/Python.framework/Versions/3.11/lib/python3.11/concurrent/futures/thread.py", line 167, in submit
    raise RuntimeError('cannot schedule new futures after shutdown')
RuntimeError: cannot schedule new futures after shutdown
2026-04-12 02:32:58,420 [apscheduler.scheduler] ERROR: Error submitting job "TradingEngine._trading_cycle (trigger: interval[0:00:30], next run at: 2026-04-12 02:32:58 PKT)" to executor "default"
Traceback (most recent call last):
  File "/Users/ahmed/Downloads/evotrade_final/venv/lib/python3.11/site-packages/apscheduler/schedulers/base.py", line 1195, in _process_jobs
    executor.submit_job(job, run_times)
  File "/Users/ahmed/Downloads/evotrade_final/venv/lib/python3.11/site-packages/apscheduler/executors/base.py", line 74, in submit_job
    self._do_submit_job(job, run_times)
  File "/Users/ahmed/Downloads/evotrade_final/venv/lib/python3.11/site-packages/apscheduler/executors/pool.py", line 27, in _do_submit_job
    f = self._pool.submit(
        ^^^^^^^^^^^^^^^^^^
  File "/opt/homebrew/Cellar/python@3.11/3.11.13/Frameworks/Python.framework/Versions/3.11/lib/python3.11/concurrent/futures/thread.py", line 167, in submit
    raise RuntimeError('cannot schedule new futures after shutdown')
RuntimeError: cannot schedule new futures after shutdown
2026-04-12 02:33:28,419 [apscheduler.scheduler] ERROR: Error submitting job "TradingEngine._trading_cycle (trigger: interval[0:00:30], next run at: 2026-04-12 02:33:28 PKT)" to executor "default"
Traceback (most recent call last):
  File "/Users/ahmed/Downloads/evotrade_final/venv/lib/python3.11/site-packages/apscheduler/schedulers/base.py", line 1195, in _process_jobs
    executor.submit_job(job, run_times)
  File "/Users/ahmed/Downloads/evotrade_final/venv/lib/python3.11/site-packages/apscheduler/executors/base.py", line 74, in submit_job
    self._do_submit_job(job, run_times)
  File "/Users/ahmed/Downloads/evotrade_final/venv/lib/python3.11/site-packages/apscheduler/executors/pool.py", line 27, in _do_submit_job
    f = self._pool.submit(
        ^^^^^^^^^^^^^^^^^^
  File "/opt/homebrew/Cellar/python@3.11/3.11.13/Frameworks/Python.framework/Versions/3.11/lib/python3.11/concurrent/futures/thread.py", line 167, in submit
    raise RuntimeError('cannot schedule new futures after shutdown')
RuntimeError: cannot schedule new futures after shutdown
2026-04-12 02:33:58,417 [apscheduler.scheduler] ERROR: Error submitting job "TradingEngine._trading_cycle (trigger: interval[0:00:30], next run at: 2026-04-12 02:33:58 PKT)" to executor "default"
Traceback (most recent call last):
  File "/Users/ahmed/Downloads/evotrade_final/venv/lib/python3.11/site-packages/apscheduler/schedulers/base.py", line 1195, in _process_jobs
    executor.submit_job(job, run_times)
  File "/Users/ahmed/Downloads/evotrade_final/venv/lib/python3.11/site-packages/apscheduler/executors/base.py", line 74, in submit_job
    self._do_submit_job(job, run_times)
  File "/Users/ahmed/Downloads/evotrade_final/venv/lib/python3.11/site-packages/apscheduler/executors/pool.py", line 27, in _do_submit_job
    f = self._pool.submit(
        ^^^^^^^^^^^^^^^^^^
  File "/opt/homebrew/Cellar/python@3.11/3.11.13/Frameworks/Python.framework/Versions/3.11/lib/python3.11/concurrent/futures/thread.py", line 167, in submit
    raise RuntimeError('cannot schedule new futures after shutdown')
RuntimeError: cannot schedule new futures after shutdown
2026-04-12 02:34:28,420 [apscheduler.scheduler] ERROR: Error submitting job "TradingEngine._trading_cycle (trigger: interval[0:00:30], next run at: 2026-04-12 02:34:28 PKT)" to executor "default"
Traceback (most recent call last):
  File "/Users/ahmed/Downloads/evotrade_final/venv/lib/python3.11/site-packages/apscheduler/schedulers/base.py", line 1195, in _process_jobs
    executor.submit_job(job, run_times)
  File "/Users/ahmed/Downloads/evotrade_final/venv/lib/python3.11/site-packages/apscheduler/executors/base.py", line 74, in submit_job
    self._do_submit_job(job, run_times)
  File "/Users/ahmed/Downloads/evotrade_final/venv/lib/python3.11/site-packages/apscheduler/executors/pool.py", line 27, in _do_submit_job
    f = self._pool.submit(
        ^^^^^^^^^^^^^^^^^^
  File "/opt/homebrew/Cellar/python@3.11/3.11.13/Frameworks/Python.framework/Versions/3.11/lib/python3.11/concurrent/futures/thread.py", line 167, in submit
    raise RuntimeError('cannot schedule new futures after shutdown')
RuntimeError: cannot schedule new futures after shutdown
2026-04-12 02:34:58,421 [apscheduler.scheduler] ERROR: Error submitting job "TradingEngine._trading_cycle (trigger: interval[0:00:30], next run at: 2026-04-12 02:34:58 PKT)" to executor "default"
Traceback (most recent call last):
  File "/Users/ahmed/Downloads/evotrade_final/venv/lib/python3.11/site-packages/apscheduler/schedulers/base.py", line 1195, in _process_jobs
    executor.submit_job(job, run_times)
  File "/Users/ahmed/Downloads/evotrade_final/venv/lib/python3.11/site-packages/apscheduler/executors/base.py", line 74, in submit_job
    self._do_submit_job(job, run_times)
  File "/Users/ahmed/Downloads/evotrade_final/venv/lib/python3.11/site-packages/apscheduler/executors/pool.py", line 27, in _do_submit_job
    f = self._pool.submit(
        ^^^^^^^^^^^^^^^^^^
  File "/opt/homebrew/Cellar/python@3.11/3.11.13/Frameworks/Python.framework/Versions/3.11/lib/python3.11/concurrent/futures/thread.py", line 167, in submit
    raise RuntimeError('cannot schedule new futures after shutdown')
RuntimeError: cannot schedule new futures after shutdown
2026-04-12 02:35:28,423 [apscheduler.scheduler] ERROR: Error submitting job "TradingEngine._trading_cycle (trigger: interval[0:00:30], next run at: 2026-04-12 02:35:28 PKT)" to executor "default"
Traceback (most recent call last):
  File "/Users/ahmed/Downloads/evotrade_final/venv/lib/python3.11/site-packages/apscheduler/schedulers/base.py", line 1195, in _process_jobs
    executor.submit_job(job, run_times)
  File "/Users/ahmed/Downloads/evotrade_final/venv/lib/python3.11/site-packages/apscheduler/executors/base.py", line 74, in submit_job
    self._do_submit_job(job, run_times)
  File "/Users/ahmed/Downloads/evotrade_final/venv/lib/python3.11/site-packages/apscheduler/executors/pool.py", line 27, in _do_submit_job
    f = self._pool.submit(
        ^^^^^^^^^^^^^^^^^^
  File "/opt/homebrew/Cellar/python@3.11/3.11.13/Frameworks/Python.framework/Versions/3.11/lib/python3.11/concurrent/futures/thread.py", line 167, in submit
    raise RuntimeError('cannot schedule new futures after shutdown')
RuntimeError: cannot schedule new futures after shutdown
2026-04-12 02:35:58,427 [apscheduler.scheduler] ERROR: Error submitting job "TradingEngine._trading_cycle (trigger: interval[0:00:30], next run at: 2026-04-12 02:35:58 PKT)" to executor "default"
Traceback (most recent call last):
  File "/Users/ahmed/Downloads/evotrade_final/venv/lib/python3.11/site-packages/apscheduler/schedulers/base.py", line 1195, in _process_jobs
    executor.submit_job(job, run_times)
  File "/Users/ahmed/Downloads/evotrade_final/venv/lib/python3.11/site-packages/apscheduler/executors/base.py", line 74, in submit_job
    self._do_submit_job(job, run_times)
  File "/Users/ahmed/Downloads/evotrade_final/venv/lib/python3.11/site-packages/apscheduler/executors/pool.py", line 27, in _do_submit_job
    f = self._pool.submit(
        ^^^^^^^^^^^^^^^^^^
  File "/opt/homebrew/Cellar/python@3.11/3.11.13/Frameworks/Python.framework/Versions/3.11/lib/python3.11/concurrent/futures/thread.py", line 167, in submit
    raise RuntimeError('cannot schedule new futures after shutdown')
RuntimeError: cannot schedule new futures after shutdown
2026-04-12 02:36:28,427 [apscheduler.scheduler] ERROR: Error submitting job "TradingEngine._trading_cycle (trigger: interval[0:00:30], next run at: 2026-04-12 02:36:28 PKT)" to executor "default"
Traceback (most recent call last):
  File "/Users/ahmed/Downloads/evotrade_final/venv/lib/python3.11/site-packages/apscheduler/schedulers/base.py", line 1195, in _process_jobs
    executor.submit_job(job, run_times)
  File "/Users/ahmed/Downloads/evotrade_final/venv/lib/python3.11/site-packages/apscheduler/executors/base.py", line 74, in submit_job
    self._do_submit_job(job, run_times)
  File "/Users/ahmed/Downloads/evotrade_final/venv/lib/python3.11/site-packages/apscheduler/executors/pool.py", line 27, in _do_submit_job
    f = self._pool.submit(
        ^^^^^^^^^^^^^^^^^^
  File "/opt/homebrew/Cellar/python@3.11/3.11.13/Frameworks/Python.framework/Versions/3.11/lib/python3.11/concurrent/futures/thread.py", line 167, in submit
    raise RuntimeError('cannot schedule new futures after shutdown')
RuntimeError: cannot schedule new futures after shutdown
2026-04-12 02:36:58,426 [apscheduler.scheduler] ERROR: Error submitting job "TradingEngine._trading_cycle (trigger: interval[0:00:30], next run at: 2026-04-12 02:36:58 PKT)" to executor "default"
Traceback (most recent call last):
  File "/Users/ahmed/Downloads/evotrade_final/venv/lib/python3.11/site-packages/apscheduler/schedulers/base.py", line 1195, in _process_jobs
    executor.submit_job(job, run_times)
  File "/Users/ahmed/Downloads/evotrade_final/venv/lib/python3.11/site-packages/apscheduler/executors/base.py", line 74, in submit_job
    self._do_submit_job(job, run_times)
  File "/Users/ahmed/Downloads/evotrade_final/venv/lib/python3.11/site-packages/apscheduler/executors/pool.py", line 27, in _do_submit_job
    f = self._pool.submit(
        ^^^^^^^^^^^^^^^^^^
  File "/opt/homebrew/Cellar/python@3.11/3.11.13/Frameworks/Python.framework/Versions/3.11/lib/python3.11/concurrent/futures/thread.py", line 167, in submit
    raise RuntimeError('cannot schedule new futures after shutdown')
RuntimeError: cannot schedule new futures after shutdown
2026-04-12 02:37:28,424 [apscheduler.scheduler] ERROR: Error submitting job "TradingEngine._trading_cycle (trigger: interval[0:00:30], next run at: 2026-04-12 02:37:28 PKT)" to executor "default"
Traceback (most recent call last):
  File "/Users/ahmed/Downloads/evotrade_final/venv/lib/python3.11/site-packages/apscheduler/schedulers/base.py", line 1195, in _process_jobs
    executor.submit_job(job, run_times)
  File "/Users/ahmed/Downloads/evotrade_final/venv/lib/python3.11/site-packages/apscheduler/executors/base.py", line 74, in submit_job
    self._do_submit_job(job, run_times)
  File "/Users/ahmed/Downloads/evotrade_final/venv/lib/python3.11/site-packages/apscheduler/executors/pool.py", line 27, in _do_submit_job
    f = self._pool.submit(
        ^^^^^^^^^^^^^^^^^^
  File "/opt/homebrew/Cellar/python@3.11/3.11.13/Frameworks/Python.framework/Versions/3.11/lib/python3.11/concurrent/futures/thread.py", line 167, in submit
    raise RuntimeError('cannot schedule new futures after shutdown')
RuntimeError: cannot schedule new futures after shutdown
2026-04-12 02:37:58,425 [apscheduler.scheduler] ERROR: Error submitting job "TradingEngine._trading_cycle (trigger: interval[0:00:30], next run at: 2026-04-12 02:37:58 PKT)" to executor "default"
Traceback (most recent call last):
  File "/Users/ahmed/Downloads/evotrade_final/venv/lib/python3.11/site-packages/apscheduler/schedulers/base.py", line 1195, in _process_jobs
    executor.submit_job(job, run_times)
  File "/Users/ahmed/Downloads/evotrade_final/venv/lib/python3.11/site-packages/apscheduler/executors/base.py", line 74, in submit_job
    self._do_submit_job(job, run_times)
  File "/Users/ahmed/Downloads/evotrade_final/venv/lib/python3.11/site-packages/apscheduler/executors/pool.py", line 27, in _do_submit_job
    f = self._pool.submit(
        ^^^^^^^^^^^^^^^^^^
  File "/opt/homebrew/Cellar/python@3.11/3.11.13/Frameworks/Python.framework/Versions/3.11/lib/python3.11/concurrent/futures/thread.py", line 167, in submit
    raise RuntimeError('cannot schedule new futures after shutdown')
RuntimeError: cannot schedule new futures after shutdown
2026-04-12 02:38:28,433 [apscheduler.scheduler] ERROR: Error submitting job "TradingEngine._trading_cycle (trigger: interval[0:00:30], next run at: 2026-04-12 02:38:28 PKT)" to executor "default"
Traceback (most recent call last):
  File "/Users/ahmed/Downloads/evotrade_final/venv/lib/python3.11/site-packages/apscheduler/schedulers/base.py", line 1195, in _process_jobs
    executor.submit_job(job, run_times)
  File "/Users/ahmed/Downloads/evotrade_final/venv/lib/python3.11/site-packages/apscheduler/executors/base.py", line 74, in submit_job
    self._do_submit_job(job, run_times)
  File "/Users/ahmed/Downloads/evotrade_final/venv/lib/python3.11/site-packages/apscheduler/executors/pool.py", line 27, in _do_submit_job
    f = self._pool.submit(
        ^^^^^^^^^^^^^^^^^^
  File "/opt/homebrew/Cellar/python@3.11/3.11.13/Frameworks/Python.framework/Versions/3.11/lib/python3.11/concurrent/futures/thread.py", line 167, in submit
    raise RuntimeError('cannot schedule new futures after shutdown')
RuntimeError: cannot schedule new futures after shutdown
2026-04-12 02:38:58,418 [apscheduler.scheduler] ERROR: Error submitting job "TradingEngine._trading_cycle (trigger: interval[0:00:30], next run at: 2026-04-12 02:38:58 PKT)" to executor "default"
Traceback (most recent call last):
  File "/Users/ahmed/Downloads/evotrade_final/venv/lib/python3.11/site-packages/apscheduler/schedulers/base.py", line 1195, in _process_jobs
    executor.submit_job(job, run_times)
  File "/Users/ahmed/Downloads/evotrade_final/venv/lib/python3.11/site-packages/apscheduler/executors/base.py", line 74, in submit_job
    self._do_submit_job(job, run_times)
  File "/Users/ahmed/Downloads/evotrade_final/venv/lib/python3.11/site-packages/apscheduler/executors/pool.py", line 27, in _do_submit_job
    f = self._pool.submit(
        ^^^^^^^^^^^^^^^^^^
  File "/opt/homebrew/Cellar/python@3.11/3.11.13/Frameworks/Python.framework/Versions/3.11/lib/python3.11/concurrent/futures/thread.py", line 167, in submit
    raise RuntimeError('cannot schedule new futures after shutdown')
RuntimeError: cannot schedule new futures after shutdown
2026-04-12 02:39:28,426 [apscheduler.scheduler] ERROR: Error submitting job "TradingEngine._trading_cycle (trigger: interval[0:00:30], next run at: 2026-04-12 02:39:28 PKT)" to executor "default"
Traceback (most recent call last):
  File "/Users/ahmed/Downloads/evotrade_final/venv/lib/python3.11/site-packages/apscheduler/schedulers/base.py", line 1195, in _process_jobs
    executor.submit_job(job, run_times)
  File "/Users/ahmed/Downloads/evotrade_final/venv/lib/python3.11/site-packages/apscheduler/executors/base.py", line 74, in submit_job
    self._do_submit_job(job, run_times)
  File "/Users/ahmed/Downloads/evotrade_final/venv/lib/python3.11/site-packages/apscheduler/executors/pool.py", line 27, in _do_submit_job
    f = self._pool.submit(
        ^^^^^^^^^^^^^^^^^^
  File "/opt/homebrew/Cellar/python@3.11/3.11.13/Frameworks/Python.framework/Versions/3.11/lib/python3.11/concurrent/futures/thread.py", line 167, in submit
    raise RuntimeError('cannot schedule new futures after shutdown')
RuntimeError: cannot schedule new futures after shutdown
2026-04-12 02:39:58,437 [apscheduler.scheduler] ERROR: Error submitting job "TradingEngine._trading_cycle (trigger: interval[0:00:30], next run at: 2026-04-12 02:39:58 PKT)" to executor "default"
Traceback (most recent call last):
  File "/Users/ahmed/Downloads/evotrade_final/venv/lib/python3.11/site-packages/apscheduler/schedulers/base.py", line 1195, in _process_jobs
    executor.submit_job(job, run_times)
  File "/Users/ahmed/Downloads/evotrade_final/venv/lib/python3.11/site-packages/apscheduler/executors/base.py", line 74, in submit_job
    self._do_submit_job(job, run_times)
  File "/Users/ahmed/Downloads/evotrade_final/venv/lib/python3.11/site-packages/apscheduler/executors/pool.py", line 27, in _do_submit_job
    f = self._pool.submit(
        ^^^^^^^^^^^^^^^^^^
  File "/opt/homebrew/Cellar/python@3.11/3.11.13/Frameworks/Python.framework/Versions/3.11/lib/python3.11/concurrent/futures/thread.py", line 167, in submit
    raise RuntimeError('cannot schedule new futures after shutdown')
RuntimeError: cannot schedule new futures after shutdown
2026-04-12 02:40:28,419 [apscheduler.scheduler] ERROR: Error submitting job "TradingEngine._trading_cycle (trigger: interval[0:00:30], next run at: 2026-04-12 02:40:28 PKT)" to executor "default"
Traceback (most recent call last):
  File "/Users/ahmed/Downloads/evotrade_final/venv/lib/python3.11/site-packages/apscheduler/schedulers/base.py", line 1195, in _process_jobs
    executor.submit_job(job, run_times)
  File "/Users/ahmed/Downloads/evotrade_final/venv/lib/python3.11/site-packages/apscheduler/executors/base.py", line 74, in submit_job
    self._do_submit_job(job, run_times)
  File "/Users/ahmed/Downloads/evotrade_final/venv/lib/python3.11/site-packages/apscheduler/executors/pool.py", line 27, in _do_submit_job
    f = self._pool.submit(
        ^^^^^^^^^^^^^^^^^^
  File "/opt/homebrew/Cellar/python@3.11/3.11.13/Frameworks/Python.framework/Versions/3.11/lib/python3.11/concurrent/futures/thread.py", line 167, in submit
    raise RuntimeError('cannot schedule new futures after shutdown')
RuntimeError: cannot schedule new futures after shutdown
2026-04-12 02:40:58,417 [apscheduler.scheduler] ERROR: Error submitting job "TradingEngine._trading_cycle (trigger: interval[0:00:30], next run at: 2026-04-12 02:40:58 PKT)" to executor "default"
Traceback (most recent call last):
  File "/Users/ahmed/Downloads/evotrade_final/venv/lib/python3.11/site-packages/apscheduler/schedulers/base.py", line 1195, in _process_jobs
    executor.submit_job(job, run_times)
  File "/Users/ahmed/Downloads/evotrade_final/venv/lib/python3.11/site-packages/apscheduler/executors/base.py", line 74, in submit_job
    self._do_submit_job(job, run_times)
  File "/Users/ahmed/Downloads/evotrade_final/venv/lib/python3.11/site-packages/apscheduler/executors/pool.py", line 27, in _do_submit_job
    f = self._pool.submit(
        ^^^^^^^^^^^^^^^^^^
  File "/opt/homebrew/Cellar/python@3.11/3.11.13/Frameworks/Python.framework/Versions/3.11/lib/python3.11/concurrent/futures/thread.py", line 167, in submit
    raise RuntimeError('cannot schedule new futures after shutdown')
RuntimeError: cannot schedule new futures after shutdown
2026-04-12 02:41:28,422 [apscheduler.scheduler] ERROR: Error submitting job "TradingEngine._trading_cycle (trigger: interval[0:00:30], next run at: 2026-04-12 02:41:28 PKT)" to executor "default"
Traceback (most recent call last):
  File "/Users/ahmed/Downloads/evotrade_final/venv/lib/python3.11/site-packages/apscheduler/schedulers/base.py", line 1195, in _process_jobs
    executor.submit_job(job, run_times)
  File "/Users/ahmed/Downloads/evotrade_final/venv/lib/python3.11/site-packages/apscheduler/executors/base.py", line 74, in submit_job
    self._do_submit_job(job, run_times)
  File "/Users/ahmed/Downloads/evotrade_final/venv/lib/python3.11/site-packages/apscheduler/executors/pool.py", line 27, in _do_submit_job
    f = self._pool.submit(
        ^^^^^^^^^^^^^^^^^^
  File "/opt/homebrew/Cellar/python@3.11/3.11.13/Frameworks/Python.framework/Versions/3.11/lib/python3.11/concurrent/futures/thread.py", line 167, in submit
    raise RuntimeError('cannot schedule new futures after shutdown')
RuntimeError: cannot schedule new futures after shutdown
2026-04-12 02:41:58,421 [apscheduler.scheduler] ERROR: Error submitting job "TradingEngine._trading_cycle (trigger: interval[0:00:30], next run at: 2026-04-12 02:41:58 PKT)" to executor "default"
Traceback (most recent call last):
  File "/Users/ahmed/Downloads/evotrade_final/venv/lib/python3.11/site-packages/apscheduler/schedulers/base.py", line 1195, in _process_jobs
    executor.submit_job(job, run_times)
  File "/Users/ahmed/Downloads/evotrade_final/venv/lib/python3.11/site-packages/apscheduler/executors/base.py", line 74, in submit_job
    self._do_submit_job(job, run_times)
  File "/Users/ahmed/Downloads/evotrade_final/venv/lib/python3.11/site-packages/apscheduler/executors/pool.py", line 27, in _do_submit_job
    f = self._pool.submit(
        ^^^^^^^^^^^^^^^^^^
  File "/opt/homebrew/Cellar/python@3.11/3.11.13/Frameworks/Python.framework/Versions/3.11/lib/python3.11/concurrent/futures/thread.py", line 167, in submit
    raise RuntimeError('cannot schedule new futures after shutdown')
RuntimeError: cannot schedule new futures after shutdown
2026-04-12 02:42:28,422 [apscheduler.scheduler] ERROR: Error submitting job "TradingEngine._trading_cycle (trigger: interval[0:00:30], next run at: 2026-04-12 02:42:28 PKT)" to executor "default"
Traceback (most recent call last):
  File "/Users/ahmed/Downloads/evotrade_final/venv/lib/python3.11/site-packages/apscheduler/schedulers/base.py", line 1195, in _process_jobs
    executor.submit_job(job, run_times)
  File "/Users/ahmed/Downloads/evotrade_final/venv/lib/python3.11/site-packages/apscheduler/executors/base.py", line 74, in submit_job
    self._do_submit_job(job, run_times)
  File "/Users/ahmed/Downloads/evotrade_final/venv/lib/python3.11/site-packages/apscheduler/executors/pool.py", line 27, in _do_submit_job
    f = self._pool.submit(
        ^^^^^^^^^^^^^^^^^^
  File "/opt/homebrew/Cellar/python@3.11/3.11.13/Frameworks/Python.framework/Versions/3.11/lib/python3.11/concurrent/futures/thread.py", line 167, in submit
    raise RuntimeError('cannot schedule new futures after shutdown')
RuntimeError: cannot schedule new futures after shutdown
2026-04-12 02:42:58,422 [apscheduler.scheduler] ERROR: Error submitting job "TradingEngine._trading_cycle (trigger: interval[0:00:30], next run at: 2026-04-12 02:42:58 PKT)" to executor "default"
Traceback (most recent call last):
  File "/Users/ahmed/Downloads/evotrade_final/venv/lib/python3.11/site-packages/apscheduler/schedulers/base.py", line 1195, in _process_jobs
    executor.submit_job(job, run_times)
  File "/Users/ahmed/Downloads/evotrade_final/venv/lib/python3.11/site-packages/apscheduler/executors/base.py", line 74, in submit_job
    self._do_submit_job(job, run_times)
  File "/Users/ahmed/Downloads/evotrade_final/venv/lib/python3.11/site-packages/apscheduler/executors/pool.py", line 27, in _do_submit_job
    f = self._pool.submit(
        ^^^^^^^^^^^^^^^^^^
  File "/opt/homebrew/Cellar/python@3.11/3.11.13/Frameworks/Python.framework/Versions/3.11/lib/python3.11/concurrent/futures/thread.py", line 167, in submit
    raise RuntimeError('cannot schedule new futures after shutdown')
RuntimeError: cannot schedule new futures after shutdown
2026-04-12 02:43:28,422 [apscheduler.scheduler] ERROR: Error submitting job "TradingEngine._trading_cycle (trigger: interval[0:00:30], next run at: 2026-04-12 02:43:28 PKT)" to executor "default"
Traceback (most recent call last):
  File "/Users/ahmed/Downloads/evotrade_final/venv/lib/python3.11/site-packages/apscheduler/schedulers/base.py", line 1195, in _process_jobs
    executor.submit_job(job, run_times)
  File "/Users/ahmed/Downloads/evotrade_final/venv/lib/python3.11/site-packages/apscheduler/executors/base.py", line 74, in submit_job
    self._do_submit_job(job, run_times)
  File "/Users/ahmed/Downloads/evotrade_final/venv/lib/python3.11/site-packages/apscheduler/executors/pool.py", line 27, in _do_submit_job
    f = self._pool.submit(
        ^^^^^^^^^^^^^^^^^^
  File "/opt/homebrew/Cellar/python@3.11/3.11.13/Frameworks/Python.framework/Versions/3.11/lib/python3.11/concurrent/futures/thread.py", line 167, in submit
    raise RuntimeError('cannot schedule new futures after shutdown')
RuntimeError: cannot schedule new futures after shutdown
2026-04-12 02:43:58,424 [apscheduler.scheduler] ERROR: Error submitting job "TradingEngine._trading_cycle (trigger: interval[0:00:30], next run at: 2026-04-12 02:43:58 PKT)" to executor "default"
Traceback (most recent call last):
  File "/Users/ahmed/Downloads/evotrade_final/venv/lib/python3.11/site-packages/apscheduler/schedulers/base.py", line 1195, in _process_jobs
    executor.submit_job(job, run_times)
  File "/Users/ahmed/Downloads/evotrade_final/venv/lib/python3.11/site-packages/apscheduler/executors/base.py", line 74, in submit_job
    self._do_submit_job(job, run_times)
  File "/Users/ahmed/Downloads/evotrade_final/venv/lib/python3.11/site-packages/apscheduler/executors/pool.py", line 27, in _do_submit_job
    f = self._pool.submit(
        ^^^^^^^^^^^^^^^^^^
  File "/opt/homebrew/Cellar/python@3.11/3.11.13/Frameworks/Python.framework/Versions/3.11/lib/python3.11/concurrent/futures/thread.py", line 167, in submit
    raise RuntimeError('cannot schedule new futures after shutdown')
RuntimeError: cannot schedule new futures after shutdown
2026-04-12 02:44:28,421 [apscheduler.scheduler] ERROR: Error submitting job "TradingEngine._trading_cycle (trigger: interval[0:00:30], next run at: 2026-04-12 02:44:28 PKT)" to executor "default"
Traceback (most recent call last):
  File "/Users/ahmed/Downloads/evotrade_final/venv/lib/python3.11/site-packages/apscheduler/schedulers/base.py", line 1195, in _process_jobs
    executor.submit_job(job, run_times)
  File "/Users/ahmed/Downloads/evotrade_final/venv/lib/python3.11/site-packages/apscheduler/executors/base.py", line 74, in submit_job
    self._do_submit_job(job, run_times)
  File "/Users/ahmed/Downloads/evotrade_final/venv/lib/python3.11/site-packages/apscheduler/executors/pool.py", line 27, in _do_submit_job
    f = self._pool.submit(
        ^^^^^^^^^^^^^^^^^^
  File "/opt/homebrew/Cellar/python@3.11/3.11.13/Frameworks/Python.framework/Versions/3.11/lib/python3.11/concurrent/futures/thread.py", line 167, in submit
    raise RuntimeError('cannot schedule new futures after shutdown')
RuntimeError: cannot schedule new futures after shutdown
2026-04-12 02:44:58,422 [apscheduler.scheduler] ERROR: Error submitting job "TradingEngine._trading_cycle (trigger: interval[0:00:30], next run at: 2026-04-12 02:44:58 PKT)" to executor "default"
Traceback (most recent call last):
  File "/Users/ahmed/Downloads/evotrade_final/venv/lib/python3.11/site-packages/apscheduler/schedulers/base.py", line 1195, in _process_jobs
    executor.submit_job(job, run_times)
  File "/Users/ahmed/Downloads/evotrade_final/venv/lib/python3.11/site-packages/apscheduler/executors/base.py", line 74, in submit_job
    self._do_submit_job(job, run_times)
  File "/Users/ahmed/Downloads/evotrade_final/venv/lib/python3.11/site-packages/apscheduler/executors/pool.py", line 27, in _do_submit_job
    f = self._pool.submit(
        ^^^^^^^^^^^^^^^^^^
  File "/opt/homebrew/Cellar/python@3.11/3.11.13/Frameworks/Python.framework/Versions/3.11/lib/python3.11/concurrent/futures/thread.py", line 167, in submit
    raise RuntimeError('cannot schedule new futures after shutdown')
RuntimeError: cannot schedule new futures after shutdown
2026-04-12 02:45:28,421 [apscheduler.scheduler] ERROR: Error submitting job "TradingEngine._trading_cycle (trigger: interval[0:00:30], next run at: 2026-04-12 02:45:28 PKT)" to executor "default"
Traceback (most recent call last):
  File "/Users/ahmed/Downloads/evotrade_final/venv/lib/python3.11/site-packages/apscheduler/schedulers/base.py", line 1195, in _process_jobs
    executor.submit_job(job, run_times)
  File "/Users/ahmed/Downloads/evotrade_final/venv/lib/python3.11/site-packages/apscheduler/executors/base.py", line 74, in submit_job
    self._do_submit_job(job, run_times)
  File "/Users/ahmed/Downloads/evotrade_final/venv/lib/python3.11/site-packages/apscheduler/executors/pool.py", line 27, in _do_submit_job
    f = self._pool.submit(
        ^^^^^^^^^^^^^^^^^^
  File "/opt/homebrew/Cellar/python@3.11/3.11.13/Frameworks/Python.framework/Versions/3.11/lib/python3.11/concurrent/futures/thread.py", line 167, in submit
    raise RuntimeError('cannot schedule new futures after shutdown')
RuntimeError: cannot schedule new futures after shutdown
2026-04-12 02:45:58,422 [apscheduler.scheduler] ERROR: Error submitting job "TradingEngine._trading_cycle (trigger: interval[0:00:30], next run at: 2026-04-12 02:45:58 PKT)" to executor "default"
Traceback (most recent call last):
  File "/Users/ahmed/Downloads/evotrade_final/venv/lib/python3.11/site-packages/apscheduler/schedulers/base.py", line 1195, in _process_jobs
    executor.submit_job(job, run_times)
  File "/Users/ahmed/Downloads/evotrade_final/venv/lib/python3.11/site-packages/apscheduler/executors/base.py", line 74, in submit_job
    self._do_submit_job(job, run_times)
  File "/Users/ahmed/Downloads/evotrade_final/venv/lib/python3.11/site-packages/apscheduler/executors/pool.py", line 27, in _do_submit_job
    f = self._pool.submit(
        ^^^^^^^^^^^^^^^^^^
  File "/opt/homebrew/Cellar/python@3.11/3.11.13/Frameworks/Python.framework/Versions/3.11/lib/python3.11/concurrent/futures/thread.py", line 167, in submit
    raise RuntimeError('cannot schedule new futures after shutdown')
RuntimeError: cannot schedule new futures after shutdown
2026-04-12 02:46:28,420 [apscheduler.scheduler] ERROR: Error submitting job "TradingEngine._trading_cycle (trigger: interval[0:00:30], next run at: 2026-04-12 02:46:28 PKT)" to executor "default"
Traceback (most recent call last):
  File "/Users/ahmed/Downloads/evotrade_final/venv/lib/python3.11/site-packages/apscheduler/schedulers/base.py", line 1195, in _process_jobs
    executor.submit_job(job, run_times)
  File "/Users/ahmed/Downloads/evotrade_final/venv/lib/python3.11/site-packages/apscheduler/executors/base.py", line 74, in submit_job
    self._do_submit_job(job, run_times)
  File "/Users/ahmed/Downloads/evotrade_final/venv/lib/python3.11/site-packages/apscheduler/executors/pool.py", line 27, in _do_submit_job
    f = self._pool.submit(
        ^^^^^^^^^^^^^^^^^^
  File "/opt/homebrew/Cellar/python@3.11/3.11.13/Frameworks/Python.framework/Versions/3.11/lib/python3.11/concurrent/futures/thread.py", line 167, in submit
    raise RuntimeError('cannot schedule new futures after shutdown')
RuntimeError: cannot schedule new futures after shutdown
2026-04-12 02:46:58,426 [apscheduler.scheduler] ERROR: Error submitting job "TradingEngine._trading_cycle (trigger: interval[0:00:30], next run at: 2026-04-12 02:46:58 PKT)" to executor "default"
Traceback (most recent call last):
  File "/Users/ahmed/Downloads/evotrade_final/venv/lib/python3.11/site-packages/apscheduler/schedulers/base.py", line 1195, in _process_jobs
    executor.submit_job(job, run_times)
  File "/Users/ahmed/Downloads/evotrade_final/venv/lib/python3.11/site-packages/apscheduler/executors/base.py", line 74, in submit_job
    self._do_submit_job(job, run_times)
  File "/Users/ahmed/Downloads/evotrade_final/venv/lib/python3.11/site-packages/apscheduler/executors/pool.py", line 27, in _do_submit_job
    f = self._pool.submit(
        ^^^^^^^^^^^^^^^^^^
  File "/opt/homebrew/Cellar/python@3.11/3.11.13/Frameworks/Python.framework/Versions/3.11/lib/python3.11/concurrent/futures/thread.py", line 167, in submit
    raise RuntimeError('cannot schedule new futures after shutdown')
RuntimeError: cannot schedule new futures after shutdown
2026-04-12 02:47:28,435 [apscheduler.scheduler] ERROR: Error submitting job "TradingEngine._trading_cycle (trigger: interval[0:00:30], next run at: 2026-04-12 02:47:28 PKT)" to executor "default"
Traceback (most recent call last):
  File "/Users/ahmed/Downloads/evotrade_final/venv/lib/python3.11/site-packages/apscheduler/schedulers/base.py", line 1195, in _process_jobs
    executor.submit_job(job, run_times)
  File "/Users/ahmed/Downloads/evotrade_final/venv/lib/python3.11/site-packages/apscheduler/executors/base.py", line 74, in submit_job
    self._do_submit_job(job, run_times)
  File "/Users/ahmed/Downloads/evotrade_final/venv/lib/python3.11/site-packages/apscheduler/executors/pool.py", line 27, in _do_submit_job
    f = self._pool.submit(
        ^^^^^^^^^^^^^^^^^^
  File "/opt/homebrew/Cellar/python@3.11/3.11.13/Frameworks/Python.framework/Versions/3.11/lib/python3.11/concurrent/futures/thread.py", line 167, in submit
    raise RuntimeError('cannot schedule new futures after shutdown')
RuntimeError: cannot schedule new futures after shutdown
2026-04-12 02:47:58,423 [apscheduler.scheduler] ERROR: Error submitting job "TradingEngine._trading_cycle (trigger: interval[0:00:30], next run at: 2026-04-12 02:47:58 PKT)" to executor "default"
Traceback (most recent call last):
  File "/Users/ahmed/Downloads/evotrade_final/venv/lib/python3.11/site-packages/apscheduler/schedulers/base.py", line 1195, in _process_jobs
    executor.submit_job(job, run_times)
  File "/Users/ahmed/Downloads/evotrade_final/venv/lib/python3.11/site-packages/apscheduler/executors/base.py", line 74, in submit_job
    self._do_submit_job(job, run_times)
  File "/Users/ahmed/Downloads/evotrade_final/venv/lib/python3.11/site-packages/apscheduler/executors/pool.py", line 27, in _do_submit_job
    f = self._pool.submit(
        ^^^^^^^^^^^^^^^^^^
  File "/opt/homebrew/Cellar/python@3.11/3.11.13/Frameworks/Python.framework/Versions/3.11/lib/python3.11/concurrent/futures/thread.py", line 167, in submit
    raise RuntimeError('cannot schedule new futures after shutdown')
RuntimeError: cannot schedule new futures after shutdown
2026-04-12 02:48:28,421 [apscheduler.scheduler] ERROR: Error submitting job "TradingEngine._trading_cycle (trigger: interval[0:00:30], next run at: 2026-04-12 02:48:28 PKT)" to executor "default"
Traceback (most recent call last):
  File "/Users/ahmed/Downloads/evotrade_final/venv/lib/python3.11/site-packages/apscheduler/schedulers/base.py", line 1195, in _process_jobs
    executor.submit_job(job, run_times)
  File "/Users/ahmed/Downloads/evotrade_final/venv/lib/python3.11/site-packages/apscheduler/executors/base.py", line 74, in submit_job
    self._do_submit_job(job, run_times)
  File "/Users/ahmed/Downloads/evotrade_final/venv/lib/python3.11/site-packages/apscheduler/executors/pool.py", line 27, in _do_submit_job
    f = self._pool.submit(
        ^^^^^^^^^^^^^^^^^^
  File "/opt/homebrew/Cellar/python@3.11/3.11.13/Frameworks/Python.framework/Versions/3.11/lib/python3.11/concurrent/futures/thread.py", line 167, in submit
    raise RuntimeError('cannot schedule new futures after shutdown')
RuntimeError: cannot schedule new futures after shutdown
2026-04-12 02:48:58,426 [apscheduler.scheduler] ERROR: Error submitting job "TradingEngine._trading_cycle (trigger: interval[0:00:30], next run at: 2026-04-12 02:48:58 PKT)" to executor "default"
Traceback (most recent call last):
  File "/Users/ahmed/Downloads/evotrade_final/venv/lib/python3.11/site-packages/apscheduler/schedulers/base.py", line 1195, in _process_jobs
    executor.submit_job(job, run_times)
  File "/Users/ahmed/Downloads/evotrade_final/venv/lib/python3.11/site-packages/apscheduler/executors/base.py", line 74, in submit_job
    self._do_submit_job(job, run_times)
  File "/Users/ahmed/Downloads/evotrade_final/venv/lib/python3.11/site-packages/apscheduler/executors/pool.py", line 27, in _do_submit_job
    f = self._pool.submit(
        ^^^^^^^^^^^^^^^^^^
  File "/opt/homebrew/Cellar/python@3.11/3.11.13/Frameworks/Python.framework/Versions/3.11/lib/python3.11/concurrent/futures/thread.py", line 167, in submit
    raise RuntimeError('cannot schedule new futures after shutdown')
RuntimeError: cannot schedule new futures after shutdown
2026-04-12 02:49:28,423 [apscheduler.scheduler] ERROR: Error submitting job "TradingEngine._trading_cycle (trigger: interval[0:00:30], next run at: 2026-04-12 02:49:28 PKT)" to executor "default"
Traceback (most recent call last):
  File "/Users/ahmed/Downloads/evotrade_final/venv/lib/python3.11/site-packages/apscheduler/schedulers/base.py", line 1195, in _process_jobs
    executor.submit_job(job, run_times)
  File "/Users/ahmed/Downloads/evotrade_final/venv/lib/python3.11/site-packages/apscheduler/executors/base.py", line 74, in submit_job
    self._do_submit_job(job, run_times)
  File "/Users/ahmed/Downloads/evotrade_final/venv/lib/python3.11/site-packages/apscheduler/executors/pool.py", line 27, in _do_submit_job
    f = self._pool.submit(
        ^^^^^^^^^^^^^^^^^^
  File "/opt/homebrew/Cellar/python@3.11/3.11.13/Frameworks/Python.framework/Versions/3.11/lib/python3.11/concurrent/futures/thread.py", line 167, in submit
    raise RuntimeError('cannot schedule new futures after shutdown')
RuntimeError: cannot schedule new futures after shutdown
2026-04-12 02:49:58,417 [apscheduler.scheduler] ERROR: Error submitting job "TradingEngine._trading_cycle (trigger: interval[0:00:30], next run at: 2026-04-12 02:49:58 PKT)" to executor "default"
Traceback (most recent call last):
  File "/Users/ahmed/Downloads/evotrade_final/venv/lib/python3.11/site-packages/apscheduler/schedulers/base.py", line 1195, in _process_jobs
    executor.submit_job(job, run_times)
  File "/Users/ahmed/Downloads/evotrade_final/venv/lib/python3.11/site-packages/apscheduler/executors/base.py", line 74, in submit_job
    self._do_submit_job(job, run_times)
  File "/Users/ahmed/Downloads/evotrade_final/venv/lib/python3.11/site-packages/apscheduler/executors/pool.py", line 27, in _do_submit_job
    f = self._pool.submit(
        ^^^^^^^^^^^^^^^^^^
  File "/opt/homebrew/Cellar/python@3.11/3.11.13/Frameworks/Python.framework/Versions/3.11/lib/python3.11/concurrent/futures/thread.py", line 167, in submit
    raise RuntimeError('cannot schedule new futures after shutdown')
RuntimeError: cannot schedule new futures after shutdown
2026-04-12 02:50:28,422 [apscheduler.scheduler] ERROR: Error submitting job "TradingEngine._trading_cycle (trigger: interval[0:00:30], next run at: 2026-04-12 02:50:28 PKT)" to executor "default"
Traceback (most recent call last):
  File "/Users/ahmed/Downloads/evotrade_final/venv/lib/python3.11/site-packages/apscheduler/schedulers/base.py", line 1195, in _process_jobs
    executor.submit_job(job, run_times)
  File "/Users/ahmed/Downloads/evotrade_final/venv/lib/python3.11/site-packages/apscheduler/executors/base.py", line 74, in submit_job
    self._do_submit_job(job, run_times)
  File "/Users/ahmed/Downloads/evotrade_final/venv/lib/python3.11/site-packages/apscheduler/executors/pool.py", line 27, in _do_submit_job
    f = self._pool.submit(
        ^^^^^^^^^^^^^^^^^^
  File "/opt/homebrew/Cellar/python@3.11/3.11.13/Frameworks/Python.framework/Versions/3.11/lib/python3.11/concurrent/futures/thread.py", line 167, in submit
    raise RuntimeError('cannot schedule new futures after shutdown')
RuntimeError: cannot schedule new futures after shutdown
2026-04-12 02:50:58,421 [apscheduler.scheduler] ERROR: Error submitting job "TradingEngine._trading_cycle (trigger: interval[0:00:30], next run at: 2026-04-12 02:50:58 PKT)" to executor "default"
Traceback (most recent call last):
  File "/Users/ahmed/Downloads/evotrade_final/venv/lib/python3.11/site-packages/apscheduler/schedulers/base.py", line 1195, in _process_jobs
    executor.submit_job(job, run_times)
  File "/Users/ahmed/Downloads/evotrade_final/venv/lib/python3.11/site-packages/apscheduler/executors/base.py", line 74, in submit_job
    self._do_submit_job(job, run_times)
  File "/Users/ahmed/Downloads/evotrade_final/venv/lib/python3.11/site-packages/apscheduler/executors/pool.py", line 27, in _do_submit_job
    f = self._pool.submit(
        ^^^^^^^^^^^^^^^^^^
  File "/opt/homebrew/Cellar/python@3.11/3.11.13/Frameworks/Python.framework/Versions/3.11/lib/python3.11/concurrent/futures/thread.py", line 167, in submit
    raise RuntimeError('cannot schedule new futures after shutdown')
RuntimeError: cannot schedule new futures after shutdown
2026-04-12 02:51:28,423 [apscheduler.scheduler] ERROR: Error submitting job "TradingEngine._trading_cycle (trigger: interval[0:00:30], next run at: 2026-04-12 02:51:28 PKT)" to executor "default"
Traceback (most recent call last):
  File "/Users/ahmed/Downloads/evotrade_final/venv/lib/python3.11/site-packages/apscheduler/schedulers/base.py", line 1195, in _process_jobs
    executor.submit_job(job, run_times)
  File "/Users/ahmed/Downloads/evotrade_final/venv/lib/python3.11/site-packages/apscheduler/executors/base.py", line 74, in submit_job
    self._do_submit_job(job, run_times)
  File "/Users/ahmed/Downloads/evotrade_final/venv/lib/python3.11/site-packages/apscheduler/executors/pool.py", line 27, in _do_submit_job
    f = self._pool.submit(
        ^^^^^^^^^^^^^^^^^^
  File "/opt/homebrew/Cellar/python@3.11/3.11.13/Frameworks/Python.framework/Versions/3.11/lib/python3.11/concurrent/futures/thread.py", line 167, in submit
    raise RuntimeError('cannot schedule new futures after shutdown')
RuntimeError: cannot schedule new futures after shutdown
2026-04-12 02:51:58,421 [apscheduler.scheduler] ERROR: Error submitting job "TradingEngine._trading_cycle (trigger: interval[0:00:30], next run at: 2026-04-12 02:51:58 PKT)" to executor "default"
Traceback (most recent call last):
  File "/Users/ahmed/Downloads/evotrade_final/venv/lib/python3.11/site-packages/apscheduler/schedulers/base.py", line 1195, in _process_jobs
    executor.submit_job(job, run_times)
  File "/Users/ahmed/Downloads/evotrade_final/venv/lib/python3.11/site-packages/apscheduler/executors/base.py", line 74, in submit_job
    self._do_submit_job(job, run_times)
  File "/Users/ahmed/Downloads/evotrade_final/venv/lib/python3.11/site-packages/apscheduler/executors/pool.py", line 27, in _do_submit_job
    f = self._pool.submit(
        ^^^^^^^^^^^^^^^^^^
  File "/opt/homebrew/Cellar/python@3.11/3.11.13/Frameworks/Python.framework/Versions/3.11/lib/python3.11/concurrent/futures/thread.py", line 167, in submit
    raise RuntimeError('cannot schedule new futures after shutdown')
RuntimeError: cannot schedule new futures after shutdown
2026-04-12 02:52:28,420 [apscheduler.scheduler] ERROR: Error submitting job "TradingEngine._trading_cycle (trigger: interval[0:00:30], next run at: 2026-04-12 02:52:28 PKT)" to executor "default"
Traceback (most recent call last):
  File "/Users/ahmed/Downloads/evotrade_final/venv/lib/python3.11/site-packages/apscheduler/schedulers/base.py", line 1195, in _process_jobs
    executor.submit_job(job, run_times)
  File "/Users/ahmed/Downloads/evotrade_final/venv/lib/python3.11/site-packages/apscheduler/executors/base.py", line 74, in submit_job
    self._do_submit_job(job, run_times)
  File "/Users/ahmed/Downloads/evotrade_final/venv/lib/python3.11/site-packages/apscheduler/executors/pool.py", line 27, in _do_submit_job
    f = self._pool.submit(
        ^^^^^^^^^^^^^^^^^^
  File "/opt/homebrew/Cellar/python@3.11/3.11.13/Frameworks/Python.framework/Versions/3.11/lib/python3.11/concurrent/futures/thread.py", line 167, in submit
    raise RuntimeError('cannot schedule new futures after shutdown')
RuntimeError: cannot schedule new futures after shutdown
2026-04-12 02:52:58,422 [apscheduler.scheduler] ERROR: Error submitting job "TradingEngine._trading_cycle (trigger: interval[0:00:30], next run at: 2026-04-12 02:52:58 PKT)" to executor "default"
Traceback (most recent call last):
  File "/Users/ahmed/Downloads/evotrade_final/venv/lib/python3.11/site-packages/apscheduler/schedulers/base.py", line 1195, in _process_jobs
    executor.submit_job(job, run_times)
  File "/Users/ahmed/Downloads/evotrade_final/venv/lib/python3.11/site-packages/apscheduler/executors/base.py", line 74, in submit_job
    self._do_submit_job(job, run_times)
  File "/Users/ahmed/Downloads/evotrade_final/venv/lib/python3.11/site-packages/apscheduler/executors/pool.py", line 27, in _do_submit_job
    f = self._pool.submit(
        ^^^^^^^^^^^^^^^^^^
  File "/opt/homebrew/Cellar/python@3.11/3.11.13/Frameworks/Python.framework/Versions/3.11/lib/python3.11/concurrent/futures/thread.py", line 167, in submit
    raise RuntimeError('cannot schedule new futures after shutdown')
RuntimeError: cannot schedule new futures after shutdown
2026-04-12 02:53:28,423 [apscheduler.scheduler] ERROR: Error submitting job "TradingEngine._trading_cycle (trigger: interval[0:00:30], next run at: 2026-04-12 02:53:28 PKT)" to executor "default"
Traceback (most recent call last):
  File "/Users/ahmed/Downloads/evotrade_final/venv/lib/python3.11/site-packages/apscheduler/schedulers/base.py", line 1195, in _process_jobs
    executor.submit_job(job, run_times)
  File "/Users/ahmed/Downloads/evotrade_final/venv/lib/python3.11/site-packages/apscheduler/executors/base.py", line 74, in submit_job
    self._do_submit_job(job, run_times)
  File "/Users/ahmed/Downloads/evotrade_final/venv/lib/python3.11/site-packages/apscheduler/executors/pool.py", line 27, in _do_submit_job
    f = self._pool.submit(
        ^^^^^^^^^^^^^^^^^^
  File "/opt/homebrew/Cellar/python@3.11/3.11.13/Frameworks/Python.framework/Versions/3.11/lib/python3.11/concurrent/futures/thread.py", line 167, in submit
    raise RuntimeError('cannot schedule new futures after shutdown')
RuntimeError: cannot schedule new futures after shutdown
2026-04-12 02:53:58,421 [apscheduler.scheduler] ERROR: Error submitting job "TradingEngine._trading_cycle (trigger: interval[0:00:30], next run at: 2026-04-12 02:53:58 PKT)" to executor "default"
Traceback (most recent call last):
  File "/Users/ahmed/Downloads/evotrade_final/venv/lib/python3.11/site-packages/apscheduler/schedulers/base.py", line 1195, in _process_jobs
    executor.submit_job(job, run_times)
  File "/Users/ahmed/Downloads/evotrade_final/venv/lib/python3.11/site-packages/apscheduler/executors/base.py", line 74, in submit_job
    self._do_submit_job(job, run_times)
  File "/Users/ahmed/Downloads/evotrade_final/venv/lib/python3.11/site-packages/apscheduler/executors/pool.py", line 27, in _do_submit_job
    f = self._pool.submit(
        ^^^^^^^^^^^^^^^^^^
  File "/opt/homebrew/Cellar/python@3.11/3.11.13/Frameworks/Python.framework/Versions/3.11/lib/python3.11/concurrent/futures/thread.py", line 167, in submit
    raise RuntimeError('cannot schedule new futures after shutdown')
RuntimeError: cannot schedule new futures after shutdown
2026-04-12 02:54:28,422 [apscheduler.scheduler] ERROR: Error submitting job "TradingEngine._trading_cycle (trigger: interval[0:00:30], next run at: 2026-04-12 02:54:28 PKT)" to executor "default"
Traceback (most recent call last):
  File "/Users/ahmed/Downloads/evotrade_final/venv/lib/python3.11/site-packages/apscheduler/schedulers/base.py", line 1195, in _process_jobs
    executor.submit_job(job, run_times)
  File "/Users/ahmed/Downloads/evotrade_final/venv/lib/python3.11/site-packages/apscheduler/executors/base.py", line 74, in submit_job
    self._do_submit_job(job, run_times)
  File "/Users/ahmed/Downloads/evotrade_final/venv/lib/python3.11/site-packages/apscheduler/executors/pool.py", line 27, in _do_submit_job
    f = self._pool.submit(
        ^^^^^^^^^^^^^^^^^^
  File "/opt/homebrew/Cellar/python@3.11/3.11.13/Frameworks/Python.framework/Versions/3.11/lib/python3.11/concurrent/futures/thread.py", line 167, in submit
    raise RuntimeError('cannot schedule new futures after shutdown')
RuntimeError: cannot schedule new futures after shutdown
2026-04-12 02:54:58,420 [apscheduler.scheduler] ERROR: Error submitting job "TradingEngine._trading_cycle (trigger: interval[0:00:30], next run at: 2026-04-12 02:54:58 PKT)" to executor "default"
Traceback (most recent call last):
  File "/Users/ahmed/Downloads/evotrade_final/venv/lib/python3.11/site-packages/apscheduler/schedulers/base.py", line 1195, in _process_jobs
    executor.submit_job(job, run_times)
  File "/Users/ahmed/Downloads/evotrade_final/venv/lib/python3.11/site-packages/apscheduler/executors/base.py", line 74, in submit_job
    self._do_submit_job(job, run_times)
  File "/Users/ahmed/Downloads/evotrade_final/venv/lib/python3.11/site-packages/apscheduler/executors/pool.py", line 27, in _do_submit_job
    f = self._pool.submit(
        ^^^^^^^^^^^^^^^^^^
  File "/opt/homebrew/Cellar/python@3.11/3.11.13/Frameworks/Python.framework/Versions/3.11/lib/python3.11/concurrent/futures/thread.py", line 167, in submit
    raise RuntimeError('cannot schedule new futures after shutdown')
RuntimeError: cannot schedule new futures after shutdown
2026-04-12 02:55:28,422 [apscheduler.scheduler] ERROR: Error submitting job "TradingEngine._trading_cycle (trigger: interval[0:00:30], next run at: 2026-04-12 02:55:28 PKT)" to executor "default"
Traceback (most recent call last):
  File "/Users/ahmed/Downloads/evotrade_final/venv/lib/python3.11/site-packages/apscheduler/schedulers/base.py", line 1195, in _process_jobs
    executor.submit_job(job, run_times)
  File "/Users/ahmed/Downloads/evotrade_final/venv/lib/python3.11/site-packages/apscheduler/executors/base.py", line 74, in submit_job
    self._do_submit_job(job, run_times)
  File "/Users/ahmed/Downloads/evotrade_final/venv/lib/python3.11/site-packages/apscheduler/executors/pool.py", line 27, in _do_submit_job
    f = self._pool.submit(
        ^^^^^^^^^^^^^^^^^^
  File "/opt/homebrew/Cellar/python@3.11/3.11.13/Frameworks/Python.framework/Versions/3.11/lib/python3.11/concurrent/futures/thread.py", line 167, in submit
    raise RuntimeError('cannot schedule new futures after shutdown')
RuntimeError: cannot schedule new futures after shutdown
2026-04-12 02:55:58,425 [apscheduler.scheduler] ERROR: Error submitting job "TradingEngine._trading_cycle (trigger: interval[0:00:30], next run at: 2026-04-12 02:55:58 PKT)" to executor "default"
Traceback (most recent call last):
  File "/Users/ahmed/Downloads/evotrade_final/venv/lib/python3.11/site-packages/apscheduler/schedulers/base.py", line 1195, in _process_jobs
    executor.submit_job(job, run_times)
  File "/Users/ahmed/Downloads/evotrade_final/venv/lib/python3.11/site-packages/apscheduler/executors/base.py", line 74, in submit_job
    self._do_submit_job(job, run_times)
  File "/Users/ahmed/Downloads/evotrade_final/venv/lib/python3.11/site-packages/apscheduler/executors/pool.py", line 27, in _do_submit_job
    f = self._pool.submit(
        ^^^^^^^^^^^^^^^^^^
  File "/opt/homebrew/Cellar/python@3.11/3.11.13/Frameworks/Python.framework/Versions/3.11/lib/python3.11/concurrent/futures/thread.py", line 167, in submit
    raise RuntimeError('cannot schedule new futures after shutdown')
RuntimeError: cannot schedule new futures after shutdown
2026-04-12 02:56:28,422 [apscheduler.scheduler] ERROR: Error submitting job "TradingEngine._trading_cycle (trigger: interval[0:00:30], next run at: 2026-04-12 02:56:28 PKT)" to executor "default"
Traceback (most recent call last):
  File "/Users/ahmed/Downloads/evotrade_final/venv/lib/python3.11/site-packages/apscheduler/schedulers/base.py", line 1195, in _process_jobs
    executor.submit_job(job, run_times)
  File "/Users/ahmed/Downloads/evotrade_final/venv/lib/python3.11/site-packages/apscheduler/executors/base.py", line 74, in submit_job
    self._do_submit_job(job, run_times)
  File "/Users/ahmed/Downloads/evotrade_final/venv/lib/python3.11/site-packages/apscheduler/executors/pool.py", line 27, in _do_submit_job
    f = self._pool.submit(
        ^^^^^^^^^^^^^^^^^^
  File "/opt/homebrew/Cellar/python@3.11/3.11.13/Frameworks/Python.framework/Versions/3.11/lib/python3.11/concurrent/futures/thread.py", line 167, in submit
    raise RuntimeError('cannot schedule new futures after shutdown')
RuntimeError: cannot schedule new futures after shutdown
2026-04-12 02:56:58,417 [apscheduler.scheduler] ERROR: Error submitting job "TradingEngine._trading_cycle (trigger: interval[0:00:30], next run at: 2026-04-12 02:56:58 PKT)" to executor "default"
Traceback (most recent call last):
  File "/Users/ahmed/Downloads/evotrade_final/venv/lib/python3.11/site-packages/apscheduler/schedulers/base.py", line 1195, in _process_jobs
    executor.submit_job(job, run_times)
  File "/Users/ahmed/Downloads/evotrade_final/venv/lib/python3.11/site-packages/apscheduler/executors/base.py", line 74, in submit_job
    self._do_submit_job(job, run_times)
  File "/Users/ahmed/Downloads/evotrade_final/venv/lib/python3.11/site-packages/apscheduler/executors/pool.py", line 27, in _do_submit_job
    f = self._pool.submit(
        ^^^^^^^^^^^^^^^^^^
  File "/opt/homebrew/Cellar/python@3.11/3.11.13/Frameworks/Python.framework/Versions/3.11/lib/python3.11/concurrent/futures/thread.py", line 167, in submit
    raise RuntimeError('cannot schedule new futures after shutdown')
RuntimeError: cannot schedule new futures after shutdown
2026-04-12 02:57:28,423 [apscheduler.scheduler] ERROR: Error submitting job "TradingEngine._trading_cycle (trigger: interval[0:00:30], next run at: 2026-04-12 02:57:28 PKT)" to executor "default"
Traceback (most recent call last):
  File "/Users/ahmed/Downloads/evotrade_final/venv/lib/python3.11/site-packages/apscheduler/schedulers/base.py", line 1195, in _process_jobs
    executor.submit_job(job, run_times)
  File "/Users/ahmed/Downloads/evotrade_final/venv/lib/python3.11/site-packages/apscheduler/executors/base.py", line 74, in submit_job
    self._do_submit_job(job, run_times)
  File "/Users/ahmed/Downloads/evotrade_final/venv/lib/python3.11/site-packages/apscheduler/executors/pool.py", line 27, in _do_submit_job
    f = self._pool.submit(
        ^^^^^^^^^^^^^^^^^^
  File "/opt/homebrew/Cellar/python@3.11/3.11.13/Frameworks/Python.framework/Versions/3.11/lib/python3.11/concurrent/futures/thread.py", line 167, in submit
    raise RuntimeError('cannot schedule new futures after shutdown')
RuntimeError: cannot schedule new futures after shutdown
2026-04-12 02:57:58,419 [apscheduler.scheduler] ERROR: Error submitting job "TradingEngine._trading_cycle (trigger: interval[0:00:30], next run at: 2026-04-12 02:57:58 PKT)" to executor "default"
Traceback (most recent call last):
  File "/Users/ahmed/Downloads/evotrade_final/venv/lib/python3.11/site-packages/apscheduler/schedulers/base.py", line 1195, in _process_jobs
    executor.submit_job(job, run_times)
  File "/Users/ahmed/Downloads/evotrade_final/venv/lib/python3.11/site-packages/apscheduler/executors/base.py", line 74, in submit_job
    self._do_submit_job(job, run_times)
  File "/Users/ahmed/Downloads/evotrade_final/venv/lib/python3.11/site-packages/apscheduler/executors/pool.py", line 27, in _do_submit_job
    f = self._pool.submit(
        ^^^^^^^^^^^^^^^^^^
  File "/opt/homebrew/Cellar/python@3.11/3.11.13/Frameworks/Python.framework/Versions/3.11/lib/python3.11/concurrent/futures/thread.py", line 167, in submit
    raise RuntimeError('cannot schedule new futures after shutdown')
RuntimeError: cannot schedule new futures after shutdown
2026-04-12 02:58:28,420 [apscheduler.scheduler] ERROR: Error submitting job "TradingEngine._trading_cycle (trigger: interval[0:00:30], next run at: 2026-04-12 02:58:28 PKT)" to executor "default"
Traceback (most recent call last):
  File "/Users/ahmed/Downloads/evotrade_final/venv/lib/python3.11/site-packages/apscheduler/schedulers/base.py", line 1195, in _process_jobs
    executor.submit_job(job, run_times)
  File "/Users/ahmed/Downloads/evotrade_final/venv/lib/python3.11/site-packages/apscheduler/executors/base.py", line 74, in submit_job
    self._do_submit_job(job, run_times)
  File "/Users/ahmed/Downloads/evotrade_final/venv/lib/python3.11/site-packages/apscheduler/executors/pool.py", line 27, in _do_submit_job
    f = self._pool.submit(
        ^^^^^^^^^^^^^^^^^^
  File "/opt/homebrew/Cellar/python@3.11/3.11.13/Frameworks/Python.framework/Versions/3.11/lib/python3.11/concurrent/futures/thread.py", line 167, in submit
    raise RuntimeError('cannot schedule new futures after shutdown')
RuntimeError: cannot schedule new futures after shutdown
2026-04-12 02:58:58,419 [apscheduler.scheduler] ERROR: Error submitting job "TradingEngine._trading_cycle (trigger: interval[0:00:30], next run at: 2026-04-12 02:58:58 PKT)" to executor "default"
Traceback (most recent call last):
  File "/Users/ahmed/Downloads/evotrade_final/venv/lib/python3.11/site-packages/apscheduler/schedulers/base.py", line 1195, in _process_jobs
    executor.submit_job(job, run_times)
  File "/Users/ahmed/Downloads/evotrade_final/venv/lib/python3.11/site-packages/apscheduler/executors/base.py", line 74, in submit_job
    self._do_submit_job(job, run_times)
  File "/Users/ahmed/Downloads/evotrade_final/venv/lib/python3.11/site-packages/apscheduler/executors/pool.py", line 27, in _do_submit_job
    f = self._pool.submit(
        ^^^^^^^^^^^^^^^^^^
  File "/opt/homebrew/Cellar/python@3.11/3.11.13/Frameworks/Python.framework/Versions/3.11/lib/python3.11/concurrent/futures/thread.py", line 167, in submit
    raise RuntimeError('cannot schedule new futures after shutdown')
RuntimeError: cannot schedule new futures after shutdown
2026-04-12 02:59:28,421 [apscheduler.scheduler] ERROR: Error submitting job "TradingEngine._trading_cycle (trigger: interval[0:00:30], next run at: 2026-04-12 02:59:28 PKT)" to executor "default"
Traceback (most recent call last):
  File "/Users/ahmed/Downloads/evotrade_final/venv/lib/python3.11/site-packages/apscheduler/schedulers/base.py", line 1195, in _process_jobs
    executor.submit_job(job, run_times)
  File "/Users/ahmed/Downloads/evotrade_final/venv/lib/python3.11/site-packages/apscheduler/executors/base.py", line 74, in submit_job
    self._do_submit_job(job, run_times)
  File "/Users/ahmed/Downloads/evotrade_final/venv/lib/python3.11/site-packages/apscheduler/executors/pool.py", line 27, in _do_submit_job
    f = self._pool.submit(
        ^^^^^^^^^^^^^^^^^^
  File "/opt/homebrew/Cellar/python@3.11/3.11.13/Frameworks/Python.framework/Versions/3.11/lib/python3.11/concurrent/futures/thread.py", line 167, in submit
    raise RuntimeError('cannot schedule new futures after shutdown')
RuntimeError: cannot schedule new futures after shutdown
2026-04-12 02:59:58,419 [apscheduler.scheduler] ERROR: Error submitting job "TradingEngine._trading_cycle (trigger: interval[0:00:30], next run at: 2026-04-12 02:59:58 PKT)" to executor "default"
Traceback (most recent call last):
  File "/Users/ahmed/Downloads/evotrade_final/venv/lib/python3.11/site-packages/apscheduler/schedulers/base.py", line 1195, in _process_jobs
    executor.submit_job(job, run_times)
  File "/Users/ahmed/Downloads/evotrade_final/venv/lib/python3.11/site-packages/apscheduler/executors/base.py", line 74, in submit_job
    self._do_submit_job(job, run_times)
  File "/Users/ahmed/Downloads/evotrade_final/venv/lib/python3.11/site-packages/apscheduler/executors/pool.py", line 27, in _do_submit_job
    f = self._pool.submit(
        ^^^^^^^^^^^^^^^^^^
  File "/opt/homebrew/Cellar/python@3.11/3.11.13/Frameworks/Python.framework/Versions/3.11/lib/python3.11/concurrent/futures/thread.py", line 167, in submit
    raise RuntimeError('cannot schedule new futures after shutdown')
RuntimeError: cannot schedule new futures after shutdown
2026-04-12 03:00:28,421 [apscheduler.scheduler] ERROR: Error submitting job "TradingEngine._trading_cycle (trigger: interval[0:00:30], next run at: 2026-04-12 03:00:28 PKT)" to executor "default"
Traceback (most recent call last):
  File "/Users/ahmed/Downloads/evotrade_final/venv/lib/python3.11/site-packages/apscheduler/schedulers/base.py", line 1195, in _process_jobs
    executor.submit_job(job, run_times)
  File "/Users/ahmed/Downloads/evotrade_final/venv/lib/python3.11/site-packages/apscheduler/executors/base.py", line 74, in submit_job
    self._do_submit_job(job, run_times)
  File "/Users/ahmed/Downloads/evotrade_final/venv/lib/python3.11/site-packages/apscheduler/executors/pool.py", line 27, in _do_submit_job
    f = self._pool.submit(
        ^^^^^^^^^^^^^^^^^^
  File "/opt/homebrew/Cellar/python@3.11/3.11.13/Frameworks/Python.framework/Versions/3.11/lib/python3.11/concurrent/futures/thread.py", line 167, in submit
    raise RuntimeError('cannot schedule new futures after shutdown')
RuntimeError: cannot schedule new futures after shutdown
2026-04-12 03:00:58,424 [apscheduler.scheduler] ERROR: Error submitting job "TradingEngine._trading_cycle (trigger: interval[0:00:30], next run at: 2026-04-12 03:00:58 PKT)" to executor "default"
Traceback (most recent call last):
  File "/Users/ahmed/Downloads/evotrade_final/venv/lib/python3.11/site-packages/apscheduler/schedulers/base.py", line 1195, in _process_jobs
    executor.submit_job(job, run_times)
  File "/Users/ahmed/Downloads/evotrade_final/venv/lib/python3.11/site-packages/apscheduler/executors/base.py", line 74, in submit_job
    self._do_submit_job(job, run_times)
  File "/Users/ahmed/Downloads/evotrade_final/venv/lib/python3.11/site-packages/apscheduler/executors/pool.py", line 27, in _do_submit_job
    f = self._pool.submit(
        ^^^^^^^^^^^^^^^^^^
  File "/opt/homebrew/Cellar/python@3.11/3.11.13/Frameworks/Python.framework/Versions/3.11/lib/python3.11/concurrent/futures/thread.py", line 167, in submit
    raise RuntimeError('cannot schedule new futures after shutdown')
RuntimeError: cannot schedule new futures after shutdown
2026-04-12 03:01:28,426 [apscheduler.scheduler] ERROR: Error submitting job "TradingEngine._trading_cycle (trigger: interval[0:00:30], next run at: 2026-04-12 03:01:28 PKT)" to executor "default"
Traceback (most recent call last):
  File "/Users/ahmed/Downloads/evotrade_final/venv/lib/python3.11/site-packages/apscheduler/schedulers/base.py", line 1195, in _process_jobs
    executor.submit_job(job, run_times)
  File "/Users/ahmed/Downloads/evotrade_final/venv/lib/python3.11/site-packages/apscheduler/executors/base.py", line 74, in submit_job
    self._do_submit_job(job, run_times)
  File "/Users/ahmed/Downloads/evotrade_final/venv/lib/python3.11/site-packages/apscheduler/executors/pool.py", line 27, in _do_submit_job
    f = self._pool.submit(
        ^^^^^^^^^^^^^^^^^^
  File "/opt/homebrew/Cellar/python@3.11/3.11.13/Frameworks/Python.framework/Versions/3.11/lib/python3.11/concurrent/futures/thread.py", line 167, in submit
    raise RuntimeError('cannot schedule new futures after shutdown')
RuntimeError: cannot schedule new futures after shutdown
2026-04-12 03:01:58,422 [apscheduler.scheduler] ERROR: Error submitting job "TradingEngine._trading_cycle (trigger: interval[0:00:30], next run at: 2026-04-12 03:01:58 PKT)" to executor "default"
Traceback (most recent call last):
  File "/Users/ahmed/Downloads/evotrade_final/venv/lib/python3.11/site-packages/apscheduler/schedulers/base.py", line 1195, in _process_jobs
    executor.submit_job(job, run_times)
  File "/Users/ahmed/Downloads/evotrade_final/venv/lib/python3.11/site-packages/apscheduler/executors/base.py", line 74, in submit_job
    self._do_submit_job(job, run_times)
  File "/Users/ahmed/Downloads/evotrade_final/venv/lib/python3.11/site-packages/apscheduler/executors/pool.py", line 27, in _do_submit_job
    f = self._pool.submit(
        ^^^^^^^^^^^^^^^^^^
  File "/opt/homebrew/Cellar/python@3.11/3.11.13/Frameworks/Python.framework/Versions/3.11/lib/python3.11/concurrent/futures/thread.py", line 167, in submit
    raise RuntimeError('cannot schedule new futures after shutdown')
RuntimeError: cannot schedule new futures after shutdown
2026-04-12 03:02:28,419 [apscheduler.scheduler] ERROR: Error submitting job "TradingEngine._trading_cycle (trigger: interval[0:00:30], next run at: 2026-04-12 03:02:28 PKT)" to executor "default"
Traceback (most recent call last):
  File "/Users/ahmed/Downloads/evotrade_final/venv/lib/python3.11/site-packages/apscheduler/schedulers/base.py", line 1195, in _process_jobs
    executor.submit_job(job, run_times)
  File "/Users/ahmed/Downloads/evotrade_final/venv/lib/python3.11/site-packages/apscheduler/executors/base.py", line 74, in submit_job
    self._do_submit_job(job, run_times)
  File "/Users/ahmed/Downloads/evotrade_final/venv/lib/python3.11/site-packages/apscheduler/executors/pool.py", line 27, in _do_submit_job
    f = self._pool.submit(
        ^^^^^^^^^^^^^^^^^^
  File "/opt/homebrew/Cellar/python@3.11/3.11.13/Frameworks/Python.framework/Versions/3.11/lib/python3.11/concurrent/futures/thread.py", line 167, in submit
    raise RuntimeError('cannot schedule new futures after shutdown')
RuntimeError: cannot schedule new futures after shutdown
2026-04-12 03:02:58,421 [apscheduler.scheduler] ERROR: Error submitting job "TradingEngine._trading_cycle (trigger: interval[0:00:30], next run at: 2026-04-12 03:02:58 PKT)" to executor "default"
Traceback (most recent call last):
  File "/Users/ahmed/Downloads/evotrade_final/venv/lib/python3.11/site-packages/apscheduler/schedulers/base.py", line 1195, in _process_jobs
    executor.submit_job(job, run_times)
  File "/Users/ahmed/Downloads/evotrade_final/venv/lib/python3.11/site-packages/apscheduler/executors/base.py", line 74, in submit_job
    self._do_submit_job(job, run_times)
  File "/Users/ahmed/Downloads/evotrade_final/venv/lib/python3.11/site-packages/apscheduler/executors/pool.py", line 27, in _do_submit_job
    f = self._pool.submit(
        ^^^^^^^^^^^^^^^^^^
  File "/opt/homebrew/Cellar/python@3.11/3.11.13/Frameworks/Python.framework/Versions/3.11/lib/python3.11/concurrent/futures/thread.py", line 167, in submit
    raise RuntimeError('cannot schedule new futures after shutdown')
RuntimeError: cannot schedule new futures after shutdown
2026-04-12 03:03:28,425 [apscheduler.scheduler] ERROR: Error submitting job "TradingEngine._trading_cycle (trigger: interval[0:00:30], next run at: 2026-04-12 03:03:28 PKT)" to executor "default"
Traceback (most recent call last):
  File "/Users/ahmed/Downloads/evotrade_final/venv/lib/python3.11/site-packages/apscheduler/schedulers/base.py", line 1195, in _process_jobs
    executor.submit_job(job, run_times)
  File "/Users/ahmed/Downloads/evotrade_final/venv/lib/python3.11/site-packages/apscheduler/executors/base.py", line 74, in submit_job
    self._do_submit_job(job, run_times)
  File "/Users/ahmed/Downloads/evotrade_final/venv/lib/python3.11/site-packages/apscheduler/executors/pool.py", line 27, in _do_submit_job
    f = self._pool.submit(
        ^^^^^^^^^^^^^^^^^^
  File "/opt/homebrew/Cellar/python@3.11/3.11.13/Frameworks/Python.framework/Versions/3.11/lib/python3.11/concurrent/futures/thread.py", line 167, in submit
    raise RuntimeError('cannot schedule new futures after shutdown')
RuntimeError: cannot schedule new futures after shutdown
2026-04-12 03:03:58,425 [apscheduler.scheduler] ERROR: Error submitting job "TradingEngine._trading_cycle (trigger: interval[0:00:30], next run at: 2026-04-12 03:03:58 PKT)" to executor "default"
Traceback (most recent call last):
  File "/Users/ahmed/Downloads/evotrade_final/venv/lib/python3.11/site-packages/apscheduler/schedulers/base.py", line 1195, in _process_jobs
    executor.submit_job(job, run_times)
  File "/Users/ahmed/Downloads/evotrade_final/venv/lib/python3.11/site-packages/apscheduler/executors/base.py", line 74, in submit_job
    self._do_submit_job(job, run_times)
  File "/Users/ahmed/Downloads/evotrade_final/venv/lib/python3.11/site-packages/apscheduler/executors/pool.py", line 27, in _do_submit_job
    f = self._pool.submit(
        ^^^^^^^^^^^^^^^^^^
  File "/opt/homebrew/Cellar/python@3.11/3.11.13/Frameworks/Python.framework/Versions/3.11/lib/python3.11/concurrent/futures/thread.py", line 167, in submit
    raise RuntimeError('cannot schedule new futures after shutdown')
RuntimeError: cannot schedule new futures after shutdown
2026-04-12 03:04:28,425 [apscheduler.scheduler] ERROR: Error submitting job "TradingEngine._trading_cycle (trigger: interval[0:00:30], next run at: 2026-04-12 03:04:28 PKT)" to executor "default"
Traceback (most recent call last):
  File "/Users/ahmed/Downloads/evotrade_final/venv/lib/python3.11/site-packages/apscheduler/schedulers/base.py", line 1195, in _process_jobs
    executor.submit_job(job, run_times)
  File "/Users/ahmed/Downloads/evotrade_final/venv/lib/python3.11/site-packages/apscheduler/executors/base.py", line 74, in submit_job
    self._do_submit_job(job, run_times)
  File "/Users/ahmed/Downloads/evotrade_final/venv/lib/python3.11/site-packages/apscheduler/executors/pool.py", line 27, in _do_submit_job
    f = self._pool.submit(
        ^^^^^^^^^^^^^^^^^^
  File "/opt/homebrew/Cellar/python@3.11/3.11.13/Frameworks/Python.framework/Versions/3.11/lib/python3.11/concurrent/futures/thread.py", line 167, in submit
    raise RuntimeError('cannot schedule new futures after shutdown')
RuntimeError: cannot schedule new futures after shutdown
2026-04-12 03:04:58,427 [apscheduler.scheduler] ERROR: Error submitting job "TradingEngine._trading_cycle (trigger: interval[0:00:30], next run at: 2026-04-12 03:04:58 PKT)" to executor "default"
Traceback (most recent call last):
  File "/Users/ahmed/Downloads/evotrade_final/venv/lib/python3.11/site-packages/apscheduler/schedulers/base.py", line 1195, in _process_jobs
    executor.submit_job(job, run_times)
  File "/Users/ahmed/Downloads/evotrade_final/venv/lib/python3.11/site-packages/apscheduler/executors/base.py", line 74, in submit_job
    self._do_submit_job(job, run_times)
  File "/Users/ahmed/Downloads/evotrade_final/venv/lib/python3.11/site-packages/apscheduler/executors/pool.py", line 27, in _do_submit_job
    f = self._pool.submit(
        ^^^^^^^^^^^^^^^^^^
  File "/opt/homebrew/Cellar/python@3.11/3.11.13/Frameworks/Python.framework/Versions/3.11/lib/python3.11/concurrent/futures/thread.py", line 167, in submit
    raise RuntimeError('cannot schedule new futures after shutdown')
RuntimeError: cannot schedule new futures after shutdown
2026-04-12 03:05:28,419 [apscheduler.scheduler] ERROR: Error submitting job "TradingEngine._trading_cycle (trigger: interval[0:00:30], next run at: 2026-04-12 03:05:28 PKT)" to executor "default"
Traceback (most recent call last):
  File "/Users/ahmed/Downloads/evotrade_final/venv/lib/python3.11/site-packages/apscheduler/schedulers/base.py", line 1195, in _process_jobs
    executor.submit_job(job, run_times)
  File "/Users/ahmed/Downloads/evotrade_final/venv/lib/python3.11/site-packages/apscheduler/executors/base.py", line 74, in submit_job
    self._do_submit_job(job, run_times)
  File "/Users/ahmed/Downloads/evotrade_final/venv/lib/python3.11/site-packages/apscheduler/executors/pool.py", line 27, in _do_submit_job
    f = self._pool.submit(
        ^^^^^^^^^^^^^^^^^^
  File "/opt/homebrew/Cellar/python@3.11/3.11.13/Frameworks/Python.framework/Versions/3.11/lib/python3.11/concurrent/futures/thread.py", line 167, in submit
    raise RuntimeError('cannot schedule new futures after shutdown')
RuntimeError: cannot schedule new futures after shutdown
2026-04-12 03:05:58,420 [apscheduler.scheduler] ERROR: Error submitting job "TradingEngine._trading_cycle (trigger: interval[0:00:30], next run at: 2026-04-12 03:05:58 PKT)" to executor "default"
Traceback (most recent call last):
  File "/Users/ahmed/Downloads/evotrade_final/venv/lib/python3.11/site-packages/apscheduler/schedulers/base.py", line 1195, in _process_jobs
    executor.submit_job(job, run_times)
  File "/Users/ahmed/Downloads/evotrade_final/venv/lib/python3.11/site-packages/apscheduler/executors/base.py", line 74, in submit_job
    self._do_submit_job(job, run_times)
  File "/Users/ahmed/Downloads/evotrade_final/venv/lib/python3.11/site-packages/apscheduler/executors/pool.py", line 27, in _do_submit_job
    f = self._pool.submit(
        ^^^^^^^^^^^^^^^^^^
  File "/opt/homebrew/Cellar/python@3.11/3.11.13/Frameworks/Python.framework/Versions/3.11/lib/python3.11/concurrent/futures/thread.py", line 167, in submit
    raise RuntimeError('cannot schedule new futures after shutdown')
RuntimeError: cannot schedule new futures after shutdown
2026-04-12 03:06:28,422 [apscheduler.scheduler] ERROR: Error submitting job "TradingEngine._trading_cycle (trigger: interval[0:00:30], next run at: 2026-04-12 03:06:28 PKT)" to executor "default"
Traceback (most recent call last):
  File "/Users/ahmed/Downloads/evotrade_final/venv/lib/python3.11/site-packages/apscheduler/schedulers/base.py", line 1195, in _process_jobs
    executor.submit_job(job, run_times)
  File "/Users/ahmed/Downloads/evotrade_final/venv/lib/python3.11/site-packages/apscheduler/executors/base.py", line 74, in submit_job
    self._do_submit_job(job, run_times)
  File "/Users/ahmed/Downloads/evotrade_final/venv/lib/python3.11/site-packages/apscheduler/executors/pool.py", line 27, in _do_submit_job
    f = self._pool.submit(
        ^^^^^^^^^^^^^^^^^^
  File "/opt/homebrew/Cellar/python@3.11/3.11.13/Frameworks/Python.framework/Versions/3.11/lib/python3.11/concurrent/futures/thread.py", line 167, in submit
    raise RuntimeError('cannot schedule new futures after shutdown')
RuntimeError: cannot schedule new futures after shutdown
2026-04-12 03:06:58,418 [apscheduler.scheduler] ERROR: Error submitting job "TradingEngine._trading_cycle (trigger: interval[0:00:30], next run at: 2026-04-12 03:06:58 PKT)" to executor "default"
Traceback (most recent call last):
  File "/Users/ahmed/Downloads/evotrade_final/venv/lib/python3.11/site-packages/apscheduler/schedulers/base.py", line 1195, in _process_jobs
    executor.submit_job(job, run_times)
  File "/Users/ahmed/Downloads/evotrade_final/venv/lib/python3.11/site-packages/apscheduler/executors/base.py", line 74, in submit_job
    self._do_submit_job(job, run_times)
  File "/Users/ahmed/Downloads/evotrade_final/venv/lib/python3.11/site-packages/apscheduler/executors/pool.py", line 27, in _do_submit_job
    f = self._pool.submit(
        ^^^^^^^^^^^^^^^^^^
  File "/opt/homebrew/Cellar/python@3.11/3.11.13/Frameworks/Python.framework/Versions/3.11/lib/python3.11/concurrent/futures/thread.py", line 167, in submit
    raise RuntimeError('cannot schedule new futures after shutdown')
RuntimeError: cannot schedule new futures after shutdown
2026-04-12 03:07:28,427 [apscheduler.scheduler] ERROR: Error submitting job "TradingEngine._trading_cycle (trigger: interval[0:00:30], next run at: 2026-04-12 03:07:28 PKT)" to executor "default"
Traceback (most recent call last):
  File "/Users/ahmed/Downloads/evotrade_final/venv/lib/python3.11/site-packages/apscheduler/schedulers/base.py", line 1195, in _process_jobs
    executor.submit_job(job, run_times)
  File "/Users/ahmed/Downloads/evotrade_final/venv/lib/python3.11/site-packages/apscheduler/executors/base.py", line 74, in submit_job
    self._do_submit_job(job, run_times)
  File "/Users/ahmed/Downloads/evotrade_final/venv/lib/python3.11/site-packages/apscheduler/executors/pool.py", line 27, in _do_submit_job
    f = self._pool.submit(
        ^^^^^^^^^^^^^^^^^^
  File "/opt/homebrew/Cellar/python@3.11/3.11.13/Frameworks/Python.framework/Versions/3.11/lib/python3.11/concurrent/futures/thread.py", line 167, in submit
    raise RuntimeError('cannot schedule new futures after shutdown')
RuntimeError: cannot schedule new futures after shutdown
2026-04-12 03:07:58,422 [apscheduler.scheduler] ERROR: Error submitting job "TradingEngine._trading_cycle (trigger: interval[0:00:30], next run at: 2026-04-12 03:07:58 PKT)" to executor "default"
Traceback (most recent call last):
  File "/Users/ahmed/Downloads/evotrade_final/venv/lib/python3.11/site-packages/apscheduler/schedulers/base.py", line 1195, in _process_jobs
    executor.submit_job(job, run_times)
  File "/Users/ahmed/Downloads/evotrade_final/venv/lib/python3.11/site-packages/apscheduler/executors/base.py", line 74, in submit_job
    self._do_submit_job(job, run_times)
  File "/Users/ahmed/Downloads/evotrade_final/venv/lib/python3.11/site-packages/apscheduler/executors/pool.py", line 27, in _do_submit_job
    f = self._pool.submit(
        ^^^^^^^^^^^^^^^^^^
  File "/opt/homebrew/Cellar/python@3.11/3.11.13/Frameworks/Python.framework/Versions/3.11/lib/python3.11/concurrent/futures/thread.py", line 167, in submit
    raise RuntimeError('cannot schedule new futures after shutdown')
RuntimeError: cannot schedule new futures after shutdown
2026-04-12 03:08:28,417 [apscheduler.scheduler] ERROR: Error submitting job "TradingEngine._trading_cycle (trigger: interval[0:00:30], next run at: 2026-04-12 03:08:28 PKT)" to executor "default"
Traceback (most recent call last):
  File "/Users/ahmed/Downloads/evotrade_final/venv/lib/python3.11/site-packages/apscheduler/schedulers/base.py", line 1195, in _process_jobs
    executor.submit_job(job, run_times)
  File "/Users/ahmed/Downloads/evotrade_final/venv/lib/python3.11/site-packages/apscheduler/executors/base.py", line 74, in submit_job
    self._do_submit_job(job, run_times)
  File "/Users/ahmed/Downloads/evotrade_final/venv/lib/python3.11/site-packages/apscheduler/executors/pool.py", line 27, in _do_submit_job
    f = self._pool.submit(
        ^^^^^^^^^^^^^^^^^^
  File "/opt/homebrew/Cellar/python@3.11/3.11.13/Frameworks/Python.framework/Versions/3.11/lib/python3.11/concurrent/futures/thread.py", line 167, in submit
    raise RuntimeError('cannot schedule new futures after shutdown')
RuntimeError: cannot schedule new futures after shutdown
2026-04-12 03:08:58,427 [apscheduler.scheduler] ERROR: Error submitting job "TradingEngine._trading_cycle (trigger: interval[0:00:30], next run at: 2026-04-12 03:08:58 PKT)" to executor "default"
Traceback (most recent call last):
  File "/Users/ahmed/Downloads/evotrade_final/venv/lib/python3.11/site-packages/apscheduler/schedulers/base.py", line 1195, in _process_jobs
    executor.submit_job(job, run_times)
  File "/Users/ahmed/Downloads/evotrade_final/venv/lib/python3.11/site-packages/apscheduler/executors/base.py", line 74, in submit_job
    self._do_submit_job(job, run_times)
  File "/Users/ahmed/Downloads/evotrade_final/venv/lib/python3.11/site-packages/apscheduler/executors/pool.py", line 27, in _do_submit_job
    f = self._pool.submit(
        ^^^^^^^^^^^^^^^^^^
  File "/opt/homebrew/Cellar/python@3.11/3.11.13/Frameworks/Python.framework/Versions/3.11/lib/python3.11/concurrent/futures/thread.py", line 167, in submit
    raise RuntimeError('cannot schedule new futures after shutdown')
RuntimeError: cannot schedule new futures after shutdown
2026-04-12 03:09:28,418 [apscheduler.scheduler] ERROR: Error submitting job "TradingEngine._trading_cycle (trigger: interval[0:00:30], next run at: 2026-04-12 03:09:28 PKT)" to executor "default"
Traceback (most recent call last):
  File "/Users/ahmed/Downloads/evotrade_final/venv/lib/python3.11/site-packages/apscheduler/schedulers/base.py", line 1195, in _process_jobs
    executor.submit_job(job, run_times)
  File "/Users/ahmed/Downloads/evotrade_final/venv/lib/python3.11/site-packages/apscheduler/executors/base.py", line 74, in submit_job
    self._do_submit_job(job, run_times)
  File "/Users/ahmed/Downloads/evotrade_final/venv/lib/python3.11/site-packages/apscheduler/executors/pool.py", line 27, in _do_submit_job
    f = self._pool.submit(
        ^^^^^^^^^^^^^^^^^^
  File "/opt/homebrew/Cellar/python@3.11/3.11.13/Frameworks/Python.framework/Versions/3.11/lib/python3.11/concurrent/futures/thread.py", line 167, in submit
    raise RuntimeError('cannot schedule new futures after shutdown')
RuntimeError: cannot schedule new futures after shutdown
2026-04-12 03:09:58,424 [apscheduler.scheduler] ERROR: Error submitting job "TradingEngine._trading_cycle (trigger: interval[0:00:30], next run at: 2026-04-12 03:09:58 PKT)" to executor "default"
Traceback (most recent call last):
  File "/Users/ahmed/Downloads/evotrade_final/venv/lib/python3.11/site-packages/apscheduler/schedulers/base.py", line 1195, in _process_jobs
    executor.submit_job(job, run_times)
  File "/Users/ahmed/Downloads/evotrade_final/venv/lib/python3.11/site-packages/apscheduler/executors/base.py", line 74, in submit_job
    self._do_submit_job(job, run_times)
  File "/Users/ahmed/Downloads/evotrade_final/venv/lib/python3.11/site-packages/apscheduler/executors/pool.py", line 27, in _do_submit_job
    f = self._pool.submit(
        ^^^^^^^^^^^^^^^^^^
  File "/opt/homebrew/Cellar/python@3.11/3.11.13/Frameworks/Python.framework/Versions/3.11/lib/python3.11/concurrent/futures/thread.py", line 167, in submit
    raise RuntimeError('cannot schedule new futures after shutdown')
RuntimeError: cannot schedule new futures after shutdown
2026-04-12 03:10:28,419 [apscheduler.scheduler] ERROR: Error submitting job "TradingEngine._trading_cycle (trigger: interval[0:00:30], next run at: 2026-04-12 03:10:28 PKT)" to executor "default"
Traceback (most recent call last):
  File "/Users/ahmed/Downloads/evotrade_final/venv/lib/python3.11/site-packages/apscheduler/schedulers/base.py", line 1195, in _process_jobs
    executor.submit_job(job, run_times)
  File "/Users/ahmed/Downloads/evotrade_final/venv/lib/python3.11/site-packages/apscheduler/executors/base.py", line 74, in submit_job
    self._do_submit_job(job, run_times)
  File "/Users/ahmed/Downloads/evotrade_final/venv/lib/python3.11/site-packages/apscheduler/executors/pool.py", line 27, in _do_submit_job
    f = self._pool.submit(
        ^^^^^^^^^^^^^^^^^^
  File "/opt/homebrew/Cellar/python@3.11/3.11.13/Frameworks/Python.framework/Versions/3.11/lib/python3.11/concurrent/futures/thread.py", line 167, in submit
    raise RuntimeError('cannot schedule new futures after shutdown')
RuntimeError: cannot schedule new futures after shutdown
2026-04-12 03:10:58,428 [apscheduler.scheduler] ERROR: Error submitting job "TradingEngine._trading_cycle (trigger: interval[0:00:30], next run at: 2026-04-12 03:10:58 PKT)" to executor "default"
Traceback (most recent call last):
  File "/Users/ahmed/Downloads/evotrade_final/venv/lib/python3.11/site-packages/apscheduler/schedulers/base.py", line 1195, in _process_jobs
    executor.submit_job(job, run_times)
  File "/Users/ahmed/Downloads/evotrade_final/venv/lib/python3.11/site-packages/apscheduler/executors/base.py", line 74, in submit_job
    self._do_submit_job(job, run_times)
  File "/Users/ahmed/Downloads/evotrade_final/venv/lib/python3.11/site-packages/apscheduler/executors/pool.py", line 27, in _do_submit_job
    f = self._pool.submit(
        ^^^^^^^^^^^^^^^^^^
  File "/opt/homebrew/Cellar/python@3.11/3.11.13/Frameworks/Python.framework/Versions/3.11/lib/python3.11/concurrent/futures/thread.py", line 167, in submit
    raise RuntimeError('cannot schedule new futures after shutdown')
RuntimeError: cannot schedule new futures after shutdown
2026-04-12 03:11:28,420 [apscheduler.scheduler] ERROR: Error submitting job "TradingEngine._trading_cycle (trigger: interval[0:00:30], next run at: 2026-04-12 03:11:28 PKT)" to executor "default"
Traceback (most recent call last):
  File "/Users/ahmed/Downloads/evotrade_final/venv/lib/python3.11/site-packages/apscheduler/schedulers/base.py", line 1195, in _process_jobs
    executor.submit_job(job, run_times)
  File "/Users/ahmed/Downloads/evotrade_final/venv/lib/python3.11/site-packages/apscheduler/executors/base.py", line 74, in submit_job
    self._do_submit_job(job, run_times)
  File "/Users/ahmed/Downloads/evotrade_final/venv/lib/python3.11/site-packages/apscheduler/executors/pool.py", line 27, in _do_submit_job
    f = self._pool.submit(
        ^^^^^^^^^^^^^^^^^^
  File "/opt/homebrew/Cellar/python@3.11/3.11.13/Frameworks/Python.framework/Versions/3.11/lib/python3.11/concurrent/futures/thread.py", line 167, in submit
    raise RuntimeError('cannot schedule new futures after shutdown')
RuntimeError: cannot schedule new futures after shutdown
2026-04-12 03:11:58,430 [apscheduler.scheduler] ERROR: Error submitting job "TradingEngine._trading_cycle (trigger: interval[0:00:30], next run at: 2026-04-12 03:11:58 PKT)" to executor "default"
Traceback (most recent call last):
  File "/Users/ahmed/Downloads/evotrade_final/venv/lib/python3.11/site-packages/apscheduler/schedulers/base.py", line 1195, in _process_jobs
    executor.submit_job(job, run_times)
  File "/Users/ahmed/Downloads/evotrade_final/venv/lib/python3.11/site-packages/apscheduler/executors/base.py", line 74, in submit_job
    self._do_submit_job(job, run_times)
  File "/Users/ahmed/Downloads/evotrade_final/venv/lib/python3.11/site-packages/apscheduler/executors/pool.py", line 27, in _do_submit_job
    f = self._pool.submit(
        ^^^^^^^^^^^^^^^^^^
  File "/opt/homebrew/Cellar/python@3.11/3.11.13/Frameworks/Python.framework/Versions/3.11/lib/python3.11/concurrent/futures/thread.py", line 167, in submit
    raise RuntimeError('cannot schedule new futures after shutdown')
RuntimeError: cannot schedule new futures after shutdown
2026-04-12 03:12:28,421 [apscheduler.scheduler] ERROR: Error submitting job "TradingEngine._trading_cycle (trigger: interval[0:00:30], next run at: 2026-04-12 03:12:28 PKT)" to executor "default"
Traceback (most recent call last):
  File "/Users/ahmed/Downloads/evotrade_final/venv/lib/python3.11/site-packages/apscheduler/schedulers/base.py", line 1195, in _process_jobs
    executor.submit_job(job, run_times)
  File "/Users/ahmed/Downloads/evotrade_final/venv/lib/python3.11/site-packages/apscheduler/executors/base.py", line 74, in submit_job
    self._do_submit_job(job, run_times)
  File "/Users/ahmed/Downloads/evotrade_final/venv/lib/python3.11/site-packages/apscheduler/executors/pool.py", line 27, in _do_submit_job
    f = self._pool.submit(
        ^^^^^^^^^^^^^^^^^^
  File "/opt/homebrew/Cellar/python@3.11/3.11.13/Frameworks/Python.framework/Versions/3.11/lib/python3.11/concurrent/futures/thread.py", line 167, in submit
    raise RuntimeError('cannot schedule new futures after shutdown')
RuntimeError: cannot schedule new futures after shutdown
2026-04-12 03:12:58,420 [apscheduler.scheduler] ERROR: Error submitting job "TradingEngine._trading_cycle (trigger: interval[0:00:30], next run at: 2026-04-12 03:12:58 PKT)" to executor "default"
Traceback (most recent call last):
  File "/Users/ahmed/Downloads/evotrade_final/venv/lib/python3.11/site-packages/apscheduler/schedulers/base.py", line 1195, in _process_jobs
    executor.submit_job(job, run_times)
  File "/Users/ahmed/Downloads/evotrade_final/venv/lib/python3.11/site-packages/apscheduler/executors/base.py", line 74, in submit_job
    self._do_submit_job(job, run_times)
  File "/Users/ahmed/Downloads/evotrade_final/venv/lib/python3.11/site-packages/apscheduler/executors/pool.py", line 27, in _do_submit_job
    f = self._pool.submit(
        ^^^^^^^^^^^^^^^^^^
  File "/opt/homebrew/Cellar/python@3.11/3.11.13/Frameworks/Python.framework/Versions/3.11/lib/python3.11/concurrent/futures/thread.py", line 167, in submit
    raise RuntimeError('cannot schedule new futures after shutdown')
RuntimeError: cannot schedule new futures after shutdown
2026-04-12 03:13:28,421 [apscheduler.scheduler] ERROR: Error submitting job "TradingEngine._trading_cycle (trigger: interval[0:00:30], next run at: 2026-04-12 03:13:28 PKT)" to executor "default"
Traceback (most recent call last):
  File "/Users/ahmed/Downloads/evotrade_final/venv/lib/python3.11/site-packages/apscheduler/schedulers/base.py", line 1195, in _process_jobs
    executor.submit_job(job, run_times)
  File "/Users/ahmed/Downloads/evotrade_final/venv/lib/python3.11/site-packages/apscheduler/executors/base.py", line 74, in submit_job
    self._do_submit_job(job, run_times)
  File "/Users/ahmed/Downloads/evotrade_final/venv/lib/python3.11/site-packages/apscheduler/executors/pool.py", line 27, in _do_submit_job
    f = self._pool.submit(
        ^^^^^^^^^^^^^^^^^^
  File "/opt/homebrew/Cellar/python@3.11/3.11.13/Frameworks/Python.framework/Versions/3.11/lib/python3.11/concurrent/futures/thread.py", line 167, in submit
    raise RuntimeError('cannot schedule new futures after shutdown')
RuntimeError: cannot schedule new futures after shutdown
2026-04-12 03:13:58,419 [apscheduler.scheduler] ERROR: Error submitting job "TradingEngine._trading_cycle (trigger: interval[0:00:30], next run at: 2026-04-12 03:13:58 PKT)" to executor "default"
Traceback (most recent call last):
  File "/Users/ahmed/Downloads/evotrade_final/venv/lib/python3.11/site-packages/apscheduler/schedulers/base.py", line 1195, in _process_jobs
    executor.submit_job(job, run_times)
  File "/Users/ahmed/Downloads/evotrade_final/venv/lib/python3.11/site-packages/apscheduler/executors/base.py", line 74, in submit_job
    self._do_submit_job(job, run_times)
  File "/Users/ahmed/Downloads/evotrade_final/venv/lib/python3.11/site-packages/apscheduler/executors/pool.py", line 27, in _do_submit_job
    f = self._pool.submit(
        ^^^^^^^^^^^^^^^^^^
  File "/opt/homebrew/Cellar/python@3.11/3.11.13/Frameworks/Python.framework/Versions/3.11/lib/python3.11/concurrent/futures/thread.py", line 167, in submit
    raise RuntimeError('cannot schedule new futures after shutdown')
RuntimeError: cannot schedule new futures after shutdown
2026-04-12 03:14:28,422 [apscheduler.scheduler] ERROR: Error submitting job "TradingEngine._trading_cycle (trigger: interval[0:00:30], next run at: 2026-04-12 03:14:28 PKT)" to executor "default"
Traceback (most recent call last):
  File "/Users/ahmed/Downloads/evotrade_final/venv/lib/python3.11/site-packages/apscheduler/schedulers/base.py", line 1195, in _process_jobs
    executor.submit_job(job, run_times)
  File "/Users/ahmed/Downloads/evotrade_final/venv/lib/python3.11/site-packages/apscheduler/executors/base.py", line 74, in submit_job
    self._do_submit_job(job, run_times)
  File "/Users/ahmed/Downloads/evotrade_final/venv/lib/python3.11/site-packages/apscheduler/executors/pool.py", line 27, in _do_submit_job
    f = self._pool.submit(
        ^^^^^^^^^^^^^^^^^^
  File "/opt/homebrew/Cellar/python@3.11/3.11.13/Frameworks/Python.framework/Versions/3.11/lib/python3.11/concurrent/futures/thread.py", line 167, in submit
    raise RuntimeError('cannot schedule new futures after shutdown')
RuntimeError: cannot schedule new futures after shutdown
2026-04-12 03:14:58,422 [apscheduler.scheduler] ERROR: Error submitting job "TradingEngine._trading_cycle (trigger: interval[0:00:30], next run at: 2026-04-12 03:14:58 PKT)" to executor "default"
Traceback (most recent call last):
  File "/Users/ahmed/Downloads/evotrade_final/venv/lib/python3.11/site-packages/apscheduler/schedulers/base.py", line 1195, in _process_jobs
    executor.submit_job(job, run_times)
  File "/Users/ahmed/Downloads/evotrade_final/venv/lib/python3.11/site-packages/apscheduler/executors/base.py", line 74, in submit_job
    self._do_submit_job(job, run_times)
  File "/Users/ahmed/Downloads/evotrade_final/venv/lib/python3.11/site-packages/apscheduler/executors/pool.py", line 27, in _do_submit_job
    f = self._pool.submit(
        ^^^^^^^^^^^^^^^^^^
  File "/opt/homebrew/Cellar/python@3.11/3.11.13/Frameworks/Python.framework/Versions/3.11/lib/python3.11/concurrent/futures/thread.py", line 167, in submit
    raise RuntimeError('cannot schedule new futures after shutdown')
RuntimeError: cannot schedule new futures after shutdown
2026-04-12 03:15:28,419 [apscheduler.scheduler] ERROR: Error submitting job "TradingEngine._trading_cycle (trigger: interval[0:00:30], next run at: 2026-04-12 03:15:28 PKT)" to executor "default"
Traceback (most recent call last):
  File "/Users/ahmed/Downloads/evotrade_final/venv/lib/python3.11/site-packages/apscheduler/schedulers/base.py", line 1195, in _process_jobs
    executor.submit_job(job, run_times)
  File "/Users/ahmed/Downloads/evotrade_final/venv/lib/python3.11/site-packages/apscheduler/executors/base.py", line 74, in submit_job
    self._do_submit_job(job, run_times)
  File "/Users/ahmed/Downloads/evotrade_final/venv/lib/python3.11/site-packages/apscheduler/executors/pool.py", line 27, in _do_submit_job
    f = self._pool.submit(
        ^^^^^^^^^^^^^^^^^^
  File "/opt/homebrew/Cellar/python@3.11/3.11.13/Frameworks/Python.framework/Versions/3.11/lib/python3.11/concurrent/futures/thread.py", line 167, in submit
    raise RuntimeError('cannot schedule new futures after shutdown')
RuntimeError: cannot schedule new futures after shutdown
2026-04-12 03:15:58,422 [apscheduler.scheduler] ERROR: Error submitting job "TradingEngine._trading_cycle (trigger: interval[0:00:30], next run at: 2026-04-12 03:15:58 PKT)" to executor "default"
Traceback (most recent call last):
  File "/Users/ahmed/Downloads/evotrade_final/venv/lib/python3.11/site-packages/apscheduler/schedulers/base.py", line 1195, in _process_jobs
    executor.submit_job(job, run_times)
  File "/Users/ahmed/Downloads/evotrade_final/venv/lib/python3.11/site-packages/apscheduler/executors/base.py", line 74, in submit_job
    self._do_submit_job(job, run_times)
  File "/Users/ahmed/Downloads/evotrade_final/venv/lib/python3.11/site-packages/apscheduler/executors/pool.py", line 27, in _do_submit_job
    f = self._pool.submit(
        ^^^^^^^^^^^^^^^^^^
  File "/opt/homebrew/Cellar/python@3.11/3.11.13/Frameworks/Python.framework/Versions/3.11/lib/python3.11/concurrent/futures/thread.py", line 167, in submit
    raise RuntimeError('cannot schedule new futures after shutdown')
RuntimeError: cannot schedule new futures after shutdown
2026-04-12 03:16:28,422 [apscheduler.scheduler] ERROR: Error submitting job "TradingEngine._trading_cycle (trigger: interval[0:00:30], next run at: 2026-04-12 03:16:28 PKT)" to executor "default"
Traceback (most recent call last):
  File "/Users/ahmed/Downloads/evotrade_final/venv/lib/python3.11/site-packages/apscheduler/schedulers/base.py", line 1195, in _process_jobs
    executor.submit_job(job, run_times)
  File "/Users/ahmed/Downloads/evotrade_final/venv/lib/python3.11/site-packages/apscheduler/executors/base.py", line 74, in submit_job
    self._do_submit_job(job, run_times)
  File "/Users/ahmed/Downloads/evotrade_final/venv/lib/python3.11/site-packages/apscheduler/executors/pool.py", line 27, in _do_submit_job
    f = self._pool.submit(
        ^^^^^^^^^^^^^^^^^^
  File "/opt/homebrew/Cellar/python@3.11/3.11.13/Frameworks/Python.framework/Versions/3.11/lib/python3.11/concurrent/futures/thread.py", line 167, in submit
    raise RuntimeError('cannot schedule new futures after shutdown')
RuntimeError: cannot schedule new futures after shutdown
2026-04-12 03:16:58,422 [apscheduler.scheduler] ERROR: Error submitting job "TradingEngine._trading_cycle (trigger: interval[0:00:30], next run at: 2026-04-12 03:16:58 PKT)" to executor "default"
Traceback (most recent call last):
  File "/Users/ahmed/Downloads/evotrade_final/venv/lib/python3.11/site-packages/apscheduler/schedulers/base.py", line 1195, in _process_jobs
    executor.submit_job(job, run_times)
  File "/Users/ahmed/Downloads/evotrade_final/venv/lib/python3.11/site-packages/apscheduler/executors/base.py", line 74, in submit_job
    self._do_submit_job(job, run_times)
  File "/Users/ahmed/Downloads/evotrade_final/venv/lib/python3.11/site-packages/apscheduler/executors/pool.py", line 27, in _do_submit_job
    f = self._pool.submit(
        ^^^^^^^^^^^^^^^^^^
  File "/opt/homebrew/Cellar/python@3.11/3.11.13/Frameworks/Python.framework/Versions/3.11/lib/python3.11/concurrent/futures/thread.py", line 167, in submit
    raise RuntimeError('cannot schedule new futures after shutdown')
RuntimeError: cannot schedule new futures after shutdown
2026-04-12 03:17:28,425 [apscheduler.scheduler] ERROR: Error submitting job "TradingEngine._trading_cycle (trigger: interval[0:00:30], next run at: 2026-04-12 03:17:28 PKT)" to executor "default"
Traceback (most recent call last):
  File "/Users/ahmed/Downloads/evotrade_final/venv/lib/python3.11/site-packages/apscheduler/schedulers/base.py", line 1195, in _process_jobs
    executor.submit_job(job, run_times)
  File "/Users/ahmed/Downloads/evotrade_final/venv/lib/python3.11/site-packages/apscheduler/executors/base.py", line 74, in submit_job
    self._do_submit_job(job, run_times)
  File "/Users/ahmed/Downloads/evotrade_final/venv/lib/python3.11/site-packages/apscheduler/executors/pool.py", line 27, in _do_submit_job
    f = self._pool.submit(
        ^^^^^^^^^^^^^^^^^^
  File "/opt/homebrew/Cellar/python@3.11/3.11.13/Frameworks/Python.framework/Versions/3.11/lib/python3.11/concurrent/futures/thread.py", line 167, in submit
    raise RuntimeError('cannot schedule new futures after shutdown')
RuntimeError: cannot schedule new futures after shutdown
2026-04-12 03:17:58,424 [apscheduler.scheduler] ERROR: Error submitting job "TradingEngine._trading_cycle (trigger: interval[0:00:30], next run at: 2026-04-12 03:17:58 PKT)" to executor "default"
Traceback (most recent call last):
  File "/Users/ahmed/Downloads/evotrade_final/venv/lib/python3.11/site-packages/apscheduler/schedulers/base.py", line 1195, in _process_jobs
    executor.submit_job(job, run_times)
  File "/Users/ahmed/Downloads/evotrade_final/venv/lib/python3.11/site-packages/apscheduler/executors/base.py", line 74, in submit_job
    self._do_submit_job(job, run_times)
  File "/Users/ahmed/Downloads/evotrade_final/venv/lib/python3.11/site-packages/apscheduler/executors/pool.py", line 27, in _do_submit_job
    f = self._pool.submit(
        ^^^^^^^^^^^^^^^^^^
  File "/opt/homebrew/Cellar/python@3.11/3.11.13/Frameworks/Python.framework/Versions/3.11/lib/python3.11/concurrent/futures/thread.py", line 167, in submit
    raise RuntimeError('cannot schedule new futures after shutdown')
RuntimeError: cannot schedule new futures after shutdown
2026-04-12 03:18:28,426 [apscheduler.scheduler] ERROR: Error submitting job "TradingEngine._trading_cycle (trigger: interval[0:00:30], next run at: 2026-04-12 03:18:28 PKT)" to executor "default"
Traceback (most recent call last):
  File "/Users/ahmed/Downloads/evotrade_final/venv/lib/python3.11/site-packages/apscheduler/schedulers/base.py", line 1195, in _process_jobs
    executor.submit_job(job, run_times)
  File "/Users/ahmed/Downloads/evotrade_final/venv/lib/python3.11/site-packages/apscheduler/executors/base.py", line 74, in submit_job
    self._do_submit_job(job, run_times)
  File "/Users/ahmed/Downloads/evotrade_final/venv/lib/python3.11/site-packages/apscheduler/executors/pool.py", line 27, in _do_submit_job
    f = self._pool.submit(
        ^^^^^^^^^^^^^^^^^^
  File "/opt/homebrew/Cellar/python@3.11/3.11.13/Frameworks/Python.framework/Versions/3.11/lib/python3.11/concurrent/futures/thread.py", line 167, in submit
    raise RuntimeError('cannot schedule new futures after shutdown')
RuntimeError: cannot schedule new futures after shutdown
2026-04-12 03:18:58,426 [apscheduler.scheduler] ERROR: Error submitting job "TradingEngine._trading_cycle (trigger: interval[0:00:30], next run at: 2026-04-12 03:18:58 PKT)" to executor "default"
Traceback (most recent call last):
  File "/Users/ahmed/Downloads/evotrade_final/venv/lib/python3.11/site-packages/apscheduler/schedulers/base.py", line 1195, in _process_jobs
    executor.submit_job(job, run_times)
  File "/Users/ahmed/Downloads/evotrade_final/venv/lib/python3.11/site-packages/apscheduler/executors/base.py", line 74, in submit_job
    self._do_submit_job(job, run_times)
  File "/Users/ahmed/Downloads/evotrade_final/venv/lib/python3.11/site-packages/apscheduler/executors/pool.py", line 27, in _do_submit_job
    f = self._pool.submit(
        ^^^^^^^^^^^^^^^^^^
  File "/opt/homebrew/Cellar/python@3.11/3.11.13/Frameworks/Python.framework/Versions/3.11/lib/python3.11/concurrent/futures/thread.py", line 167, in submit
    raise RuntimeError('cannot schedule new futures after shutdown')
RuntimeError: cannot schedule new futures after shutdown
2026-04-12 03:19:28,427 [apscheduler.scheduler] ERROR: Error submitting job "TradingEngine._trading_cycle (trigger: interval[0:00:30], next run at: 2026-04-12 03:19:28 PKT)" to executor "default"
Traceback (most recent call last):
  File "/Users/ahmed/Downloads/evotrade_final/venv/lib/python3.11/site-packages/apscheduler/schedulers/base.py", line 1195, in _process_jobs
    executor.submit_job(job, run_times)
  File "/Users/ahmed/Downloads/evotrade_final/venv/lib/python3.11/site-packages/apscheduler/executors/base.py", line 74, in submit_job
    self._do_submit_job(job, run_times)
  File "/Users/ahmed/Downloads/evotrade_final/venv/lib/python3.11/site-packages/apscheduler/executors/pool.py", line 27, in _do_submit_job
    f = self._pool.submit(
        ^^^^^^^^^^^^^^^^^^
  File "/opt/homebrew/Cellar/python@3.11/3.11.13/Frameworks/Python.framework/Versions/3.11/lib/python3.11/concurrent/futures/thread.py", line 167, in submit
    raise RuntimeError('cannot schedule new futures after shutdown')
RuntimeError: cannot schedule new futures after shutdown
2026-04-12 03:19:58,423 [apscheduler.scheduler] ERROR: Error submitting job "TradingEngine._trading_cycle (trigger: interval[0:00:30], next run at: 2026-04-12 03:19:58 PKT)" to executor "default"
Traceback (most recent call last):
  File "/Users/ahmed/Downloads/evotrade_final/venv/lib/python3.11/site-packages/apscheduler/schedulers/base.py", line 1195, in _process_jobs
    executor.submit_job(job, run_times)
  File "/Users/ahmed/Downloads/evotrade_final/venv/lib/python3.11/site-packages/apscheduler/executors/base.py", line 74, in submit_job
    self._do_submit_job(job, run_times)
  File "/Users/ahmed/Downloads/evotrade_final/venv/lib/python3.11/site-packages/apscheduler/executors/pool.py", line 27, in _do_submit_job
    f = self._pool.submit(
        ^^^^^^^^^^^^^^^^^^
  File "/opt/homebrew/Cellar/python@3.11/3.11.13/Frameworks/Python.framework/Versions/3.11/lib/python3.11/concurrent/futures/thread.py", line 167, in submit
    raise RuntimeError('cannot schedule new futures after shutdown')
RuntimeError: cannot schedule new futures after shutdown
2026-04-12 03:20:28,422 [apscheduler.scheduler] ERROR: Error submitting job "TradingEngine._trading_cycle (trigger: interval[0:00:30], next run at: 2026-04-12 03:20:28 PKT)" to executor "default"
Traceback (most recent call last):
  File "/Users/ahmed/Downloads/evotrade_final/venv/lib/python3.11/site-packages/apscheduler/schedulers/base.py", line 1195, in _process_jobs
    executor.submit_job(job, run_times)
  File "/Users/ahmed/Downloads/evotrade_final/venv/lib/python3.11/site-packages/apscheduler/executors/base.py", line 74, in submit_job
    self._do_submit_job(job, run_times)
  File "/Users/ahmed/Downloads/evotrade_final/venv/lib/python3.11/site-packages/apscheduler/executors/pool.py", line 27, in _do_submit_job
    f = self._pool.submit(
        ^^^^^^^^^^^^^^^^^^
  File "/opt/homebrew/Cellar/python@3.11/3.11.13/Frameworks/Python.framework/Versions/3.11/lib/python3.11/concurrent/futures/thread.py", line 167, in submit
    raise RuntimeError('cannot schedule new futures after shutdown')
RuntimeError: cannot schedule new futures after shutdown
2026-04-12 03:20:58,422 [apscheduler.scheduler] ERROR: Error submitting job "TradingEngine._trading_cycle (trigger: interval[0:00:30], next run at: 2026-04-12 03:20:58 PKT)" to executor "default"
Traceback (most recent call last):
  File "/Users/ahmed/Downloads/evotrade_final/venv/lib/python3.11/site-packages/apscheduler/schedulers/base.py", line 1195, in _process_jobs
    executor.submit_job(job, run_times)
  File "/Users/ahmed/Downloads/evotrade_final/venv/lib/python3.11/site-packages/apscheduler/executors/base.py", line 74, in submit_job
    self._do_submit_job(job, run_times)
  File "/Users/ahmed/Downloads/evotrade_final/venv/lib/python3.11/site-packages/apscheduler/executors/pool.py", line 27, in _do_submit_job
    f = self._pool.submit(
        ^^^^^^^^^^^^^^^^^^
  File "/opt/homebrew/Cellar/python@3.11/3.11.13/Frameworks/Python.framework/Versions/3.11/lib/python3.11/concurrent/futures/thread.py", line 167, in submit
    raise RuntimeError('cannot schedule new futures after shutdown')
RuntimeError: cannot schedule new futures after shutdown
2026-04-12 03:21:28,421 [apscheduler.scheduler] ERROR: Error submitting job "TradingEngine._trading_cycle (trigger: interval[0:00:30], next run at: 2026-04-12 03:21:28 PKT)" to executor "default"
Traceback (most recent call last):
  File "/Users/ahmed/Downloads/evotrade_final/venv/lib/python3.11/site-packages/apscheduler/schedulers/base.py", line 1195, in _process_jobs
    executor.submit_job(job, run_times)
  File "/Users/ahmed/Downloads/evotrade_final/venv/lib/python3.11/site-packages/apscheduler/executors/base.py", line 74, in submit_job
    self._do_submit_job(job, run_times)
  File "/Users/ahmed/Downloads/evotrade_final/venv/lib/python3.11/site-packages/apscheduler/executors/pool.py", line 27, in _do_submit_job
    f = self._pool.submit(
        ^^^^^^^^^^^^^^^^^^
  File "/opt/homebrew/Cellar/python@3.11/3.11.13/Frameworks/Python.framework/Versions/3.11/lib/python3.11/concurrent/futures/thread.py", line 167, in submit
    raise RuntimeError('cannot schedule new futures after shutdown')
RuntimeError: cannot schedule new futures after shutdown
2026-04-12 03:21:58,423 [apscheduler.scheduler] ERROR: Error submitting job "TradingEngine._trading_cycle (trigger: interval[0:00:30], next run at: 2026-04-12 03:21:58 PKT)" to executor "default"
Traceback (most recent call last):
  File "/Users/ahmed/Downloads/evotrade_final/venv/lib/python3.11/site-packages/apscheduler/schedulers/base.py", line 1195, in _process_jobs
    executor.submit_job(job, run_times)
  File "/Users/ahmed/Downloads/evotrade_final/venv/lib/python3.11/site-packages/apscheduler/executors/base.py", line 74, in submit_job
    self._do_submit_job(job, run_times)
  File "/Users/ahmed/Downloads/evotrade_final/venv/lib/python3.11/site-packages/apscheduler/executors/pool.py", line 27, in _do_submit_job
    f = self._pool.submit(
        ^^^^^^^^^^^^^^^^^^
  File "/opt/homebrew/Cellar/python@3.11/3.11.13/Frameworks/Python.framework/Versions/3.11/lib/python3.11/concurrent/futures/thread.py", line 167, in submit
    raise RuntimeError('cannot schedule new futures after shutdown')
RuntimeError: cannot schedule new futures after shutdown
2026-04-12 03:22:28,419 [apscheduler.scheduler] ERROR: Error submitting job "TradingEngine._trading_cycle (trigger: interval[0:00:30], next run at: 2026-04-12 03:22:28 PKT)" to executor "default"
Traceback (most recent call last):
  File "/Users/ahmed/Downloads/evotrade_final/venv/lib/python3.11/site-packages/apscheduler/schedulers/base.py", line 1195, in _process_jobs
    executor.submit_job(job, run_times)
  File "/Users/ahmed/Downloads/evotrade_final/venv/lib/python3.11/site-packages/apscheduler/executors/base.py", line 74, in submit_job
    self._do_submit_job(job, run_times)
  File "/Users/ahmed/Downloads/evotrade_final/venv/lib/python3.11/site-packages/apscheduler/executors/pool.py", line 27, in _do_submit_job
    f = self._pool.submit(
        ^^^^^^^^^^^^^^^^^^
  File "/opt/homebrew/Cellar/python@3.11/3.11.13/Frameworks/Python.framework/Versions/3.11/lib/python3.11/concurrent/futures/thread.py", line 167, in submit
    raise RuntimeError('cannot schedule new futures after shutdown')
RuntimeError: cannot schedule new futures after shutdown
2026-04-12 03:22:58,422 [apscheduler.scheduler] ERROR: Error submitting job "TradingEngine._trading_cycle (trigger: interval[0:00:30], next run at: 2026-04-12 03:22:58 PKT)" to executor "default"
Traceback (most recent call last):
  File "/Users/ahmed/Downloads/evotrade_final/venv/lib/python3.11/site-packages/apscheduler/schedulers/base.py", line 1195, in _process_jobs
    executor.submit_job(job, run_times)
  File "/Users/ahmed/Downloads/evotrade_final/venv/lib/python3.11/site-packages/apscheduler/executors/base.py", line 74, in submit_job
    self._do_submit_job(job, run_times)
  File "/Users/ahmed/Downloads/evotrade_final/venv/lib/python3.11/site-packages/apscheduler/executors/pool.py", line 27, in _do_submit_job
    f = self._pool.submit(
        ^^^^^^^^^^^^^^^^^^
  File "/opt/homebrew/Cellar/python@3.11/3.11.13/Frameworks/Python.framework/Versions/3.11/lib/python3.11/concurrent/futures/thread.py", line 167, in submit
    raise RuntimeError('cannot schedule new futures after shutdown')
RuntimeError: cannot schedule new futures after shutdown
2026-04-12 03:23:28,424 [apscheduler.scheduler] ERROR: Error submitting job "TradingEngine._trading_cycle (trigger: interval[0:00:30], next run at: 2026-04-12 03:23:28 PKT)" to executor "default"
Traceback (most recent call last):
  File "/Users/ahmed/Downloads/evotrade_final/venv/lib/python3.11/site-packages/apscheduler/schedulers/base.py", line 1195, in _process_jobs
    executor.submit_job(job, run_times)
  File "/Users/ahmed/Downloads/evotrade_final/venv/lib/python3.11/site-packages/apscheduler/executors/base.py", line 74, in submit_job
    self._do_submit_job(job, run_times)
  File "/Users/ahmed/Downloads/evotrade_final/venv/lib/python3.11/site-packages/apscheduler/executors/pool.py", line 27, in _do_submit_job
    f = self._pool.submit(
        ^^^^^^^^^^^^^^^^^^
  File "/opt/homebrew/Cellar/python@3.11/3.11.13/Frameworks/Python.framework/Versions/3.11/lib/python3.11/concurrent/futures/thread.py", line 167, in submit
    raise RuntimeError('cannot schedule new futures after shutdown')
RuntimeError: cannot schedule new futures after shutdown
2026-04-12 03:23:58,431 [apscheduler.scheduler] ERROR: Error submitting job "TradingEngine._trading_cycle (trigger: interval[0:00:30], next run at: 2026-04-12 03:23:58 PKT)" to executor "default"
Traceback (most recent call last):
  File "/Users/ahmed/Downloads/evotrade_final/venv/lib/python3.11/site-packages/apscheduler/schedulers/base.py", line 1195, in _process_jobs
    executor.submit_job(job, run_times)
  File "/Users/ahmed/Downloads/evotrade_final/venv/lib/python3.11/site-packages/apscheduler/executors/base.py", line 74, in submit_job
    self._do_submit_job(job, run_times)
  File "/Users/ahmed/Downloads/evotrade_final/venv/lib/python3.11/site-packages/apscheduler/executors/pool.py", line 27, in _do_submit_job
    f = self._pool.submit(
        ^^^^^^^^^^^^^^^^^^
  File "/opt/homebrew/Cellar/python@3.11/3.11.13/Frameworks/Python.framework/Versions/3.11/lib/python3.11/concurrent/futures/thread.py", line 167, in submit
    raise RuntimeError('cannot schedule new futures after shutdown')
RuntimeError: cannot schedule new futures after shutdown
2026-04-12 03:24:28,423 [apscheduler.scheduler] ERROR: Error submitting job "TradingEngine._trading_cycle (trigger: interval[0:00:30], next run at: 2026-04-12 03:24:28 PKT)" to executor "default"
Traceback (most recent call last):
  File "/Users/ahmed/Downloads/evotrade_final/venv/lib/python3.11/site-packages/apscheduler/schedulers/base.py", line 1195, in _process_jobs
    executor.submit_job(job, run_times)
  File "/Users/ahmed/Downloads/evotrade_final/venv/lib/python3.11/site-packages/apscheduler/executors/base.py", line 74, in submit_job
    self._do_submit_job(job, run_times)
  File "/Users/ahmed/Downloads/evotrade_final/venv/lib/python3.11/site-packages/apscheduler/executors/pool.py", line 27, in _do_submit_job
    f = self._pool.submit(
        ^^^^^^^^^^^^^^^^^^
  File "/opt/homebrew/Cellar/python@3.11/3.11.13/Frameworks/Python.framework/Versions/3.11/lib/python3.11/concurrent/futures/thread.py", line 167, in submit
    raise RuntimeError('cannot schedule new futures after shutdown')
RuntimeError: cannot schedule new futures after shutdown
2026-04-12 03:24:58,426 [apscheduler.scheduler] ERROR: Error submitting job "TradingEngine._trading_cycle (trigger: interval[0:00:30], next run at: 2026-04-12 03:24:58 PKT)" to executor "default"
Traceback (most recent call last):
  File "/Users/ahmed/Downloads/evotrade_final/venv/lib/python3.11/site-packages/apscheduler/schedulers/base.py", line 1195, in _process_jobs
    executor.submit_job(job, run_times)
  File "/Users/ahmed/Downloads/evotrade_final/venv/lib/python3.11/site-packages/apscheduler/executors/base.py", line 74, in submit_job
    self._do_submit_job(job, run_times)
  File "/Users/ahmed/Downloads/evotrade_final/venv/lib/python3.11/site-packages/apscheduler/executors/pool.py", line 27, in _do_submit_job
    f = self._pool.submit(
        ^^^^^^^^^^^^^^^^^^
  File "/opt/homebrew/Cellar/python@3.11/3.11.13/Frameworks/Python.framework/Versions/3.11/lib/python3.11/concurrent/futures/thread.py", line 167, in submit
    raise RuntimeError('cannot schedule new futures after shutdown')
RuntimeError: cannot schedule new futures after shutdown
2026-04-12 03:25:28,419 [apscheduler.scheduler] ERROR: Error submitting job "TradingEngine._trading_cycle (trigger: interval[0:00:30], next run at: 2026-04-12 03:25:28 PKT)" to executor "default"
Traceback (most recent call last):
  File "/Users/ahmed/Downloads/evotrade_final/venv/lib/python3.11/site-packages/apscheduler/schedulers/base.py", line 1195, in _process_jobs
    executor.submit_job(job, run_times)
  File "/Users/ahmed/Downloads/evotrade_final/venv/lib/python3.11/site-packages/apscheduler/executors/base.py", line 74, in submit_job
    self._do_submit_job(job, run_times)
  File "/Users/ahmed/Downloads/evotrade_final/venv/lib/python3.11/site-packages/apscheduler/executors/pool.py", line 27, in _do_submit_job
    f = self._pool.submit(
        ^^^^^^^^^^^^^^^^^^
  File "/opt/homebrew/Cellar/python@3.11/3.11.13/Frameworks/Python.framework/Versions/3.11/lib/python3.11/concurrent/futures/thread.py", line 167, in submit
    raise RuntimeError('cannot schedule new futures after shutdown')
RuntimeError: cannot schedule new futures after shutdown
2026-04-12 03:25:58,428 [apscheduler.scheduler] ERROR: Error submitting job "TradingEngine._trading_cycle (trigger: interval[0:00:30], next run at: 2026-04-12 03:25:58 PKT)" to executor "default"
Traceback (most recent call last):
  File "/Users/ahmed/Downloads/evotrade_final/venv/lib/python3.11/site-packages/apscheduler/schedulers/base.py", line 1195, in _process_jobs
    executor.submit_job(job, run_times)
  File "/Users/ahmed/Downloads/evotrade_final/venv/lib/python3.11/site-packages/apscheduler/executors/base.py", line 74, in submit_job
    self._do_submit_job(job, run_times)
  File "/Users/ahmed/Downloads/evotrade_final/venv/lib/python3.11/site-packages/apscheduler/executors/pool.py", line 27, in _do_submit_job
    f = self._pool.submit(
        ^^^^^^^^^^^^^^^^^^
  File "/opt/homebrew/Cellar/python@3.11/3.11.13/Frameworks/Python.framework/Versions/3.11/lib/python3.11/concurrent/futures/thread.py", line 167, in submit
    raise RuntimeError('cannot schedule new futures after shutdown')
RuntimeError: cannot schedule new futures after shutdown
2026-04-12 03:26:28,422 [apscheduler.scheduler] ERROR: Error submitting job "TradingEngine._trading_cycle (trigger: interval[0:00:30], next run at: 2026-04-12 03:26:28 PKT)" to executor "default"
Traceback (most recent call last):
  File "/Users/ahmed/Downloads/evotrade_final/venv/lib/python3.11/site-packages/apscheduler/schedulers/base.py", line 1195, in _process_jobs
    executor.submit_job(job, run_times)
  File "/Users/ahmed/Downloads/evotrade_final/venv/lib/python3.11/site-packages/apscheduler/executors/base.py", line 74, in submit_job
    self._do_submit_job(job, run_times)
  File "/Users/ahmed/Downloads/evotrade_final/venv/lib/python3.11/site-packages/apscheduler/executors/pool.py", line 27, in _do_submit_job
    f = self._pool.submit(
        ^^^^^^^^^^^^^^^^^^
  File "/opt/homebrew/Cellar/python@3.11/3.11.13/Frameworks/Python.framework/Versions/3.11/lib/python3.11/concurrent/futures/thread.py", line 167, in submit
    raise RuntimeError('cannot schedule new futures after shutdown')
RuntimeError: cannot schedule new futures after shutdown
2026-04-12 03:26:58,426 [apscheduler.scheduler] ERROR: Error submitting job "TradingEngine._trading_cycle (trigger: interval[0:00:30], next run at: 2026-04-12 03:26:58 PKT)" to executor "default"
Traceback (most recent call last):
  File "/Users/ahmed/Downloads/evotrade_final/venv/lib/python3.11/site-packages/apscheduler/schedulers/base.py", line 1195, in _process_jobs
    executor.submit_job(job, run_times)
  File "/Users/ahmed/Downloads/evotrade_final/venv/lib/python3.11/site-packages/apscheduler/executors/base.py", line 74, in submit_job
    self._do_submit_job(job, run_times)
  File "/Users/ahmed/Downloads/evotrade_final/venv/lib/python3.11/site-packages/apscheduler/executors/pool.py", line 27, in _do_submit_job
    f = self._pool.submit(
        ^^^^^^^^^^^^^^^^^^
  File "/opt/homebrew/Cellar/python@3.11/3.11.13/Frameworks/Python.framework/Versions/3.11/lib/python3.11/concurrent/futures/thread.py", line 167, in submit
    raise RuntimeError('cannot schedule new futures after shutdown')
RuntimeError: cannot schedule new futures after shutdown
2026-04-12 03:27:28,428 [apscheduler.scheduler] ERROR: Error submitting job "TradingEngine._trading_cycle (trigger: interval[0:00:30], next run at: 2026-04-12 03:27:28 PKT)" to executor "default"
Traceback (most recent call last):
  File "/Users/ahmed/Downloads/evotrade_final/venv/lib/python3.11/site-packages/apscheduler/schedulers/base.py", line 1195, in _process_jobs
    executor.submit_job(job, run_times)
  File "/Users/ahmed/Downloads/evotrade_final/venv/lib/python3.11/site-packages/apscheduler/executors/base.py", line 74, in submit_job
    self._do_submit_job(job, run_times)
  File "/Users/ahmed/Downloads/evotrade_final/venv/lib/python3.11/site-packages/apscheduler/executors/pool.py", line 27, in _do_submit_job
    f = self._pool.submit(
        ^^^^^^^^^^^^^^^^^^
  File "/opt/homebrew/Cellar/python@3.11/3.11.13/Frameworks/Python.framework/Versions/3.11/lib/python3.11/concurrent/futures/thread.py", line 167, in submit
    raise RuntimeError('cannot schedule new futures after shutdown')
RuntimeError: cannot schedule new futures after shutdown
2026-04-12 03:27:58,419 [apscheduler.scheduler] ERROR: Error submitting job "TradingEngine._trading_cycle (trigger: interval[0:00:30], next run at: 2026-04-12 03:27:58 PKT)" to executor "default"
Traceback (most recent call last):
  File "/Users/ahmed/Downloads/evotrade_final/venv/lib/python3.11/site-packages/apscheduler/schedulers/base.py", line 1195, in _process_jobs
    executor.submit_job(job, run_times)
  File "/Users/ahmed/Downloads/evotrade_final/venv/lib/python3.11/site-packages/apscheduler/executors/base.py", line 74, in submit_job
    self._do_submit_job(job, run_times)
  File "/Users/ahmed/Downloads/evotrade_final/venv/lib/python3.11/site-packages/apscheduler/executors/pool.py", line 27, in _do_submit_job
    f = self._pool.submit(
        ^^^^^^^^^^^^^^^^^^
  File "/opt/homebrew/Cellar/python@3.11/3.11.13/Frameworks/Python.framework/Versions/3.11/lib/python3.11/concurrent/futures/thread.py", line 167, in submit
    raise RuntimeError('cannot schedule new futures after shutdown')
RuntimeError: cannot schedule new futures after shutdown
2026-04-12 03:28:28,427 [apscheduler.scheduler] ERROR: Error submitting job "TradingEngine._trading_cycle (trigger: interval[0:00:30], next run at: 2026-04-12 03:28:28 PKT)" to executor "default"
Traceback (most recent call last):
  File "/Users/ahmed/Downloads/evotrade_final/venv/lib/python3.11/site-packages/apscheduler/schedulers/base.py", line 1195, in _process_jobs
    executor.submit_job(job, run_times)
  File "/Users/ahmed/Downloads/evotrade_final/venv/lib/python3.11/site-packages/apscheduler/executors/base.py", line 74, in submit_job
    self._do_submit_job(job, run_times)
  File "/Users/ahmed/Downloads/evotrade_final/venv/lib/python3.11/site-packages/apscheduler/executors/pool.py", line 27, in _do_submit_job
    f = self._pool.submit(
        ^^^^^^^^^^^^^^^^^^
  File "/opt/homebrew/Cellar/python@3.11/3.11.13/Frameworks/Python.framework/Versions/3.11/lib/python3.11/concurrent/futures/thread.py", line 167, in submit
    raise RuntimeError('cannot schedule new futures after shutdown')
RuntimeError: cannot schedule new futures after shutdown
2026-04-12 03:28:58,420 [apscheduler.scheduler] ERROR: Error submitting job "TradingEngine._trading_cycle (trigger: interval[0:00:30], next run at: 2026-04-12 03:28:58 PKT)" to executor "default"
Traceback (most recent call last):
  File "/Users/ahmed/Downloads/evotrade_final/venv/lib/python3.11/site-packages/apscheduler/schedulers/base.py", line 1195, in _process_jobs
    executor.submit_job(job, run_times)
  File "/Users/ahmed/Downloads/evotrade_final/venv/lib/python3.11/site-packages/apscheduler/executors/base.py", line 74, in submit_job
    self._do_submit_job(job, run_times)
  File "/Users/ahmed/Downloads/evotrade_final/venv/lib/python3.11/site-packages/apscheduler/executors/pool.py", line 27, in _do_submit_job
    f = self._pool.submit(
        ^^^^^^^^^^^^^^^^^^
  File "/opt/homebrew/Cellar/python@3.11/3.11.13/Frameworks/Python.framework/Versions/3.11/lib/python3.11/concurrent/futures/thread.py", line 167, in submit
    raise RuntimeError('cannot schedule new futures after shutdown')
RuntimeError: cannot schedule new futures after shutdown
2026-04-12 03:29:28,421 [apscheduler.scheduler] ERROR: Error submitting job "TradingEngine._trading_cycle (trigger: interval[0:00:30], next run at: 2026-04-12 03:29:28 PKT)" to executor "default"
Traceback (most recent call last):
  File "/Users/ahmed/Downloads/evotrade_final/venv/lib/python3.11/site-packages/apscheduler/schedulers/base.py", line 1195, in _process_jobs
    executor.submit_job(job, run_times)
  File "/Users/ahmed/Downloads/evotrade_final/venv/lib/python3.11/site-packages/apscheduler/executors/base.py", line 74, in submit_job
    self._do_submit_job(job, run_times)
  File "/Users/ahmed/Downloads/evotrade_final/venv/lib/python3.11/site-packages/apscheduler/executors/pool.py", line 27, in _do_submit_job
    f = self._pool.submit(
        ^^^^^^^^^^^^^^^^^^
  File "/opt/homebrew/Cellar/python@3.11/3.11.13/Frameworks/Python.framework/Versions/3.11/lib/python3.11/concurrent/futures/thread.py", line 167, in submit
    raise RuntimeError('cannot schedule new futures after shutdown')
RuntimeError: cannot schedule new futures after shutdown
2026-04-12 03:29:58,418 [apscheduler.scheduler] ERROR: Error submitting job "TradingEngine._trading_cycle (trigger: interval[0:00:30], next run at: 2026-04-12 03:29:58 PKT)" to executor "default"
Traceback (most recent call last):
  File "/Users/ahmed/Downloads/evotrade_final/venv/lib/python3.11/site-packages/apscheduler/schedulers/base.py", line 1195, in _process_jobs
    executor.submit_job(job, run_times)
  File "/Users/ahmed/Downloads/evotrade_final/venv/lib/python3.11/site-packages/apscheduler/executors/base.py", line 74, in submit_job
    self._do_submit_job(job, run_times)
  File "/Users/ahmed/Downloads/evotrade_final/venv/lib/python3.11/site-packages/apscheduler/executors/pool.py", line 27, in _do_submit_job
    f = self._pool.submit(
        ^^^^^^^^^^^^^^^^^^
  File "/opt/homebrew/Cellar/python@3.11/3.11.13/Frameworks/Python.framework/Versions/3.11/lib/python3.11/concurrent/futures/thread.py", line 167, in submit
    raise RuntimeError('cannot schedule new futures after shutdown')
RuntimeError: cannot schedule new futures after shutdown
2026-04-12 03:30:28,424 [apscheduler.scheduler] ERROR: Error submitting job "TradingEngine._trading_cycle (trigger: interval[0:00:30], next run at: 2026-04-12 03:30:28 PKT)" to executor "default"
Traceback (most recent call last):
  File "/Users/ahmed/Downloads/evotrade_final/venv/lib/python3.11/site-packages/apscheduler/schedulers/base.py", line 1195, in _process_jobs
    executor.submit_job(job, run_times)
  File "/Users/ahmed/Downloads/evotrade_final/venv/lib/python3.11/site-packages/apscheduler/executors/base.py", line 74, in submit_job
    self._do_submit_job(job, run_times)
  File "/Users/ahmed/Downloads/evotrade_final/venv/lib/python3.11/site-packages/apscheduler/executors/pool.py", line 27, in _do_submit_job
    f = self._pool.submit(
        ^^^^^^^^^^^^^^^^^^
  File "/opt/homebrew/Cellar/python@3.11/3.11.13/Frameworks/Python.framework/Versions/3.11/lib/python3.11/concurrent/futures/thread.py", line 167, in submit
    raise RuntimeError('cannot schedule new futures after shutdown')
RuntimeError: cannot schedule new futures after shutdown
2026-04-12 03:30:58,422 [apscheduler.scheduler] ERROR: Error submitting job "TradingEngine._trading_cycle (trigger: interval[0:00:30], next run at: 2026-04-12 03:30:58 PKT)" to executor "default"
Traceback (most recent call last):
  File "/Users/ahmed/Downloads/evotrade_final/venv/lib/python3.11/site-packages/apscheduler/schedulers/base.py", line 1195, in _process_jobs
    executor.submit_job(job, run_times)
  File "/Users/ahmed/Downloads/evotrade_final/venv/lib/python3.11/site-packages/apscheduler/executors/base.py", line 74, in submit_job
    self._do_submit_job(job, run_times)
  File "/Users/ahmed/Downloads/evotrade_final/venv/lib/python3.11/site-packages/apscheduler/executors/pool.py", line 27, in _do_submit_job
    f = self._pool.submit(
        ^^^^^^^^^^^^^^^^^^
  File "/opt/homebrew/Cellar/python@3.11/3.11.13/Frameworks/Python.framework/Versions/3.11/lib/python3.11/concurrent/futures/thread.py", line 167, in submit
    raise RuntimeError('cannot schedule new futures after shutdown')
RuntimeError: cannot schedule new futures after shutdown
2026-04-12 03:49:08,489 [apscheduler.scheduler] ERROR: Error submitting job "TradingEngine._trading_cycle (trigger: interval[0:00:30], next run at: 2026-04-12 03:31:28 PKT)" to executor "default"
Traceback (most recent call last):
  File "/Users/ahmed/Downloads/evotrade_final/venv/lib/python3.11/site-packages/apscheduler/schedulers/base.py", line 1195, in _process_jobs
    executor.submit_job(job, run_times)
  File "/Users/ahmed/Downloads/evotrade_final/venv/lib/python3.11/site-packages/apscheduler/executors/base.py", line 74, in submit_job
    self._do_submit_job(job, run_times)
  File "/Users/ahmed/Downloads/evotrade_final/venv/lib/python3.11/site-packages/apscheduler/executors/pool.py", line 27, in _do_submit_job
    f = self._pool.submit(
        ^^^^^^^^^^^^^^^^^^
  File "/opt/homebrew/Cellar/python@3.11/3.11.13/Frameworks/Python.framework/Versions/3.11/lib/python3.11/concurrent/futures/thread.py", line 167, in submit
    raise RuntimeError('cannot schedule new futures after shutdown')
RuntimeError: cannot schedule new futures after shutdown
2026-04-12 04:48:57,470 [apscheduler.scheduler] ERROR: Error submitting job "TradingEngine._trading_cycle (trigger: interval[0:00:30], next run at: 2026-04-12 03:49:28 PKT)" to executor "default"
Traceback (most recent call last):
  File "/Users/ahmed/Downloads/evotrade_final/venv/lib/python3.11/site-packages/apscheduler/schedulers/base.py", line 1195, in _process_jobs
    executor.submit_job(job, run_times)
  File "/Users/ahmed/Downloads/evotrade_final/venv/lib/python3.11/site-packages/apscheduler/executors/base.py", line 74, in submit_job
    self._do_submit_job(job, run_times)
  File "/Users/ahmed/Downloads/evotrade_final/venv/lib/python3.11/site-packages/apscheduler/executors/pool.py", line 27, in _do_submit_job
    f = self._pool.submit(
        ^^^^^^^^^^^^^^^^^^
  File "/opt/homebrew/Cellar/python@3.11/3.11.13/Frameworks/Python.framework/Versions/3.11/lib/python3.11/concurrent/futures/thread.py", line 167, in submit
    raise RuntimeError('cannot schedule new futures after shutdown')
RuntimeError: cannot schedule new futures after shutdown
2026-04-12 04:48:58,420 [apscheduler.scheduler] ERROR: Error submitting job "TradingEngine._trading_cycle (trigger: interval[0:00:30], next run at: 2026-04-12 04:48:58 PKT)" to executor "default"
Traceback (most recent call last):
  File "/Users/ahmed/Downloads/evotrade_final/venv/lib/python3.11/site-packages/apscheduler/schedulers/base.py", line 1195, in _process_jobs
    executor.submit_job(job, run_times)
  File "/Users/ahmed/Downloads/evotrade_final/venv/lib/python3.11/site-packages/apscheduler/executors/base.py", line 74, in submit_job
    self._do_submit_job(job, run_times)
  File "/Users/ahmed/Downloads/evotrade_final/venv/lib/python3.11/site-packages/apscheduler/executors/pool.py", line 27, in _do_submit_job
    f = self._pool.submit(
        ^^^^^^^^^^^^^^^^^^
  File "/opt/homebrew/Cellar/python@3.11/3.11.13/Frameworks/Python.framework/Versions/3.11/lib/python3.11/concurrent/futures/thread.py", line 167, in submit
    raise RuntimeError('cannot schedule new futures after shutdown')
RuntimeError: cannot schedule new futures after shutdown
2026-04-12 06:26:08,443 [apscheduler.scheduler] ERROR: Error submitting job "TradingEngine._trading_cycle (trigger: interval[0:00:30], next run at: 2026-04-12 04:49:28 PKT)" to executor "default"
Traceback (most recent call last):
  File "/Users/ahmed/Downloads/evotrade_final/venv/lib/python3.11/site-packages/apscheduler/schedulers/base.py", line 1195, in _process_jobs
    executor.submit_job(job, run_times)
  File "/Users/ahmed/Downloads/evotrade_final/venv/lib/python3.11/site-packages/apscheduler/executors/base.py", line 74, in submit_job
    self._do_submit_job(job, run_times)
  File "/Users/ahmed/Downloads/evotrade_final/venv/lib/python3.11/site-packages/apscheduler/executors/pool.py", line 27, in _do_submit_job
    f = self._pool.submit(
        ^^^^^^^^^^^^^^^^^^
  File "/opt/homebrew/Cellar/python@3.11/3.11.13/Frameworks/Python.framework/Versions/3.11/lib/python3.11/concurrent/futures/thread.py", line 167, in submit
    raise RuntimeError('cannot schedule new futures after shutdown')
RuntimeError: cannot schedule new futures after shutdown
2026-04-12 06:33:02,230 [apscheduler.scheduler] ERROR: Error submitting job "TradingEngine._trading_cycle (trigger: interval[0:00:30], next run at: 2026-04-12 06:26:28 PKT)" to executor "default"
Traceback (most recent call last):
  File "/Users/ahmed/Downloads/evotrade_final/venv/lib/python3.11/site-packages/apscheduler/schedulers/base.py", line 1195, in _process_jobs
    executor.submit_job(job, run_times)
  File "/Users/ahmed/Downloads/evotrade_final/venv/lib/python3.11/site-packages/apscheduler/executors/base.py", line 74, in submit_job
    self._do_submit_job(job, run_times)
  File "/Users/ahmed/Downloads/evotrade_final/venv/lib/python3.11/site-packages/apscheduler/executors/pool.py", line 27, in _do_submit_job
    f = self._pool.submit(
        ^^^^^^^^^^^^^^^^^^
  File "/opt/homebrew/Cellar/python@3.11/3.11.13/Frameworks/Python.framework/Versions/3.11/lib/python3.11/concurrent/futures/thread.py", line 167, in submit
    raise RuntimeError('cannot schedule new futures after shutdown')
RuntimeError: cannot schedule new futures after shutdown
2026-04-12 07:18:57,011 [apscheduler.scheduler] ERROR: Error submitting job "TradingEngine._trading_cycle (trigger: interval[0:00:30], next run at: 2026-04-12 06:33:28 PKT)" to executor "default"
Traceback (most recent call last):
  File "/Users/ahmed/Downloads/evotrade_final/venv/lib/python3.11/site-packages/apscheduler/schedulers/base.py", line 1195, in _process_jobs
    executor.submit_job(job, run_times)
  File "/Users/ahmed/Downloads/evotrade_final/venv/lib/python3.11/site-packages/apscheduler/executors/base.py", line 74, in submit_job
    self._do_submit_job(job, run_times)
  File "/Users/ahmed/Downloads/evotrade_final/venv/lib/python3.11/site-packages/apscheduler/executors/pool.py", line 27, in _do_submit_job
    f = self._pool.submit(
        ^^^^^^^^^^^^^^^^^^
  File "/opt/homebrew/Cellar/python@3.11/3.11.13/Frameworks/Python.framework/Versions/3.11/lib/python3.11/concurrent/futures/thread.py", line 167, in submit
    raise RuntimeError('cannot schedule new futures after shutdown')
RuntimeError: cannot schedule new futures after shutdown
2026-04-12 07:18:58,421 [apscheduler.scheduler] ERROR: Error submitting job "TradingEngine._trading_cycle (trigger: interval[0:00:30], next run at: 2026-04-12 07:18:58 PKT)" to executor "default"
Traceback (most recent call last):
  File "/Users/ahmed/Downloads/evotrade_final/venv/lib/python3.11/site-packages/apscheduler/schedulers/base.py", line 1195, in _process_jobs
    executor.submit_job(job, run_times)
  File "/Users/ahmed/Downloads/evotrade_final/venv/lib/python3.11/site-packages/apscheduler/executors/base.py", line 74, in submit_job
    self._do_submit_job(job, run_times)
  File "/Users/ahmed/Downloads/evotrade_final/venv/lib/python3.11/site-packages/apscheduler/executors/pool.py", line 27, in _do_submit_job
    f = self._pool.submit(
        ^^^^^^^^^^^^^^^^^^
  File "/opt/homebrew/Cellar/python@3.11/3.11.13/Frameworks/Python.framework/Versions/3.11/lib/python3.11/concurrent/futures/thread.py", line 167, in submit
    raise RuntimeError('cannot schedule new futures after shutdown')
RuntimeError: cannot schedule new futures after shutdown
2026-04-12 07:19:28,427 [apscheduler.scheduler] ERROR: Error submitting job "TradingEngine._trading_cycle (trigger: interval[0:00:30], next run at: 2026-04-12 07:19:28 PKT)" to executor "default"
Traceback (most recent call last):
  File "/Users/ahmed/Downloads/evotrade_final/venv/lib/python3.11/site-packages/apscheduler/schedulers/base.py", line 1195, in _process_jobs
    executor.submit_job(job, run_times)
  File "/Users/ahmed/Downloads/evotrade_final/venv/lib/python3.11/site-packages/apscheduler/executors/base.py", line 74, in submit_job
    self._do_submit_job(job, run_times)
  File "/Users/ahmed/Downloads/evotrade_final/venv/lib/python3.11/site-packages/apscheduler/executors/pool.py", line 27, in _do_submit_job
    f = self._pool.submit(
        ^^^^^^^^^^^^^^^^^^
  File "/opt/homebrew/Cellar/python@3.11/3.11.13/Frameworks/Python.framework/Versions/3.11/lib/python3.11/concurrent/futures/thread.py", line 167, in submit
    raise RuntimeError('cannot schedule new futures after shutdown')
RuntimeError: cannot schedule new futures after shutdown
2026-04-12 07:34:23,271 [apscheduler.scheduler] ERROR: Error submitting job "TradingEngine._trading_cycle (trigger: interval[0:00:30], next run at: 2026-04-12 07:19:58 PKT)" to executor "default"
Traceback (most recent call last):
  File "/Users/ahmed/Downloads/evotrade_final/venv/lib/python3.11/site-packages/apscheduler/schedulers/base.py", line 1195, in _process_jobs
    executor.submit_job(job, run_times)
  File "/Users/ahmed/Downloads/evotrade_final/venv/lib/python3.11/site-packages/apscheduler/executors/base.py", line 74, in submit_job
    self._do_submit_job(job, run_times)
  File "/Users/ahmed/Downloads/evotrade_final/venv/lib/python3.11/site-packages/apscheduler/executors/pool.py", line 27, in _do_submit_job
    f = self._pool.submit(
        ^^^^^^^^^^^^^^^^^^
  File "/opt/homebrew/Cellar/python@3.11/3.11.13/Frameworks/Python.framework/Versions/3.11/lib/python3.11/concurrent/futures/thread.py", line 167, in submit
    raise RuntimeError('cannot schedule new futures after shutdown')
RuntimeError: cannot schedule new futures after shutdown
2026-04-12 08:28:03,831 [apscheduler.scheduler] ERROR: Error submitting job "TradingEngine._trading_cycle (trigger: interval[0:00:30], next run at: 2026-04-12 07:34:28 PKT)" to executor "default"
Traceback (most recent call last):
  File "/Users/ahmed/Downloads/evotrade_final/venv/lib/python3.11/site-packages/apscheduler/schedulers/base.py", line 1195, in _process_jobs
    executor.submit_job(job, run_times)
  File "/Users/ahmed/Downloads/evotrade_final/venv/lib/python3.11/site-packages/apscheduler/executors/base.py", line 74, in submit_job
    self._do_submit_job(job, run_times)
  File "/Users/ahmed/Downloads/evotrade_final/venv/lib/python3.11/site-packages/apscheduler/executors/pool.py", line 27, in _do_submit_job
    f = self._pool.submit(
        ^^^^^^^^^^^^^^^^^^
  File "/opt/homebrew/Cellar/python@3.11/3.11.13/Frameworks/Python.framework/Versions/3.11/lib/python3.11/concurrent/futures/thread.py", line 167, in submit
    raise RuntimeError('cannot schedule new futures after shutdown')
RuntimeError: cannot schedule new futures after shutdown
2026-04-12 08:28:03,834 [apscheduler.scheduler] ERROR: Error submitting job "TradingEngine._evolution_cycle (trigger: interval[6:00:00], next run at: 2026-04-12 08:21:28 PKT)" to executor "default"
Traceback (most recent call last):
  File "/Users/ahmed/Downloads/evotrade_final/venv/lib/python3.11/site-packages/apscheduler/schedulers/base.py", line 1195, in _process_jobs
    executor.submit_job(job, run_times)
  File "/Users/ahmed/Downloads/evotrade_final/venv/lib/python3.11/site-packages/apscheduler/executors/base.py", line 74, in submit_job
    self._do_submit_job(job, run_times)
  File "/Users/ahmed/Downloads/evotrade_final/venv/lib/python3.11/site-packages/apscheduler/executors/pool.py", line 27, in _do_submit_job
    f = self._pool.submit(
        ^^^^^^^^^^^^^^^^^^
  File "/opt/homebrew/Cellar/python@3.11/3.11.13/Frameworks/Python.framework/Versions/3.11/lib/python3.11/concurrent/futures/thread.py", line 167, in submit
    raise RuntimeError('cannot schedule new futures after shutdown')
RuntimeError: cannot schedule new futures after shutdown
2026-04-12 08:28:28,420 [apscheduler.scheduler] ERROR: Error submitting job "TradingEngine._trading_cycle (trigger: interval[0:00:30], next run at: 2026-04-12 08:28:28 PKT)" to executor "default"
Traceback (most recent call last):
  File "/Users/ahmed/Downloads/evotrade_final/venv/lib/python3.11/site-packages/apscheduler/schedulers/base.py", line 1195, in _process_jobs
    executor.submit_job(job, run_times)
  File "/Users/ahmed/Downloads/evotrade_final/venv/lib/python3.11/site-packages/apscheduler/executors/base.py", line 74, in submit_job
    self._do_submit_job(job, run_times)
  File "/Users/ahmed/Downloads/evotrade_final/venv/lib/python3.11/site-packages/apscheduler/executors/pool.py", line 27, in _do_submit_job
    f = self._pool.submit(
        ^^^^^^^^^^^^^^^^^^
  File "/opt/homebrew/Cellar/python@3.11/3.11.13/Frameworks/Python.framework/Versions/3.11/lib/python3.11/concurrent/futures/thread.py", line 167, in submit
    raise RuntimeError('cannot schedule new futures after shutdown')
RuntimeError: cannot schedule new futures after shutdown
2026-04-12 08:35:24,323 [apscheduler.scheduler] ERROR: Error submitting job "TradingEngine._trading_cycle (trigger: interval[0:00:30], next run at: 2026-04-12 08:28:58 PKT)" to executor "default"
Traceback (most recent call last):
  File "/Users/ahmed/Downloads/evotrade_final/venv/lib/python3.11/site-packages/apscheduler/schedulers/base.py", line 1195, in _process_jobs
    executor.submit_job(job, run_times)
  File "/Users/ahmed/Downloads/evotrade_final/venv/lib/python3.11/site-packages/apscheduler/executors/base.py", line 74, in submit_job
    self._do_submit_job(job, run_times)
  File "/Users/ahmed/Downloads/evotrade_final/venv/lib/python3.11/site-packages/apscheduler/executors/pool.py", line 27, in _do_submit_job
    f = self._pool.submit(
        ^^^^^^^^^^^^^^^^^^
  File "/opt/homebrew/Cellar/python@3.11/3.11.13/Frameworks/Python.framework/Versions/3.11/lib/python3.11/concurrent/futures/thread.py", line 167, in submit
    raise RuntimeError('cannot schedule new futures after shutdown')
RuntimeError: cannot schedule new futures after shutdown
2026-04-12 09:29:06,515 [apscheduler.scheduler] ERROR: Error submitting job "TradingEngine._trading_cycle (trigger: interval[0:00:30], next run at: 2026-04-12 08:35:28 PKT)" to executor "default"
Traceback (most recent call last):
  File "/Users/ahmed/Downloads/evotrade_final/venv/lib/python3.11/site-packages/apscheduler/schedulers/base.py", line 1195, in _process_jobs
    executor.submit_job(job, run_times)
  File "/Users/ahmed/Downloads/evotrade_final/venv/lib/python3.11/site-packages/apscheduler/executors/base.py", line 74, in submit_job
    self._do_submit_job(job, run_times)
  File "/Users/ahmed/Downloads/evotrade_final/venv/lib/python3.11/site-packages/apscheduler/executors/pool.py", line 27, in _do_submit_job
    f = self._pool.submit(
        ^^^^^^^^^^^^^^^^^^
  File "/opt/homebrew/Cellar/python@3.11/3.11.13/Frameworks/Python.framework/Versions/3.11/lib/python3.11/concurrent/futures/thread.py", line 167, in submit
    raise RuntimeError('cannot schedule new futures after shutdown')
RuntimeError: cannot schedule new futures after shutdown
2026-04-12 09:36:01,703 [apscheduler.scheduler] ERROR: Error submitting job "TradingEngine._trading_cycle (trigger: interval[0:00:30], next run at: 2026-04-12 09:29:28 PKT)" to executor "default"
Traceback (most recent call last):
  File "/Users/ahmed/Downloads/evotrade_final/venv/lib/python3.11/site-packages/apscheduler/schedulers/base.py", line 1195, in _process_jobs
    executor.submit_job(job, run_times)
  File "/Users/ahmed/Downloads/evotrade_final/venv/lib/python3.11/site-packages/apscheduler/executors/base.py", line 74, in submit_job
    self._do_submit_job(job, run_times)
  File "/Users/ahmed/Downloads/evotrade_final/venv/lib/python3.11/site-packages/apscheduler/executors/pool.py", line 27, in _do_submit_job
    f = self._pool.submit(
        ^^^^^^^^^^^^^^^^^^
  File "/opt/homebrew/Cellar/python@3.11/3.11.13/Frameworks/Python.framework/Versions/3.11/lib/python3.11/concurrent/futures/thread.py", line 167, in submit
    raise RuntimeError('cannot schedule new futures after shutdown')
RuntimeError: cannot schedule new futures after shutdown
2026-04-12 09:41:37,659 [apscheduler.scheduler] ERROR: Error submitting job "TradingEngine._trading_cycle (trigger: interval[0:00:30], next run at: 2026-04-12 09:36:28 PKT)" to executor "default"
Traceback (most recent call last):
  File "/Users/ahmed/Downloads/evotrade_final/venv/lib/python3.11/site-packages/apscheduler/schedulers/base.py", line 1195, in _process_jobs
    executor.submit_job(job, run_times)
  File "/Users/ahmed/Downloads/evotrade_final/venv/lib/python3.11/site-packages/apscheduler/executors/base.py", line 74, in submit_job
    self._do_submit_job(job, run_times)
  File "/Users/ahmed/Downloads/evotrade_final/venv/lib/python3.11/site-packages/apscheduler/executors/pool.py", line 27, in _do_submit_job
    f = self._pool.submit(
        ^^^^^^^^^^^^^^^^^^
  File "/opt/homebrew/Cellar/python@3.11/3.11.13/Frameworks/Python.framework/Versions/3.11/lib/python3.11/concurrent/futures/thread.py", line 167, in submit
    raise RuntimeError('cannot schedule new futures after shutdown')
RuntimeError: cannot schedule new futures after shutdown
2026-04-12 10:35:38,291 [apscheduler.scheduler] ERROR: Error submitting job "TradingEngine._trading_cycle (trigger: interval[0:00:30], next run at: 2026-04-12 09:41:58 PKT)" to executor "default"
Traceback (most recent call last):
  File "/Users/ahmed/Downloads/evotrade_final/venv/lib/python3.11/site-packages/apscheduler/schedulers/base.py", line 1195, in _process_jobs
    executor.submit_job(job, run_times)
  File "/Users/ahmed/Downloads/evotrade_final/venv/lib/python3.11/site-packages/apscheduler/executors/base.py", line 74, in submit_job
    self._do_submit_job(job, run_times)
  File "/Users/ahmed/Downloads/evotrade_final/venv/lib/python3.11/site-packages/apscheduler/executors/pool.py", line 27, in _do_submit_job
    f = self._pool.submit(
        ^^^^^^^^^^^^^^^^^^
  File "/opt/homebrew/Cellar/python@3.11/3.11.13/Frameworks/Python.framework/Versions/3.11/lib/python3.11/concurrent/futures/thread.py", line 167, in submit
    raise RuntimeError('cannot schedule new futures after shutdown')
RuntimeError: cannot schedule new futures after shutdown
2026-04-12 10:35:58,428 [apscheduler.scheduler] ERROR: Error submitting job "TradingEngine._trading_cycle (trigger: interval[0:00:30], next run at: 2026-04-12 10:35:58 PKT)" to executor "default"
Traceback (most recent call last):
  File "/Users/ahmed/Downloads/evotrade_final/venv/lib/python3.11/site-packages/apscheduler/schedulers/base.py", line 1195, in _process_jobs
    executor.submit_job(job, run_times)
  File "/Users/ahmed/Downloads/evotrade_final/venv/lib/python3.11/site-packages/apscheduler/executors/base.py", line 74, in submit_job
    self._do_submit_job(job, run_times)
  File "/Users/ahmed/Downloads/evotrade_final/venv/lib/python3.11/site-packages/apscheduler/executors/pool.py", line 27, in _do_submit_job
    f = self._pool.submit(
        ^^^^^^^^^^^^^^^^^^
  File "/opt/homebrew/Cellar/python@3.11/3.11.13/Frameworks/Python.framework/Versions/3.11/lib/python3.11/concurrent/futures/thread.py", line 167, in submit
    raise RuntimeError('cannot schedule new futures after shutdown')
RuntimeError: cannot schedule new futures after shutdown
2026-04-12 11:30:02,557 [apscheduler.scheduler] ERROR: Error submitting job "TradingEngine._trading_cycle (trigger: interval[0:00:30], next run at: 2026-04-12 10:36:28 PKT)" to executor "default"
Traceback (most recent call last):
  File "/Users/ahmed/Downloads/evotrade_final/venv/lib/python3.11/site-packages/apscheduler/schedulers/base.py", line 1195, in _process_jobs
    executor.submit_job(job, run_times)
  File "/Users/ahmed/Downloads/evotrade_final/venv/lib/python3.11/site-packages/apscheduler/executors/base.py", line 74, in submit_job
    self._do_submit_job(job, run_times)
  File "/Users/ahmed/Downloads/evotrade_final/venv/lib/python3.11/site-packages/apscheduler/executors/pool.py", line 27, in _do_submit_job
    f = self._pool.submit(
        ^^^^^^^^^^^^^^^^^^
  File "/opt/homebrew/Cellar/python@3.11/3.11.13/Frameworks/Python.framework/Versions/3.11/lib/python3.11/concurrent/futures/thread.py", line 167, in submit
    raise RuntimeError('cannot schedule new futures after shutdown')
RuntimeError: cannot schedule new futures after shutdown
2026-04-12 11:37:01,595 [apscheduler.scheduler] ERROR: Error submitting job "TradingEngine._trading_cycle (trigger: interval[0:00:30], next run at: 2026-04-12 11:30:28 PKT)" to executor "default"
Traceback (most recent call last):
  File "/Users/ahmed/Downloads/evotrade_final/venv/lib/python3.11/site-packages/apscheduler/schedulers/base.py", line 1195, in _process_jobs
    executor.submit_job(job, run_times)
  File "/Users/ahmed/Downloads/evotrade_final/venv/lib/python3.11/site-packages/apscheduler/executors/base.py", line 74, in submit_job
    self._do_submit_job(job, run_times)
  File "/Users/ahmed/Downloads/evotrade_final/venv/lib/python3.11/site-packages/apscheduler/executors/pool.py", line 27, in _do_submit_job
    f = self._pool.submit(
        ^^^^^^^^^^^^^^^^^^
  File "/opt/homebrew/Cellar/python@3.11/3.11.13/Frameworks/Python.framework/Versions/3.11/lib/python3.11/concurrent/futures/thread.py", line 167, in submit
    raise RuntimeError('cannot schedule new futures after shutdown')
RuntimeError: cannot schedule new futures after shutdown
2026-04-12 12:31:05,444 [apscheduler.scheduler] ERROR: Error submitting job "TradingEngine._trading_cycle (trigger: interval[0:00:30], next run at: 2026-04-12 11:37:28 PKT)" to executor "default"
Traceback (most recent call last):
  File "/Users/ahmed/Downloads/evotrade_final/venv/lib/python3.11/site-packages/apscheduler/schedulers/base.py", line 1195, in _process_jobs
    executor.submit_job(job, run_times)
  File "/Users/ahmed/Downloads/evotrade_final/venv/lib/python3.11/site-packages/apscheduler/executors/base.py", line 74, in submit_job
    self._do_submit_job(job, run_times)
  File "/Users/ahmed/Downloads/evotrade_final/venv/lib/python3.11/site-packages/apscheduler/executors/pool.py", line 27, in _do_submit_job
    f = self._pool.submit(
        ^^^^^^^^^^^^^^^^^^
  File "/opt/homebrew/Cellar/python@3.11/3.11.13/Frameworks/Python.framework/Versions/3.11/lib/python3.11/concurrent/futures/thread.py", line 167, in submit
    raise RuntimeError('cannot schedule new futures after shutdown')
RuntimeError: cannot schedule new futures after shutdown
2026-04-12 12:31:28,427 [apscheduler.scheduler] ERROR: Error submitting job "TradingEngine._trading_cycle (trigger: interval[0:00:30], next run at: 2026-04-12 12:31:28 PKT)" to executor "default"
Traceback (most recent call last):
  File "/Users/ahmed/Downloads/evotrade_final/venv/lib/python3.11/site-packages/apscheduler/schedulers/base.py", line 1195, in _process_jobs
    executor.submit_job(job, run_times)
  File "/Users/ahmed/Downloads/evotrade_final/venv/lib/python3.11/site-packages/apscheduler/executors/base.py", line 74, in submit_job
    self._do_submit_job(job, run_times)
  File "/Users/ahmed/Downloads/evotrade_final/venv/lib/python3.11/site-packages/apscheduler/executors/pool.py", line 27, in _do_submit_job
    f = self._pool.submit(
        ^^^^^^^^^^^^^^^^^^
  File "/opt/homebrew/Cellar/python@3.11/3.11.13/Frameworks/Python.framework/Versions/3.11/lib/python3.11/concurrent/futures/thread.py", line 167, in submit
    raise RuntimeError('cannot schedule new futures after shutdown')
RuntimeError: cannot schedule new futures after shutdown
2026-04-12 13:01:54,374 [apscheduler.scheduler] ERROR: Error submitting job "TradingEngine._trading_cycle (trigger: interval[0:00:30], next run at: 2026-04-12 12:31:58 PKT)" to executor "default"
Traceback (most recent call last):
  File "/Users/ahmed/Downloads/evotrade_final/venv/lib/python3.11/site-packages/apscheduler/schedulers/base.py", line 1195, in _process_jobs
    executor.submit_job(job, run_times)
  File "/Users/ahmed/Downloads/evotrade_final/venv/lib/python3.11/site-packages/apscheduler/executors/base.py", line 74, in submit_job
    self._do_submit_job(job, run_times)
  File "/Users/ahmed/Downloads/evotrade_final/venv/lib/python3.11/site-packages/apscheduler/executors/pool.py", line 27, in _do_submit_job
    f = self._pool.submit(
        ^^^^^^^^^^^^^^^^^^
  File "/opt/homebrew/Cellar/python@3.11/3.11.13/Frameworks/Python.framework/Versions/3.11/lib/python3.11/concurrent/futures/thread.py", line 167, in submit
    raise RuntimeError('cannot schedule new futures after shutdown')
RuntimeError: cannot schedule new futures after shutdown
2026-04-12 13:01:58,427 [apscheduler.scheduler] ERROR: Error submitting job "TradingEngine._trading_cycle (trigger: interval[0:00:30], next run at: 2026-04-12 13:01:58 PKT)" to executor "default"
Traceback (most recent call last):
  File "/Users/ahmed/Downloads/evotrade_final/venv/lib/python3.11/site-packages/apscheduler/schedulers/base.py", line 1195, in _process_jobs
    executor.submit_job(job, run_times)
  File "/Users/ahmed/Downloads/evotrade_final/venv/lib/python3.11/site-packages/apscheduler/executors/base.py", line 74, in submit_job
    self._do_submit_job(job, run_times)
  File "/Users/ahmed/Downloads/evotrade_final/venv/lib/python3.11/site-packages/apscheduler/executors/pool.py", line 27, in _do_submit_job
    f = self._pool.submit(
        ^^^^^^^^^^^^^^^^^^
  File "/opt/homebrew/Cellar/python@3.11/3.11.13/Frameworks/Python.framework/Versions/3.11/lib/python3.11/concurrent/futures/thread.py", line 167, in submit
    raise RuntimeError('cannot schedule new futures after shutdown')
RuntimeError: cannot schedule new futures after shutdown
2026-04-12 13:39:15,072 [apscheduler.scheduler] ERROR: Error submitting job "TradingEngine._trading_cycle (trigger: interval[0:00:30], next run at: 2026-04-12 13:02:28 PKT)" to executor "default"
Traceback (most recent call last):
  File "/Users/ahmed/Downloads/evotrade_final/venv/lib/python3.11/site-packages/apscheduler/schedulers/base.py", line 1195, in _process_jobs
    executor.submit_job(job, run_times)
  File "/Users/ahmed/Downloads/evotrade_final/venv/lib/python3.11/site-packages/apscheduler/executors/base.py", line 74, in submit_job
    self._do_submit_job(job, run_times)
  File "/Users/ahmed/Downloads/evotrade_final/venv/lib/python3.11/site-packages/apscheduler/executors/pool.py", line 27, in _do_submit_job
    f = self._pool.submit(
        ^^^^^^^^^^^^^^^^^^
  File "/opt/homebrew/Cellar/python@3.11/3.11.13/Frameworks/Python.framework/Versions/3.11/lib/python3.11/concurrent/futures/thread.py", line 167, in submit
    raise RuntimeError('cannot schedule new futures after shutdown')
RuntimeError: cannot schedule new futures after shutdown
2026-04-12 14:40:04,856 [apscheduler.scheduler] ERROR: Error submitting job "TradingEngine._trading_cycle (trigger: interval[0:00:30], next run at: 2026-04-12 13:39:28 PKT)" to executor "default"
Traceback (most recent call last):
  File "/Users/ahmed/Downloads/evotrade_final/venv/lib/python3.11/site-packages/apscheduler/schedulers/base.py", line 1195, in _process_jobs
    executor.submit_job(job, run_times)
  File "/Users/ahmed/Downloads/evotrade_final/venv/lib/python3.11/site-packages/apscheduler/executors/base.py", line 74, in submit_job
    self._do_submit_job(job, run_times)
  File "/Users/ahmed/Downloads/evotrade_final/venv/lib/python3.11/site-packages/apscheduler/executors/pool.py", line 27, in _do_submit_job
    f = self._pool.submit(
        ^^^^^^^^^^^^^^^^^^
  File "/opt/homebrew/Cellar/python@3.11/3.11.13/Frameworks/Python.framework/Versions/3.11/lib/python3.11/concurrent/futures/thread.py", line 167, in submit
    raise RuntimeError('cannot schedule new futures after shutdown')
RuntimeError: cannot schedule new futures after shutdown
2026-04-12 14:40:04,860 [apscheduler.scheduler] ERROR: Error submitting job "TradingEngine._evolution_cycle (trigger: interval[6:00:00], next run at: 2026-04-12 14:21:28 PKT)" to executor "default"
Traceback (most recent call last):
  File "/Users/ahmed/Downloads/evotrade_final/venv/lib/python3.11/site-packages/apscheduler/schedulers/base.py", line 1195, in _process_jobs
    executor.submit_job(job, run_times)
  File "/Users/ahmed/Downloads/evotrade_final/venv/lib/python3.11/site-packages/apscheduler/executors/base.py", line 74, in submit_job
    self._do_submit_job(job, run_times)
  File "/Users/ahmed/Downloads/evotrade_final/venv/lib/python3.11/site-packages/apscheduler/executors/pool.py", line 27, in _do_submit_job
    f = self._pool.submit(
        ^^^^^^^^^^^^^^^^^^
  File "/opt/homebrew/Cellar/python@3.11/3.11.13/Frameworks/Python.framework/Versions/3.11/lib/python3.11/concurrent/futures/thread.py", line 167, in submit
    raise RuntimeError('cannot schedule new futures after shutdown')
RuntimeError: cannot schedule new futures after shutdown
2026-04-12 15:13:57,459 [apscheduler.scheduler] ERROR: Error submitting job "TradingEngine._trading_cycle (trigger: interval[0:00:30], next run at: 2026-04-12 14:40:28 PKT)" to executor "default"
Traceback (most recent call last):
  File "/Users/ahmed/Downloads/evotrade_final/venv/lib/python3.11/site-packages/apscheduler/schedulers/base.py", line 1195, in _process_jobs
    executor.submit_job(job, run_times)
  File "/Users/ahmed/Downloads/evotrade_final/venv/lib/python3.11/site-packages/apscheduler/executors/base.py", line 74, in submit_job
    self._do_submit_job(job, run_times)
  File "/Users/ahmed/Downloads/evotrade_final/venv/lib/python3.11/site-packages/apscheduler/executors/pool.py", line 27, in _do_submit_job
    f = self._pool.submit(
        ^^^^^^^^^^^^^^^^^^
  File "/opt/homebrew/Cellar/python@3.11/3.11.13/Frameworks/Python.framework/Versions/3.11/lib/python3.11/concurrent/futures/thread.py", line 167, in submit
    raise RuntimeError('cannot schedule new futures after shutdown')
RuntimeError: cannot schedule new futures after shutdown
2026-04-12 15:13:58,424 [apscheduler.scheduler] ERROR: Error submitting job "TradingEngine._trading_cycle (trigger: interval[0:00:30], next run at: 2026-04-12 15:13:58 PKT)" to executor "default"
Traceback (most recent call last):
  File "/Users/ahmed/Downloads/evotrade_final/venv/lib/python3.11/site-packages/apscheduler/schedulers/base.py", line 1195, in _process_jobs
    executor.submit_job(job, run_times)
  File "/Users/ahmed/Downloads/evotrade_final/venv/lib/python3.11/site-packages/apscheduler/executors/base.py", line 74, in submit_job
    self._do_submit_job(job, run_times)
  File "/Users/ahmed/Downloads/evotrade_final/venv/lib/python3.11/site-packages/apscheduler/executors/pool.py", line 27, in _do_submit_job
    f = self._pool.submit(
        ^^^^^^^^^^^^^^^^^^
  File "/opt/homebrew/Cellar/python@3.11/3.11.13/Frameworks/Python.framework/Versions/3.11/lib/python3.11/concurrent/futures/thread.py", line 167, in submit
    raise RuntimeError('cannot schedule new futures after shutdown')
RuntimeError: cannot schedule new futures after shutdown
2026-04-12 15:41:04,636 [apscheduler.scheduler] ERROR: Error submitting job "TradingEngine._trading_cycle (trigger: interval[0:00:30], next run at: 2026-04-12 15:14:28 PKT)" to executor "default"
Traceback (most recent call last):
  File "/Users/ahmed/Downloads/evotrade_final/venv/lib/python3.11/site-packages/apscheduler/schedulers/base.py", line 1195, in _process_jobs
    executor.submit_job(job, run_times)
  File "/Users/ahmed/Downloads/evotrade_final/venv/lib/python3.11/site-packages/apscheduler/executors/base.py", line 74, in submit_job
    self._do_submit_job(job, run_times)
  File "/Users/ahmed/Downloads/evotrade_final/venv/lib/python3.11/site-packages/apscheduler/executors/pool.py", line 27, in _do_submit_job
    f = self._pool.submit(
        ^^^^^^^^^^^^^^^^^^
  File "/opt/homebrew/Cellar/python@3.11/3.11.13/Frameworks/Python.framework/Versions/3.11/lib/python3.11/concurrent/futures/thread.py", line 167, in submit
    raise RuntimeError('cannot schedule new futures after shutdown')
RuntimeError: cannot schedule new futures after shutdown
2026-04-12 16:35:08,651 [apscheduler.scheduler] ERROR: Error submitting job "TradingEngine._trading_cycle (trigger: interval[0:00:30], next run at: 2026-04-12 15:41:28 PKT)" to executor "default"
Traceback (most recent call last):
  File "/Users/ahmed/Downloads/evotrade_final/venv/lib/python3.11/site-packages/apscheduler/schedulers/base.py", line 1195, in _process_jobs
    executor.submit_job(job, run_times)
  File "/Users/ahmed/Downloads/evotrade_final/venv/lib/python3.11/site-packages/apscheduler/executors/base.py", line 74, in submit_job
    self._do_submit_job(job, run_times)
  File "/Users/ahmed/Downloads/evotrade_final/venv/lib/python3.11/site-packages/apscheduler/executors/pool.py", line 27, in _do_submit_job
    f = self._pool.submit(
        ^^^^^^^^^^^^^^^^^^
  File "/opt/homebrew/Cellar/python@3.11/3.11.13/Frameworks/Python.framework/Versions/3.11/lib/python3.11/concurrent/futures/thread.py", line 167, in submit
    raise RuntimeError('cannot schedule new futures after shutdown')
RuntimeError: cannot schedule new futures after shutdown
2026-04-12 16:42:04,979 [apscheduler.scheduler] ERROR: Error submitting job "TradingEngine._trading_cycle (trigger: interval[0:00:30], next run at: 2026-04-12 16:35:28 PKT)" to executor "default"
Traceback (most recent call last):
  File "/Users/ahmed/Downloads/evotrade_final/venv/lib/python3.11/site-packages/apscheduler/schedulers/base.py", line 1195, in _process_jobs
    executor.submit_job(job, run_times)
  File "/Users/ahmed/Downloads/evotrade_final/venv/lib/python3.11/site-packages/apscheduler/executors/base.py", line 74, in submit_job
    self._do_submit_job(job, run_times)
  File "/Users/ahmed/Downloads/evotrade_final/venv/lib/python3.11/site-packages/apscheduler/executors/pool.py", line 27, in _do_submit_job
    f = self._pool.submit(
        ^^^^^^^^^^^^^^^^^^
  File "/opt/homebrew/Cellar/python@3.11/3.11.13/Frameworks/Python.framework/Versions/3.11/lib/python3.11/concurrent/futures/thread.py", line 167, in submit
    raise RuntimeError('cannot schedule new futures after shutdown')
RuntimeError: cannot schedule new futures after shutdown
2026-04-12 16:53:09,312 [apscheduler.scheduler] ERROR: Error submitting job "TradingEngine._trading_cycle (trigger: interval[0:00:30], next run at: 2026-04-12 16:42:28 PKT)" to executor "default"
Traceback (most recent call last):
  File "/Users/ahmed/Downloads/evotrade_final/venv/lib/python3.11/site-packages/apscheduler/schedulers/base.py", line 1195, in _process_jobs
    executor.submit_job(job, run_times)
  File "/Users/ahmed/Downloads/evotrade_final/venv/lib/python3.11/site-packages/apscheduler/executors/base.py", line 74, in submit_job
    self._do_submit_job(job, run_times)
  File "/Users/ahmed/Downloads/evotrade_final/venv/lib/python3.11/site-packages/apscheduler/executors/pool.py", line 27, in _do_submit_job
    f = self._pool.submit(
        ^^^^^^^^^^^^^^^^^^
  File "/opt/homebrew/Cellar/python@3.11/3.11.13/Frameworks/Python.framework/Versions/3.11/lib/python3.11/concurrent/futures/thread.py", line 167, in submit
    raise RuntimeError('cannot schedule new futures after shutdown')
RuntimeError: cannot schedule new futures after shutdown
2026-04-12 16:53:30,846 [apscheduler.scheduler] ERROR: Error submitting job "TradingEngine._trading_cycle (trigger: interval[0:00:30], next run at: 2026-04-12 16:53:28 PKT)" to executor "default"
Traceback (most recent call last):
  File "/Users/ahmed/Downloads/evotrade_final/venv/lib/python3.11/site-packages/apscheduler/schedulers/base.py", line 1195, in _process_jobs
    executor.submit_job(job, run_times)
  File "/Users/ahmed/Downloads/evotrade_final/venv/lib/python3.11/site-packages/apscheduler/executors/base.py", line 74, in submit_job
    self._do_submit_job(job, run_times)
  File "/Users/ahmed/Downloads/evotrade_final/venv/lib/python3.11/site-packages/apscheduler/executors/pool.py", line 27, in _do_submit_job
    f = self._pool.submit(
        ^^^^^^^^^^^^^^^^^^
  File "/opt/homebrew/Cellar/python@3.11/3.11.13/Frameworks/Python.framework/Versions/3.11/lib/python3.11/concurrent/futures/thread.py", line 167, in submit
    raise RuntimeError('cannot schedule new futures after shutdown')
RuntimeError: cannot schedule new futures after shutdown
2026-04-12 16:53:58,655 [apscheduler.scheduler] ERROR: Error submitting job "TradingEngine._trading_cycle (trigger: interval[0:00:30], next run at: 2026-04-12 16:53:58 PKT)" to executor "default"
Traceback (most recent call last):
  File "/Users/ahmed/Downloads/evotrade_final/venv/lib/python3.11/site-packages/apscheduler/schedulers/base.py", line 1195, in _process_jobs
    executor.submit_job(job, run_times)
  File "/Users/ahmed/Downloads/evotrade_final/venv/lib/python3.11/site-packages/apscheduler/executors/base.py", line 74, in submit_job
    self._do_submit_job(job, run_times)
  File "/Users/ahmed/Downloads/evotrade_final/venv/lib/python3.11/site-packages/apscheduler/executors/pool.py", line 27, in _do_submit_job
    f = self._pool.submit(
        ^^^^^^^^^^^^^^^^^^
  File "/opt/homebrew/Cellar/python@3.11/3.11.13/Frameworks/Python.framework/Versions/3.11/lib/python3.11/concurrent/futures/thread.py", line 167, in submit
    raise RuntimeError('cannot schedule new futures after shutdown')
RuntimeError: cannot schedule new futures after shutdown
2026-04-12 16:54:28,427 [apscheduler.scheduler] ERROR: Error submitting job "TradingEngine._trading_cycle (trigger: interval[0:00:30], next run at: 2026-04-12 16:54:28 PKT)" to executor "default"
Traceback (most recent call last):
  File "/Users/ahmed/Downloads/evotrade_final/venv/lib/python3.11/site-packages/apscheduler/schedulers/base.py", line 1195, in _process_jobs
    executor.submit_job(job, run_times)
  File "/Users/ahmed/Downloads/evotrade_final/venv/lib/python3.11/site-packages/apscheduler/executors/base.py", line 74, in submit_job
    self._do_submit_job(job, run_times)
  File "/Users/ahmed/Downloads/evotrade_final/venv/lib/python3.11/site-packages/apscheduler/executors/pool.py", line 27, in _do_submit_job
    f = self._pool.submit(
        ^^^^^^^^^^^^^^^^^^
  File "/opt/homebrew/Cellar/python@3.11/3.11.13/Frameworks/Python.framework/Versions/3.11/lib/python3.11/concurrent/futures/thread.py", line 167, in submit
    raise RuntimeError('cannot schedule new futures after shutdown')
RuntimeError: cannot schedule new futures after shutdown
2026-04-12 16:57:50,804 [apscheduler.scheduler] ERROR: Error submitting job "TradingEngine._trading_cycle (trigger: interval[0:00:30], next run at: 2026-04-12 16:54:58 PKT)" to executor "default"
Traceback (most recent call last):
  File "/Users/ahmed/Downloads/evotrade_final/venv/lib/python3.11/site-packages/apscheduler/schedulers/base.py", line 1195, in _process_jobs
    executor.submit_job(job, run_times)
  File "/Users/ahmed/Downloads/evotrade_final/venv/lib/python3.11/site-packages/apscheduler/executors/base.py", line 74, in submit_job
    self._do_submit_job(job, run_times)
  File "/Users/ahmed/Downloads/evotrade_final/venv/lib/python3.11/site-packages/apscheduler/executors/pool.py", line 27, in _do_submit_job
    f = self._pool.submit(
        ^^^^^^^^^^^^^^^^^^
  File "/opt/homebrew/Cellar/python@3.11/3.11.13/Frameworks/Python.framework/Versions/3.11/lib/python3.11/concurrent/futures/thread.py", line 167, in submit
    raise RuntimeError('cannot schedule new futures after shutdown')
RuntimeError: cannot schedule new futures after shutdown
2026-04-12 16:57:58,419 [apscheduler.scheduler] ERROR: Error submitting job "TradingEngine._trading_cycle (trigger: interval[0:00:30], next run at: 2026-04-12 16:57:58 PKT)" to executor "default"
Traceback (most recent call last):
  File "/Users/ahmed/Downloads/evotrade_final/venv/lib/python3.11/site-packages/apscheduler/schedulers/base.py", line 1195, in _process_jobs
    executor.submit_job(job, run_times)
  File "/Users/ahmed/Downloads/evotrade_final/venv/lib/python3.11/site-packages/apscheduler/executors/base.py", line 74, in submit_job
    self._do_submit_job(job, run_times)
  File "/Users/ahmed/Downloads/evotrade_final/venv/lib/python3.11/site-packages/apscheduler/executors/pool.py", line 27, in _do_submit_job
    f = self._pool.submit(
        ^^^^^^^^^^^^^^^^^^
  File "/opt/homebrew/Cellar/python@3.11/3.11.13/Frameworks/Python.framework/Versions/3.11/lib/python3.11/concurrent/futures/thread.py", line 167, in submit
    raise RuntimeError('cannot schedule new futures after shutdown')
RuntimeError: cannot schedule new futures after shutdown
2026-04-12 17:00:16,055 [apscheduler.scheduler] ERROR: Error submitting job "TradingEngine._trading_cycle (trigger: interval[0:00:30], next run at: 2026-04-12 16:58:28 PKT)" to executor "default"
Traceback (most recent call last):
  File "/Users/ahmed/Downloads/evotrade_final/venv/lib/python3.11/site-packages/apscheduler/schedulers/base.py", line 1195, in _process_jobs
    executor.submit_job(job, run_times)
  File "/Users/ahmed/Downloads/evotrade_final/venv/lib/python3.11/site-packages/apscheduler/executors/base.py", line 74, in submit_job
    self._do_submit_job(job, run_times)
  File "/Users/ahmed/Downloads/evotrade_final/venv/lib/python3.11/site-packages/apscheduler/executors/pool.py", line 27, in _do_submit_job
    f = self._pool.submit(
        ^^^^^^^^^^^^^^^^^^
  File "/opt/homebrew/Cellar/python@3.11/3.11.13/Frameworks/Python.framework/Versions/3.11/lib/python3.11/concurrent/futures/thread.py", line 167, in submit
    raise RuntimeError('cannot schedule new futures after shutdown')
RuntimeError: cannot schedule new futures after shutdown
2026-04-12 17:00:28,428 [apscheduler.scheduler] ERROR: Error submitting job "TradingEngine._trading_cycle (trigger: interval[0:00:30], next run at: 2026-04-12 17:00:28 PKT)" to executor "default"
Traceback (most recent call last):
  File "/Users/ahmed/Downloads/evotrade_final/venv/lib/python3.11/site-packages/apscheduler/schedulers/base.py", line 1195, in _process_jobs
    executor.submit_job(job, run_times)
  File "/Users/ahmed/Downloads/evotrade_final/venv/lib/python3.11/site-packages/apscheduler/executors/base.py", line 74, in submit_job
    self._do_submit_job(job, run_times)
  File "/Users/ahmed/Downloads/evotrade_final/venv/lib/python3.11/site-packages/apscheduler/executors/pool.py", line 27, in _do_submit_job
    f = self._pool.submit(
        ^^^^^^^^^^^^^^^^^^
  File "/opt/homebrew/Cellar/python@3.11/3.11.13/Frameworks/Python.framework/Versions/3.11/lib/python3.11/concurrent/futures/thread.py", line 167, in submit
    raise RuntimeError('cannot schedule new futures after shutdown')
RuntimeError: cannot schedule new futures after shutdown
2026-04-12 17:02:08,540 [apscheduler.scheduler] ERROR: Error submitting job "TradingEngine._trading_cycle (trigger: interval[0:00:30], next run at: 2026-04-12 17:00:58 PKT)" to executor "default"
Traceback (most recent call last):
  File "/Users/ahmed/Downloads/evotrade_final/venv/lib/python3.11/site-packages/apscheduler/schedulers/base.py", line 1195, in _process_jobs
    executor.submit_job(job, run_times)
  File "/Users/ahmed/Downloads/evotrade_final/venv/lib/python3.11/site-packages/apscheduler/executors/base.py", line 74, in submit_job
    self._do_submit_job(job, run_times)
  File "/Users/ahmed/Downloads/evotrade_final/venv/lib/python3.11/site-packages/apscheduler/executors/pool.py", line 27, in _do_submit_job
    f = self._pool.submit(
        ^^^^^^^^^^^^^^^^^^
  File "/opt/homebrew/Cellar/python@3.11/3.11.13/Frameworks/Python.framework/Versions/3.11/lib/python3.11/concurrent/futures/thread.py", line 167, in submit
    raise RuntimeError('cannot schedule new futures after shutdown')
RuntimeError: cannot schedule new futures after shutdown
2026-04-12 17:02:28,426 [apscheduler.scheduler] ERROR: Error submitting job "TradingEngine._trading_cycle (trigger: interval[0:00:30], next run at: 2026-04-12 17:02:28 PKT)" to executor "default"
Traceback (most recent call last):
  File "/Users/ahmed/Downloads/evotrade_final/venv/lib/python3.11/site-packages/apscheduler/schedulers/base.py", line 1195, in _process_jobs
    executor.submit_job(job, run_times)
  File "/Users/ahmed/Downloads/evotrade_final/venv/lib/python3.11/site-packages/apscheduler/executors/base.py", line 74, in submit_job
    self._do_submit_job(job, run_times)
  File "/Users/ahmed/Downloads/evotrade_final/venv/lib/python3.11/site-packages/apscheduler/executors/pool.py", line 27, in _do_submit_job
    f = self._pool.submit(
        ^^^^^^^^^^^^^^^^^^
  File "/opt/homebrew/Cellar/python@3.11/3.11.13/Frameworks/Python.framework/Versions/3.11/lib/python3.11/concurrent/futures/thread.py", line 167, in submit
    raise RuntimeError('cannot schedule new futures after shutdown')
RuntimeError: cannot schedule new futures after shutdown
2026-04-12 17:10:47,380 [apscheduler.scheduler] ERROR: Error submitting job "TradingEngine._trading_cycle (trigger: interval[0:00:30], next run at: 2026-04-12 17:02:58 PKT)" to executor "default"
Traceback (most recent call last):
  File "/Users/ahmed/Downloads/evotrade_final/venv/lib/python3.11/site-packages/apscheduler/schedulers/base.py", line 1195, in _process_jobs
    executor.submit_job(job, run_times)
  File "/Users/ahmed/Downloads/evotrade_final/venv/lib/python3.11/site-packages/apscheduler/executors/base.py", line 74, in submit_job
    self._do_submit_job(job, run_times)
  File "/Users/ahmed/Downloads/evotrade_final/venv/lib/python3.11/site-packages/apscheduler/executors/pool.py", line 27, in _do_submit_job
    f = self._pool.submit(
        ^^^^^^^^^^^^^^^^^^
  File "/opt/homebrew/Cellar/python@3.11/3.11.13/Frameworks/Python.framework/Versions/3.11/lib/python3.11/concurrent/futures/thread.py", line 167, in submit
    raise RuntimeError('cannot schedule new futures after shutdown')
RuntimeError: cannot schedule new futures after shutdown
2026-04-12 17:10:58,419 [apscheduler.scheduler] ERROR: Error submitting job "TradingEngine._trading_cycle (trigger: interval[0:00:30], next run at: 2026-04-12 17:10:58 PKT)" to executor "default"
Traceback (most recent call last):
  File "/Users/ahmed/Downloads/evotrade_final/venv/lib/python3.11/site-packages/apscheduler/schedulers/base.py", line 1195, in _process_jobs
    executor.submit_job(job, run_times)
  File "/Users/ahmed/Downloads/evotrade_final/venv/lib/python3.11/site-packages/apscheduler/executors/base.py", line 74, in submit_job
    self._do_submit_job(job, run_times)
  File "/Users/ahmed/Downloads/evotrade_final/venv/lib/python3.11/site-packages/apscheduler/executors/pool.py", line 27, in _do_submit_job
    f = self._pool.submit(
        ^^^^^^^^^^^^^^^^^^
  File "/opt/homebrew/Cellar/python@3.11/3.11.13/Frameworks/Python.framework/Versions/3.11/lib/python3.11/concurrent/futures/thread.py", line 167, in submit
    raise RuntimeError('cannot schedule new futures after shutdown')
RuntimeError: cannot schedule new futures after shutdown
2026-04-12 17:11:28,428 [apscheduler.scheduler] ERROR: Error submitting job "TradingEngine._trading_cycle (trigger: interval[0:00:30], next run at: 2026-04-12 17:11:28 PKT)" to executor "default"
Traceback (most recent call last):
  File "/Users/ahmed/Downloads/evotrade_final/venv/lib/python3.11/site-packages/apscheduler/schedulers/base.py", line 1195, in _process_jobs
    executor.submit_job(job, run_times)
  File "/Users/ahmed/Downloads/evotrade_final/venv/lib/python3.11/site-packages/apscheduler/executors/base.py", line 74, in submit_job
    self._do_submit_job(job, run_times)
  File "/Users/ahmed/Downloads/evotrade_final/venv/lib/python3.11/site-packages/apscheduler/executors/pool.py", line 27, in _do_submit_job
    f = self._pool.submit(
        ^^^^^^^^^^^^^^^^^^
  File "/opt/homebrew/Cellar/python@3.11/3.11.13/Frameworks/Python.framework/Versions/3.11/lib/python3.11/concurrent/futures/thread.py", line 167, in submit
    raise RuntimeError('cannot schedule new futures after shutdown')
RuntimeError: cannot schedule new futures after shutdown
2026-04-12 17:11:58,419 [apscheduler.scheduler] ERROR: Error submitting job "TradingEngine._trading_cycle (trigger: interval[0:00:30], next run at: 2026-04-12 17:11:58 PKT)" to executor "default"
Traceback (most recent call last):
  File "/Users/ahmed/Downloads/evotrade_final/venv/lib/python3.11/site-packages/apscheduler/schedulers/base.py", line 1195, in _process_jobs
    executor.submit_job(job, run_times)
  File "/Users/ahmed/Downloads/evotrade_final/venv/lib/python3.11/site-packages/apscheduler/executors/base.py", line 74, in submit_job
    self._do_submit_job(job, run_times)
  File "/Users/ahmed/Downloads/evotrade_final/venv/lib/python3.11/site-packages/apscheduler/executors/pool.py", line 27, in _do_submit_job
    f = self._pool.submit(
        ^^^^^^^^^^^^^^^^^^
  File "/opt/homebrew/Cellar/python@3.11/3.11.13/Frameworks/Python.framework/Versions/3.11/lib/python3.11/concurrent/futures/thread.py", line 167, in submit
    raise RuntimeError('cannot schedule new futures after shutdown')
RuntimeError: cannot schedule new futures after shutdown
2026-04-12 17:12:28,420 [apscheduler.scheduler] ERROR: Error submitting job "TradingEngine._trading_cycle (trigger: interval[0:00:30], next run at: 2026-04-12 17:12:28 PKT)" to executor "default"
Traceback (most recent call last):
  File "/Users/ahmed/Downloads/evotrade_final/venv/lib/python3.11/site-packages/apscheduler/schedulers/base.py", line 1195, in _process_jobs
    executor.submit_job(job, run_times)
  File "/Users/ahmed/Downloads/evotrade_final/venv/lib/python3.11/site-packages/apscheduler/executors/base.py", line 74, in submit_job
    self._do_submit_job(job, run_times)
  File "/Users/ahmed/Downloads/evotrade_final/venv/lib/python3.11/site-packages/apscheduler/executors/pool.py", line 27, in _do_submit_job
    f = self._pool.submit(
        ^^^^^^^^^^^^^^^^^^
  File "/opt/homebrew/Cellar/python@3.11/3.11.13/Frameworks/Python.framework/Versions/3.11/lib/python3.11/concurrent/futures/thread.py", line 167, in submit
    raise RuntimeError('cannot schedule new futures after shutdown')
RuntimeError: cannot schedule new futures after shutdown
2026-04-13 02:39:36,103 [evotrade.main] INFO: EvoTrade AI FastAPI started ✅
2026-04-13 02:40:25,610 [apscheduler.scheduler] INFO: Adding job tentatively -- it will be properly scheduled when the scheduler starts
2026-04-13 02:40:25,611 [apscheduler.scheduler] INFO: Adding job tentatively -- it will be properly scheduled when the scheduler starts
2026-04-13 02:40:25,615 [apscheduler.scheduler] INFO: Added job "TradingEngine._trading_cycle" to job store "default"
2026-04-13 02:40:25,616 [apscheduler.scheduler] INFO: Added job "TradingEngine._evolution_cycle" to job store "default"
2026-04-13 02:40:25,616 [apscheduler.scheduler] INFO: Scheduler started
2026-04-13 02:40:55,616 [apscheduler.executors.default] INFO: Running job "TradingEngine._trading_cycle (trigger: interval[0:00:30], next run at: 2026-04-13 02:41:25 PKT)" (scheduled at 2026-04-13 02:40:55.608488+05:00)
2026-04-13 02:40:59,252 [apscheduler.executors.default] INFO: Job "TradingEngine._trading_cycle (trigger: interval[0:00:30], next run at: 2026-04-13 02:41:25 PKT)" executed successfully
2026-04-13 02:44:05,572 [evotrade.main] INFO: EvoTrade AI FastAPI started ✅
2026-04-13 02:45:37,063 [evotrade.main] INFO: EvoTrade AI FastAPI started ✅
2026-04-13 02:46:33,175 [apscheduler.scheduler] INFO: Adding job tentatively -- it will be properly scheduled when the scheduler starts
2026-04-13 02:46:33,179 [apscheduler.scheduler] INFO: Adding job tentatively -- it will be properly scheduled when the scheduler starts
2026-04-13 02:46:33,183 [apscheduler.scheduler] INFO: Added job "TradingEngine._trading_cycle" to job store "default"
2026-04-13 02:46:33,183 [apscheduler.scheduler] INFO: Added job "TradingEngine._evolution_cycle" to job store "default"
2026-04-13 02:46:33,184 [apscheduler.scheduler] INFO: Scheduler started
2026-04-13 02:47:03,176 [apscheduler.executors.default] INFO: Running job "TradingEngine._trading_cycle (trigger: interval[0:00:30], next run at: 2026-04-13 02:47:33 PKT)" (scheduled at 2026-04-13 02:47:03.167420+05:00)
2026-04-13 02:47:07,096 [apscheduler.executors.default] INFO: Job "TradingEngine._trading_cycle (trigger: interval[0:00:30], next run at: 2026-04-13 02:47:33 PKT)" executed successfully
2026-04-13 02:47:33,175 [apscheduler.executors.default] INFO: Running job "TradingEngine._trading_cycle (trigger: interval[0:00:30], next run at: 2026-04-13 02:48:03 PKT)" (scheduled at 2026-04-13 02:47:33.167420+05:00)
2026-04-13 02:47:37,364 [apscheduler.executors.default] INFO: Job "TradingEngine._trading_cycle (trigger: interval[0:00:30], next run at: 2026-04-13 02:48:03 PKT)" executed successfully
2026-04-13 02:48:03,181 [apscheduler.executors.default] INFO: Running job "TradingEngine._trading_cycle (trigger: interval[0:00:30], next run at: 2026-04-13 02:48:33 PKT)" (scheduled at 2026-04-13 02:48:03.167420+05:00)
2026-04-13 02:48:06,994 [apscheduler.executors.default] INFO: Job "TradingEngine._trading_cycle (trigger: interval[0:00:30], next run at: 2026-04-13 02:48:33 PKT)" executed successfully
2026-04-13 02:49:47,748 [evotrade.main] INFO: EvoTrade AI FastAPI started ✅
2026-04-13 02:50:04,364 [apscheduler.scheduler] INFO: Adding job tentatively -- it will be properly scheduled when the scheduler starts
2026-04-13 02:50:04,366 [apscheduler.scheduler] INFO: Adding job tentatively -- it will be properly scheduled when the scheduler starts
2026-04-13 02:50:04,373 [apscheduler.scheduler] INFO: Added job "TradingEngine._trading_cycle" to job store "default"
2026-04-13 02:50:04,373 [apscheduler.scheduler] INFO: Added job "TradingEngine._evolution_cycle" to job store "default"
2026-04-13 02:50:04,373 [apscheduler.scheduler] INFO: Scheduler started
2026-04-13 02:50:34,372 [apscheduler.executors.default] INFO: Running job "TradingEngine._trading_cycle (trigger: interval[0:00:30], next run at: 2026-04-13 02:51:04 PKT)" (scheduled at 2026-04-13 02:50:34.363524+05:00)
2026-04-13 02:50:38,133 [apscheduler.executors.default] INFO: Job "TradingEngine._trading_cycle (trigger: interval[0:00:30], next run at: 2026-04-13 02:51:04 PKT)" executed successfully
2026-04-13 02:51:04,383 [apscheduler.executors.default] INFO: Running job "TradingEngine._trading_cycle (trigger: interval[0:00:30], next run at: 2026-04-13 02:51:34 PKT)" (scheduled at 2026-04-13 02:51:04.363524+05:00)
2026-04-13 02:51:08,622 [apscheduler.executors.default] INFO: Job "TradingEngine._trading_cycle (trigger: interval[0:00:30], next run at: 2026-04-13 02:51:34 PKT)" executed successfully
2026-04-13 02:51:34,369 [apscheduler.executors.default] INFO: Running job "TradingEngine._trading_cycle (trigger: interval[0:00:30], next run at: 2026-04-13 02:52:04 PKT)" (scheduled at 2026-04-13 02:51:34.363524+05:00)
2026-04-13 02:51:39,687 [apscheduler.executors.default] INFO: Job "TradingEngine._trading_cycle (trigger: interval[0:00:30], next run at: 2026-04-13 02:52:04 PKT)" executed successfully
2026-04-13 02:52:04,371 [apscheduler.executors.default] INFO: Running job "TradingEngine._trading_cycle (trigger: interval[0:00:30], next run at: 2026-04-13 02:52:34 PKT)" (scheduled at 2026-04-13 02:52:04.363524+05:00)
2026-04-13 02:52:08,344 [apscheduler.executors.default] INFO: Job "TradingEngine._trading_cycle (trigger: interval[0:00:30], next run at: 2026-04-13 02:52:34 PKT)" executed successfully
2026-04-13 02:52:34,384 [apscheduler.executors.default] INFO: Running job "TradingEngine._trading_cycle (trigger: interval[0:00:30], next run at: 2026-04-13 02:53:04 PKT)" (scheduled at 2026-04-13 02:52:34.363524+05:00)
2026-04-13 02:52:38,031 [apscheduler.executors.default] INFO: Job "TradingEngine._trading_cycle (trigger: interval[0:00:30], next run at: 2026-04-13 02:53:04 PKT)" executed successfully
2026-04-13 02:53:04,377 [apscheduler.executors.default] INFO: Running job "TradingEngine._trading_cycle (trigger: interval[0:00:30], next run at: 2026-04-13 02:53:34 PKT)" (scheduled at 2026-04-13 02:53:04.363524+05:00)
2026-04-13 02:53:10,005 [apscheduler.executors.default] INFO: Job "TradingEngine._trading_cycle (trigger: interval[0:00:30], next run at: 2026-04-13 02:53:34 PKT)" executed successfully
2026-04-13 02:53:34,378 [apscheduler.executors.default] INFO: Running job "TradingEngine._trading_cycle (trigger: interval[0:00:30], next run at: 2026-04-13 02:54:04 PKT)" (scheduled at 2026-04-13 02:53:34.363524+05:00)
2026-04-13 02:53:38,237 [apscheduler.executors.default] INFO: Job "TradingEngine._trading_cycle (trigger: interval[0:00:30], next run at: 2026-04-13 02:54:04 PKT)" executed successfully
2026-04-13 02:54:04,376 [apscheduler.executors.default] INFO: Running job "TradingEngine._trading_cycle (trigger: interval[0:00:30], next run at: 2026-04-13 02:54:34 PKT)" (scheduled at 2026-04-13 02:54:04.363524+05:00)
2026-04-13 02:54:08,571 [apscheduler.executors.default] INFO: Job "TradingEngine._trading_cycle (trigger: interval[0:00:30], next run at: 2026-04-13 02:54:34 PKT)" executed successfully
2026-04-13 02:54:34,367 [apscheduler.executors.default] INFO: Running job "TradingEngine._trading_cycle (trigger: interval[0:00:30], next run at: 2026-04-13 02:55:04 PKT)" (scheduled at 2026-04-13 02:54:34.363524+05:00)
2026-04-13 02:54:38,366 [apscheduler.executors.default] INFO: Job "TradingEngine._trading_cycle (trigger: interval[0:00:30], next run at: 2026-04-13 02:55:04 PKT)" executed successfully
2026-04-13 02:55:04,370 [apscheduler.executors.default] INFO: Running job "TradingEngine._trading_cycle (trigger: interval[0:00:30], next run at: 2026-04-13 02:55:34 PKT)" (scheduled at 2026-04-13 02:55:04.363524+05:00)
2026-04-13 02:55:08,420 [apscheduler.executors.default] INFO: Job "TradingEngine._trading_cycle (trigger: interval[0:00:30], next run at: 2026-04-13 02:55:34 PKT)" executed successfully
2026-04-13 02:55:34,368 [apscheduler.executors.default] INFO: Running job "TradingEngine._trading_cycle (trigger: interval[0:00:30], next run at: 2026-04-13 02:56:04 PKT)" (scheduled at 2026-04-13 02:55:34.363524+05:00)
2026-04-13 02:55:38,029 [apscheduler.executors.default] INFO: Job "TradingEngine._trading_cycle (trigger: interval[0:00:30], next run at: 2026-04-13 02:56:04 PKT)" executed successfully
2026-04-13 02:56:01,785 [evotrade.main] INFO: EvoTrade AI FastAPI started ✅
2026-04-13 02:56:20,150 [apscheduler.scheduler] INFO: Adding job tentatively -- it will be properly scheduled when the scheduler starts
2026-04-13 02:56:20,151 [apscheduler.scheduler] INFO: Adding job tentatively -- it will be properly scheduled when the scheduler starts
2026-04-13 02:56:20,154 [apscheduler.scheduler] INFO: Added job "TradingEngine._trading_cycle" to job store "default"
2026-04-13 02:56:20,154 [apscheduler.scheduler] INFO: Added job "TradingEngine._evolution_cycle" to job store "default"
2026-04-13 02:56:20,154 [apscheduler.scheduler] INFO: Scheduler started
2026-04-13 02:56:50,153 [apscheduler.executors.default] INFO: Running job "TradingEngine._trading_cycle (trigger: interval[0:00:30], next run at: 2026-04-13 02:57:20 PKT)" (scheduled at 2026-04-13 02:56:50.148954+05:00)
2026-04-13 02:56:54,200 [apscheduler.executors.default] INFO: Job "TradingEngine._trading_cycle (trigger: interval[0:00:30], next run at: 2026-04-13 02:57:20 PKT)" executed successfully
2026-04-13 02:57:20,152 [apscheduler.executors.default] INFO: Running job "TradingEngine._trading_cycle (trigger: interval[0:00:30], next run at: 2026-04-13 02:57:50 PKT)" (scheduled at 2026-04-13 02:57:20.148954+05:00)
2026-04-13 02:57:24,322 [apscheduler.executors.default] INFO: Job "TradingEngine._trading_cycle (trigger: interval[0:00:30], next run at: 2026-04-13 02:57:50 PKT)" executed successfully
2026-04-13 02:57:50,155 [apscheduler.executors.default] INFO: Running job "TradingEngine._trading_cycle (trigger: interval[0:00:30], next run at: 2026-04-13 02:58:20 PKT)" (scheduled at 2026-04-13 02:57:50.148954+05:00)
2026-04-13 02:57:55,255 [apscheduler.executors.default] INFO: Job "TradingEngine._trading_cycle (trigger: interval[0:00:30], next run at: 2026-04-13 02:58:20 PKT)" executed successfully
2026-04-13 02:58:20,174 [apscheduler.executors.default] INFO: Running job "TradingEngine._trading_cycle (trigger: interval[0:00:30], next run at: 2026-04-13 02:58:50 PKT)" (scheduled at 2026-04-13 02:58:20.148954+05:00)
2026-04-13 02:58:27,581 [apscheduler.executors.default] INFO: Job "TradingEngine._trading_cycle (trigger: interval[0:00:30], next run at: 2026-04-13 02:58:50 PKT)" executed successfully
2026-04-13 02:58:50,158 [apscheduler.executors.default] INFO: Running job "TradingEngine._trading_cycle (trigger: interval[0:00:30], next run at: 2026-04-13 02:59:20 PKT)" (scheduled at 2026-04-13 02:58:50.148954+05:00)
2026-04-13 02:58:53,457 [apscheduler.executors.default] INFO: Job "TradingEngine._trading_cycle (trigger: interval[0:00:30], next run at: 2026-04-13 02:59:20 PKT)" executed successfully
2026-04-13 02:59:20,163 [apscheduler.executors.default] INFO: Running job "TradingEngine._trading_cycle (trigger: interval[0:00:30], next run at: 2026-04-13 02:59:50 PKT)" (scheduled at 2026-04-13 02:59:20.148954+05:00)
2026-04-13 02:59:28,318 [apscheduler.executors.default] INFO: Job "TradingEngine._trading_cycle (trigger: interval[0:00:30], next run at: 2026-04-13 02:59:50 PKT)" executed successfully
2026-04-13 02:59:50,246 [apscheduler.executors.default] INFO: Running job "TradingEngine._trading_cycle (trigger: interval[0:00:30], next run at: 2026-04-13 03:00:20 PKT)" (scheduled at 2026-04-13 02:59:50.148954+05:00)
2026-04-13 02:59:55,855 [apscheduler.executors.default] INFO: Job "TradingEngine._trading_cycle (trigger: interval[0:00:30], next run at: 2026-04-13 03:00:20 PKT)" executed successfully
2026-04-13 03:00:20,183 [apscheduler.executors.default] INFO: Running job "TradingEngine._trading_cycle (trigger: interval[0:00:30], next run at: 2026-04-13 03:00:50 PKT)" (scheduled at 2026-04-13 03:00:20.148954+05:00)
2026-04-13 03:00:24,469 [apscheduler.executors.default] INFO: Job "TradingEngine._trading_cycle (trigger: interval[0:00:30], next run at: 2026-04-13 03:00:50 PKT)" executed successfully
2026-04-13 03:00:50,156 [apscheduler.executors.default] INFO: Running job "TradingEngine._trading_cycle (trigger: interval[0:00:30], next run at: 2026-04-13 03:01:20 PKT)" (scheduled at 2026-04-13 03:00:50.148954+05:00)
2026-04-13 03:00:54,046 [apscheduler.executors.default] INFO: Job "TradingEngine._trading_cycle (trigger: interval[0:00:30], next run at: 2026-04-13 03:01:20 PKT)" executed successfully
2026-04-13 03:01:20,155 [apscheduler.executors.default] INFO: Running job "TradingEngine._trading_cycle (trigger: interval[0:00:30], next run at: 2026-04-13 03:01:50 PKT)" (scheduled at 2026-04-13 03:01:20.148954+05:00)
2026-04-13 03:16:59,918 [apscheduler.executors.default] INFO: Job "TradingEngine._trading_cycle (trigger: interval[0:00:30], next run at: 2026-04-13 03:01:50 PKT)" executed successfully
2026-04-13 03:17:15,496 [apscheduler.executors.default] WARNING: Run time of job "TradingEngine._trading_cycle (trigger: interval[0:00:30], next run at: 2026-04-13 03:17:20 PKT)" was missed by 0:00:25.347007
2026-04-13 03:17:20,156 [apscheduler.executors.default] INFO: Running job "TradingEngine._trading_cycle (trigger: interval[0:00:30], next run at: 2026-04-13 03:17:50 PKT)" (scheduled at 2026-04-13 03:17:20.148954+05:00)
2026-04-13 03:17:27,772 [apscheduler.executors.default] INFO: Job "TradingEngine._trading_cycle (trigger: interval[0:00:30], next run at: 2026-04-13 03:17:50 PKT)" executed successfully
2026-04-13 03:25:52,067 [apscheduler.executors.default] WARNING: Run time of job "TradingEngine._trading_cycle (trigger: interval[0:00:30], next run at: 2026-04-13 03:26:20 PKT)" was missed by 0:00:01.918863
2026-04-13 04:19:53,970 [apscheduler.executors.default] WARNING: Run time of job "TradingEngine._trading_cycle (trigger: interval[0:00:30], next run at: 2026-04-13 04:20:20 PKT)" was missed by 0:00:03.820678
2026-04-13 04:20:58,537 [apscheduler.executors.default] WARNING: Run time of job "TradingEngine._trading_cycle (trigger: interval[0:00:30], next run at: 2026-04-13 04:21:20 PKT)" was missed by 0:00:08.388401
2026-04-13 04:41:09,316 [apscheduler.executors.default] WARNING: Run time of job "TradingEngine._trading_cycle (trigger: interval[0:00:30], next run at: 2026-04-13 04:41:20 PKT)" was missed by 0:00:19.167471
2026-04-13 05:02:18,907 [apscheduler.executors.default] WARNING: Run time of job "TradingEngine._trading_cycle (trigger: interval[0:00:30], next run at: 2026-04-13 05:02:20 PKT)" was missed by 0:00:28.756282
2026-04-13 05:02:20,160 [apscheduler.executors.default] INFO: Running job "TradingEngine._trading_cycle (trigger: interval[0:00:30], next run at: 2026-04-13 05:02:50 PKT)" (scheduled at 2026-04-13 05:02:20.148954+05:00)
2026-04-13 05:26:06,493 [apscheduler.executors.default] INFO: Job "TradingEngine._trading_cycle (trigger: interval[0:00:30], next run at: 2026-04-13 05:02:50 PKT)" executed successfully
2026-04-13 05:38:29,153 [apscheduler.executors.default] WARNING: Run time of job "TradingEngine._trading_cycle (trigger: interval[0:00:30], next run at: 2026-04-13 05:38:50 PKT)" was missed by 0:00:09.000710
2026-04-13 06:03:16,428 [apscheduler.executors.default] WARNING: Run time of job "TradingEngine._trading_cycle (trigger: interval[0:00:30], next run at: 2026-04-13 06:03:20 PKT)" was missed by 0:00:26.278598
2026-04-13 06:03:20,164 [apscheduler.executors.default] INFO: Running job "TradingEngine._trading_cycle (trigger: interval[0:00:30], next run at: 2026-04-13 06:03:50 PKT)" (scheduled at 2026-04-13 06:03:20.148954+05:00)
2026-04-13 06:57:03,010 [apscheduler.scheduler] WARNING: Execution of job "TradingEngine._trading_cycle (trigger: interval[0:00:30], next run at: 2026-04-13 06:03:50 PKT)" skipped: maximum number of running instances reached (1)
2026-04-13 07:17:34,130 [apscheduler.scheduler] WARNING: Execution of job "TradingEngine._trading_cycle (trigger: interval[0:00:30], next run at: 2026-04-13 06:57:20 PKT)" skipped: maximum number of running instances reached (1)
2026-04-13 07:45:35,630 [apscheduler.scheduler] WARNING: Execution of job "TradingEngine._trading_cycle (trigger: interval[0:00:30], next run at: 2026-04-13 07:17:50 PKT)" skipped: maximum number of running instances reached (1)
2026-04-13 07:45:36,096 [apscheduler.executors.default] INFO: Job "TradingEngine._trading_cycle (trigger: interval[0:00:30], next run at: 2026-04-13 07:45:50 PKT)" executed successfully
2026-04-13 08:05:22,010 [apscheduler.executors.default] WARNING: Run time of job "TradingEngine._trading_cycle (trigger: interval[0:00:30], next run at: 2026-04-13 08:05:50 PKT)" was missed by 0:00:01.861595
2026-04-13 08:41:14,615 [apscheduler.executors.default] WARNING: Run time of job "TradingEngine._trading_cycle (trigger: interval[0:00:30], next run at: 2026-04-13 08:41:20 PKT)" was missed by 0:00:24.443016
2026-04-13 08:41:20,202 [apscheduler.executors.default] INFO: Running job "TradingEngine._trading_cycle (trigger: interval[0:00:30], next run at: 2026-04-13 08:41:50 PKT)" (scheduled at 2026-04-13 08:41:20.148954+05:00)
2026-04-13 08:41:29,754 [apscheduler.executors.default] INFO: Job "TradingEngine._trading_cycle (trigger: interval[0:00:30], next run at: 2026-04-13 08:41:50 PKT)" executed successfully
2026-04-13 09:01:12,331 [apscheduler.executors.default] WARNING: Run time of job "TradingEngine._evolution_cycle (trigger: interval[6:00:00], next run at: 2026-04-13 14:56:20 PKT)" was missed by 0:04:52.179692
2026-04-13 09:01:12,350 [apscheduler.executors.default] WARNING: Run time of job "TradingEngine._trading_cycle (trigger: interval[0:00:30], next run at: 2026-04-13 09:01:20 PKT)" was missed by 0:00:22.147962
2026-04-13 09:16:30,100 [apscheduler.executors.default] WARNING: Run time of job "TradingEngine._trading_cycle (trigger: interval[0:00:30], next run at: 2026-04-13 09:16:50 PKT)" was missed by 0:00:09.878665
2026-04-13 09:21:11,685 [apscheduler.executors.default] WARNING: Run time of job "TradingEngine._trading_cycle (trigger: interval[0:00:30], next run at: 2026-04-13 09:21:20 PKT)" was missed by 0:00:21.536247
2026-04-13 09:21:52,691 [apscheduler.executors.default] WARNING: Run time of job "TradingEngine._trading_cycle (trigger: interval[0:00:30], next run at: 2026-04-13 09:22:20 PKT)" was missed by 0:00:02.541972
2026-04-13 09:36:09,521 [apscheduler.executors.default] WARNING: Run time of job "TradingEngine._trading_cycle (trigger: interval[0:00:30], next run at: 2026-04-13 09:36:20 PKT)" was missed by 0:00:19.372228
2026-04-13 09:41:53,915 [apscheduler.executors.default] WARNING: Run time of job "TradingEngine._trading_cycle (trigger: interval[0:00:30], next run at: 2026-04-13 09:42:20 PKT)" was missed by 0:00:03.762728
2026-04-13 10:05:33,502 [apscheduler.executors.default] WARNING: Run time of job "TradingEngine._trading_cycle (trigger: interval[0:00:30], next run at: 2026-04-13 10:05:50 PKT)" was missed by 0:00:13.353242
2026-04-13 10:05:50,159 [apscheduler.executors.default] INFO: Running job "TradingEngine._trading_cycle (trigger: interval[0:00:30], next run at: 2026-04-13 10:06:20 PKT)" (scheduled at 2026-04-13 10:05:50.148954+05:00)
2026-04-13 10:11:36,845 [apscheduler.executors.default] INFO: Job "TradingEngine._trading_cycle (trigger: interval[0:00:30], next run at: 2026-04-13 10:06:20 PKT)" executed successfully
2026-04-13 10:42:22,049 [apscheduler.executors.default] WARNING: Run time of job "TradingEngine._trading_cycle (trigger: interval[0:00:30], next run at: 2026-04-13 10:42:50 PKT)" was missed by 0:00:01.899515
2026-04-13 12:01:16,143 [apscheduler.executors.default] WARNING: Run time of job "TradingEngine._trading_cycle (trigger: interval[0:00:30], next run at: 2026-04-13 12:01:20 PKT)" was missed by 0:00:25.990746
2026-04-13 12:01:20,162 [apscheduler.executors.default] INFO: Running job "TradingEngine._trading_cycle (trigger: interval[0:00:30], next run at: 2026-04-13 12:01:50 PKT)" (scheduled at 2026-04-13 12:01:20.148954+05:00)
2026-04-13 12:01:20,813 [apscheduler.executors.default] INFO: Job "TradingEngine._trading_cycle (trigger: interval[0:00:30], next run at: 2026-04-13 12:01:50 PKT)" executed successfully
2026-04-13 13:15:15,428 [apscheduler.executors.default] WARNING: Run time of job "TradingEngine._trading_cycle (trigger: interval[0:00:30], next run at: 2026-04-13 13:15:20 PKT)" was missed by 0:00:25.279229
2026-04-13 13:32:04,893 [apscheduler.executors.default] WARNING: Run time of job "TradingEngine._trading_cycle (trigger: interval[0:00:30], next run at: 2026-04-13 13:32:20 PKT)" was missed by 0:00:14.744266
2026-04-13 14:01:07,531 [apscheduler.executors.default] WARNING: Run time of job "TradingEngine._trading_cycle (trigger: interval[0:00:30], next run at: 2026-04-13 14:01:20 PKT)" was missed by 0:00:17.382419
2026-04-13 14:32:55,711 [apscheduler.executors.default] WARNING: Run time of job "TradingEngine._trading_cycle (trigger: interval[0:00:30], next run at: 2026-04-13 14:33:20 PKT)" was missed by 0:00:05.562485
2026-04-13 15:35:42,280 [apscheduler.executors.default] WARNING: Run time of job "TradingEngine._trading_cycle (trigger: interval[0:00:30], next run at: 2026-04-13 15:35:50 PKT)" was missed by 0:00:22.130912
2026-04-13 15:35:42,281 [apscheduler.executors.default] WARNING: Run time of job "TradingEngine._evolution_cycle (trigger: interval[6:00:00], next run at: 2026-04-13 20:56:20 PKT)" was missed by 0:39:22.130368
2026-04-13 15:47:19,701 [apscheduler.executors.default] WARNING: Run time of job "TradingEngine._trading_cycle (trigger: interval[0:00:30], next run at: 2026-04-13 15:47:20 PKT)" was missed by 0:00:29.552444
2026-04-13 15:47:20,159 [apscheduler.executors.default] INFO: Running job "TradingEngine._trading_cycle (trigger: interval[0:00:30], next run at: 2026-04-13 15:47:50 PKT)" (scheduled at 2026-04-13 15:47:20.148954+05:00)
2026-04-13 15:47:20,435 [apscheduler.executors.default] INFO: Job "TradingEngine._trading_cycle (trigger: interval[0:00:30], next run at: 2026-04-13 15:47:50 PKT)" executed successfully
2026-04-13 15:47:50,156 [apscheduler.executors.default] INFO: Running job "TradingEngine._trading_cycle (trigger: interval[0:00:30], next run at: 2026-04-13 15:48:20 PKT)" (scheduled at 2026-04-13 15:47:50.148954+05:00)
2026-04-13 15:47:50,561 [apscheduler.executors.default] INFO: Job "TradingEngine._trading_cycle (trigger: interval[0:00:30], next run at: 2026-04-13 15:48:20 PKT)" executed successfully
2026-04-13 15:54:36,402 [apscheduler.executors.default] WARNING: Run time of job "TradingEngine._trading_cycle (trigger: interval[0:00:30], next run at: 2026-04-13 15:54:50 PKT)" was missed by 0:00:16.253622
2026-04-13 15:54:52,430 [apscheduler.executors.default] WARNING: Run time of job "TradingEngine._trading_cycle (trigger: interval[0:00:30], next run at: 2026-04-13 15:55:20 PKT)" was missed by 0:00:02.281434
2026-04-13 15:55:23,448 [apscheduler.executors.default] WARNING: Run time of job "TradingEngine._trading_cycle (trigger: interval[0:00:30], next run at: 2026-04-13 15:55:50 PKT)" was missed by 0:00:03.299430
2026-04-13 15:55:52,922 [apscheduler.executors.default] WARNING: Run time of job "TradingEngine._trading_cycle (trigger: interval[0:00:30], next run at: 2026-04-13 15:56:20 PKT)" was missed by 0:00:02.772919
2026-04-13 15:56:23,516 [apscheduler.executors.default] WARNING: Run time of job "TradingEngine._trading_cycle (trigger: interval[0:00:30], next run at: 2026-04-13 15:56:50 PKT)" was missed by 0:00:03.367116
2026-04-13 15:56:52,963 [apscheduler.executors.default] WARNING: Run time of job "TradingEngine._trading_cycle (trigger: interval[0:00:30], next run at: 2026-04-13 15:57:20 PKT)" was missed by 0:00:02.813851
2026-04-13 15:57:22,887 [apscheduler.executors.default] WARNING: Run time of job "TradingEngine._trading_cycle (trigger: interval[0:00:30], next run at: 2026-04-13 15:57:50 PKT)" was missed by 0:00:02.738155
2026-04-13 15:57:52,931 [apscheduler.executors.default] WARNING: Run time of job "TradingEngine._trading_cycle (trigger: interval[0:00:30], next run at: 2026-04-13 15:58:20 PKT)" was missed by 0:00:02.782289
2026-04-13 15:58:23,836 [apscheduler.executors.default] WARNING: Run time of job "TradingEngine._trading_cycle (trigger: interval[0:00:30], next run at: 2026-04-13 15:58:50 PKT)" was missed by 0:00:03.687307
2026-04-13 15:58:53,544 [apscheduler.executors.default] WARNING: Run time of job "TradingEngine._trading_cycle (trigger: interval[0:00:30], next run at: 2026-04-13 15:59:20 PKT)" was missed by 0:00:03.393883
2026-04-13 15:59:23,401 [apscheduler.executors.default] WARNING: Run time of job "TradingEngine._trading_cycle (trigger: interval[0:00:30], next run at: 2026-04-13 15:59:50 PKT)" was missed by 0:00:03.252182
2026-04-13 15:59:53,261 [apscheduler.executors.default] WARNING: Run time of job "TradingEngine._trading_cycle (trigger: interval[0:00:30], next run at: 2026-04-13 16:00:20 PKT)" was missed by 0:00:03.112255
2026-04-13 16:00:23,385 [apscheduler.executors.default] WARNING: Run time of job "TradingEngine._trading_cycle (trigger: interval[0:00:30], next run at: 2026-04-13 16:00:50 PKT)" was missed by 0:00:03.236401
2026-04-13 16:00:52,757 [apscheduler.executors.default] WARNING: Run time of job "TradingEngine._trading_cycle (trigger: interval[0:00:30], next run at: 2026-04-13 16:01:20 PKT)" was missed by 0:00:02.607729
2026-04-13 16:01:23,382 [apscheduler.executors.default] WARNING: Run time of job "TradingEngine._trading_cycle (trigger: interval[0:00:30], next run at: 2026-04-13 16:01:50 PKT)" was missed by 0:00:03.233810
2026-04-13 16:01:53,348 [apscheduler.executors.default] WARNING: Run time of job "TradingEngine._trading_cycle (trigger: interval[0:00:30], next run at: 2026-04-13 16:02:20 PKT)" was missed by 0:00:03.198894
2026-04-13 16:02:23,392 [apscheduler.executors.default] WARNING: Run time of job "TradingEngine._trading_cycle (trigger: interval[0:00:30], next run at: 2026-04-13 16:02:50 PKT)" was missed by 0:00:03.243264
2026-04-13 16:02:53,228 [apscheduler.executors.default] WARNING: Run time of job "TradingEngine._trading_cycle (trigger: interval[0:00:30], next run at: 2026-04-13 16:03:20 PKT)" was missed by 0:00:03.079329
2026-04-13 16:03:22,954 [apscheduler.executors.default] WARNING: Run time of job "TradingEngine._trading_cycle (trigger: interval[0:00:30], next run at: 2026-04-13 16:03:50 PKT)" was missed by 0:00:02.805274
2026-04-13 16:03:53,379 [apscheduler.executors.default] WARNING: Run time of job "TradingEngine._trading_cycle (trigger: interval[0:00:30], next run at: 2026-04-13 16:04:20 PKT)" was missed by 0:00:03.230534
2026-04-13 16:04:22,660 [apscheduler.executors.default] WARNING: Run time of job "TradingEngine._trading_cycle (trigger: interval[0:00:30], next run at: 2026-04-13 16:04:50 PKT)" was missed by 0:00:02.511270
2026-04-13 16:04:52,983 [apscheduler.executors.default] WARNING: Run time of job "TradingEngine._trading_cycle (trigger: interval[0:00:30], next run at: 2026-04-13 16:05:20 PKT)" was missed by 0:00:02.834763
2026-04-13 16:05:23,437 [apscheduler.executors.default] WARNING: Run time of job "TradingEngine._trading_cycle (trigger: interval[0:00:30], next run at: 2026-04-13 16:05:50 PKT)" was missed by 0:00:03.288392
2026-04-13 16:05:53,374 [apscheduler.executors.default] WARNING: Run time of job "TradingEngine._trading_cycle (trigger: interval[0:00:30], next run at: 2026-04-13 16:06:20 PKT)" was missed by 0:00:03.224945
2026-04-13 16:06:23,649 [apscheduler.executors.default] WARNING: Run time of job "TradingEngine._trading_cycle (trigger: interval[0:00:30], next run at: 2026-04-13 16:06:50 PKT)" was missed by 0:00:03.500869
2026-04-13 16:06:53,462 [apscheduler.executors.default] WARNING: Run time of job "TradingEngine._trading_cycle (trigger: interval[0:00:30], next run at: 2026-04-13 16:07:20 PKT)" was missed by 0:00:03.313138
2026-04-13 16:07:23,631 [apscheduler.executors.default] WARNING: Run time of job "TradingEngine._trading_cycle (trigger: interval[0:00:30], next run at: 2026-04-13 16:07:50 PKT)" was missed by 0:00:03.482581
2026-04-13 16:07:53,529 [apscheduler.executors.default] WARNING: Run time of job "TradingEngine._trading_cycle (trigger: interval[0:00:30], next run at: 2026-04-13 16:08:20 PKT)" was missed by 0:00:03.380621
2026-04-13 16:08:22,961 [apscheduler.executors.default] WARNING: Run time of job "TradingEngine._trading_cycle (trigger: interval[0:00:30], next run at: 2026-04-13 16:08:50 PKT)" was missed by 0:00:02.812258
2026-04-13 16:08:53,951 [apscheduler.executors.default] WARNING: Run time of job "TradingEngine._trading_cycle (trigger: interval[0:00:30], next run at: 2026-04-13 16:09:20 PKT)" was missed by 0:00:03.802187
2026-04-13 16:09:23,816 [apscheduler.executors.default] WARNING: Run time of job "TradingEngine._trading_cycle (trigger: interval[0:00:30], next run at: 2026-04-13 16:09:50 PKT)" was missed by 0:00:03.667775
2026-04-13 16:09:53,361 [apscheduler.executors.default] WARNING: Run time of job "TradingEngine._trading_cycle (trigger: interval[0:00:30], next run at: 2026-04-13 16:10:20 PKT)" was missed by 0:00:03.212725
2026-04-13 16:10:23,057 [apscheduler.executors.default] WARNING: Run time of job "TradingEngine._trading_cycle (trigger: interval[0:00:30], next run at: 2026-04-13 16:10:50 PKT)" was missed by 0:00:02.908316
2026-04-13 16:10:52,925 [apscheduler.executors.default] WARNING: Run time of job "TradingEngine._trading_cycle (trigger: interval[0:00:30], next run at: 2026-04-13 16:11:20 PKT)" was missed by 0:00:02.775865
2026-04-13 16:11:23,163 [apscheduler.executors.default] WARNING: Run time of job "TradingEngine._trading_cycle (trigger: interval[0:00:30], next run at: 2026-04-13 16:11:50 PKT)" was missed by 0:00:03.009681
2026-04-13 16:11:53,239 [apscheduler.executors.default] WARNING: Run time of job "TradingEngine._trading_cycle (trigger: interval[0:00:30], next run at: 2026-04-13 16:12:20 PKT)" was missed by 0:00:03.090512
2026-04-13 16:12:23,066 [apscheduler.executors.default] WARNING: Run time of job "TradingEngine._trading_cycle (trigger: interval[0:00:30], next run at: 2026-04-13 16:12:50 PKT)" was missed by 0:00:02.917039
2026-04-13 16:12:52,897 [apscheduler.executors.default] WARNING: Run time of job "TradingEngine._trading_cycle (trigger: interval[0:00:30], next run at: 2026-04-13 16:13:20 PKT)" was missed by 0:00:02.747898
2026-04-13 16:13:23,031 [apscheduler.executors.default] WARNING: Run time of job "TradingEngine._trading_cycle (trigger: interval[0:00:30], next run at: 2026-04-13 16:13:50 PKT)" was missed by 0:00:02.881922
2026-04-13 16:13:53,102 [apscheduler.executors.default] WARNING: Run time of job "TradingEngine._trading_cycle (trigger: interval[0:00:30], next run at: 2026-04-13 16:14:20 PKT)" was missed by 0:00:02.952511
2026-04-13 16:14:23,029 [apscheduler.executors.default] WARNING: Run time of job "TradingEngine._trading_cycle (trigger: interval[0:00:30], next run at: 2026-04-13 16:14:50 PKT)" was missed by 0:00:02.880060
2026-04-13 16:14:53,352 [apscheduler.executors.default] WARNING: Run time of job "TradingEngine._trading_cycle (trigger: interval[0:00:30], next run at: 2026-04-13 16:15:20 PKT)" was missed by 0:00:03.202918
2026-04-13 16:15:22,675 [apscheduler.executors.default] WARNING: Run time of job "TradingEngine._trading_cycle (trigger: interval[0:00:30], next run at: 2026-04-13 16:15:50 PKT)" was missed by 0:00:02.526525
2026-04-13 16:15:53,656 [apscheduler.executors.default] WARNING: Run time of job "TradingEngine._trading_cycle (trigger: interval[0:00:30], next run at: 2026-04-13 16:16:20 PKT)" was missed by 0:00:03.507389
2026-04-13 16:16:22,908 [apscheduler.executors.default] WARNING: Run time of job "TradingEngine._trading_cycle (trigger: interval[0:00:30], next run at: 2026-04-13 16:16:50 PKT)" was missed by 0:00:02.759700
2026-04-13 16:16:53,389 [apscheduler.executors.default] WARNING: Run time of job "TradingEngine._trading_cycle (trigger: interval[0:00:30], next run at: 2026-04-13 16:17:20 PKT)" was missed by 0:00:03.239951
2026-04-13 16:17:23,454 [apscheduler.executors.default] WARNING: Run time of job "TradingEngine._trading_cycle (trigger: interval[0:00:30], next run at: 2026-04-13 16:17:50 PKT)" was missed by 0:00:03.197674
2026-04-13 16:17:53,451 [apscheduler.executors.default] WARNING: Run time of job "TradingEngine._trading_cycle (trigger: interval[0:00:30], next run at: 2026-04-13 16:18:20 PKT)" was missed by 0:00:03.300398
2026-04-13 16:18:24,166 [apscheduler.executors.default] WARNING: Run time of job "TradingEngine._trading_cycle (trigger: interval[0:00:30], next run at: 2026-04-13 16:18:50 PKT)" was missed by 0:00:04.015578
2026-04-13 22:15:07,672 [apscheduler.executors.default] WARNING: Run time of job "TradingEngine._evolution_cycle (trigger: interval[6:00:00], next run at: 2026-04-14 02:56:20 PKT)" was missed by 1:18:47.466865
2026-04-13 22:15:07,642 [apscheduler.executors.default] WARNING: Run time of job "TradingEngine._trading_cycle (trigger: interval[0:00:30], next run at: 2026-04-13 22:15:20 PKT)" was missed by 0:00:17.459093
2026-04-13 22:15:21,130 [apscheduler.executors.default] INFO: Running job "TradingEngine._trading_cycle (trigger: interval[0:00:30], next run at: 2026-04-13 22:15:50 PKT)" (scheduled at 2026-04-13 22:15:20.148954+05:00)
2026-04-13 22:15:50,262 [apscheduler.scheduler] WARNING: Execution of job "TradingEngine._trading_cycle (trigger: interval[0:00:30], next run at: 2026-04-13 22:15:50 PKT)" skipped: maximum number of running instances reached (1)
2026-04-13 22:16:20,577 [apscheduler.scheduler] WARNING: Execution of job "TradingEngine._trading_cycle (trigger: interval[0:00:30], next run at: 2026-04-13 22:16:20 PKT)" skipped: maximum number of running instances reached (1)
2026-04-14 02:40:40,426 [evotrade.main] INFO: EvoTrade AI FastAPI started ✅
